{
  "sharpe": 20.695710006900974,
  "cagr": 2.1287331984169575,
  "max_drawdown": -0.016907903318263664,
  "volatility": 0.1004427099975698,
  "total_return": 6.806379387223312,
  "final_equity": 780637.9387223312,
  "trading_days": 454,
  "opportunities_per_day": 414.01762114537445,
  "var_95": -0.004547834224847287,
  "cvar_95": -0.007355847990784465,
  "win_rate": 0.7995594713656388,
  "profit_factor": 8.192717668034934,
  "calmar": 125.90166612305688,
  "sortino": 46.0955537736964,
  "targets_met": 4
}