{
  "sharpe": 1.316140575626925,
  "cagr": 0.10952738361600312,
  "max_drawdown": -0.0438896506817012,
  "volatility": 0.04522874282456346,
  "total_return": 0.20592442953205192,
  "final_equity": 120592.4429532052,
  "trading_days": 454,
  "opportunities_per_day": 194.16740088105726,
  "var_95": -0.003792796162000448,
  "cvar_95": -0.006219163806509909,
  "win_rate": 0.6497797356828194,
  "profit_factor": 1.5930906649478644,
  "calmar": 2.4955173238976838,
  "sortino": 1.6930749839184904,
  "layer1_total_return": 0.27350697215863384,
  "layer2_total_return": 0.08668050184277387,
  "targets_met": 2
}