{
  "full_period": {
    "n_days": 1194,
    "years": 4.738095238095238,
    "total_return": 1.3166455109441415,
    "ann_return": 0.19400333633287614,
    "sharpe": 0.9918155892776203,
    "max_dd": -0.3015882267110966,
    "win_rate": 0.5552763819095478,
    "calmar": 0.643272247224424,
    "sortino": 1.4093605026391292,
    "final_capital": 231664.55109441414,
    "n_trades": 41,
    "total_costs": 223.91251581504747
  },
  "benchmarks": {
    "spy": {
      "return": 1.4471287129476629,
      "sharpe": 1.1628435853157166,
      "max_dd": -0.24496381587033575
    },
    "qqq": {
      "return": 1.7863464786898144,
      "sharpe": 1.049994945147198,
      "max_dd": -0.351187361964528
    },
    "v30": {
      "sharpe": 1.29,
      "return": 0.122,
      "max_dd": -0.083
    }
  },
  "risk_metrics": {
    "alpha": -0.03842767997418874,
    "beta": 1.103135704626512,
    "up_capture": 1.1020153549845435,
    "down_capture": 1.1440894467215952
  },
  "statistical_test": {
    "t_stat": 2.1579972238928744,
    "p_value": 0.031127097852135636,
    "significant_05": true,
    "significant_01": false
  }
}