{
  "timestamp": "2026-01-21T22:18:50.340303",
  "strategy": "momentum_regime_filter",
  "mean_sharpe": -3.219739913884278,
  "sharpe_std": 8.551598824839449,
  "max_dd": 0.08005003911483942,
  "mean_wr": 0.45999999999999996,
  "avg_trades": 16.1,
  "avg_skipped": 4.3,
  "window_sharpes": [
    3.7191559688145315,
    0.3266885474508925,
    6.278872995040899,
    -4.297192987822888,
    -0.6954867528254566,
    -4.31496661878774,
    -12.82458263194011,
    -0.18254751553482712,
    -23.803351376214064,
    3.596011232975981
  ]
}