{
  "timestamp": "2026-01-21T22:13:27.577912",
  "strategy": "multi_asset_diversification",
  "n_assets": 10,
  "mean_sharpe": 0.40978098342726466,
  "sharpe_std": 3.0460849410771518,
  "max_dd": 0.06472822636115294,
  "mean_win_rate": 0.5262068812627472,
  "window_sharpes": [
    -1.1778189962732095,
    -0.6114230408468379,
    5.546125159085011,
    2.7158296055525804,
    3.4539514885166893,
    0.4795725350738416,
    1.3902643272861783,
    -6.2819425314493955,
    -0.6369154525740746,
    -0.779833260098138
  ]
}