{
  "timestamp": "2026-01-21T22:32:43.537786",
  "v30": {
    "sharpe_mean": 1.2919260259857464,
    "sharpe_std": 2.868672814305752,
    "max_dd": 0.033985016372321424,
    "avg_wr": 0.5833333333333334,
    "window_sharpes": [
      0.10692927345616166,
      1.4782447806863053,
      4.350116182544373,
      2.7358446825025324,
      5.2551422703770685,
      -1.8702546128274211,
      2.1386280137589733,
      -3.859242382612022
    ]
  },
  "v35": {
    "sharpe_mean": 1.2919260259857464,
    "sharpe_std": 2.868672814305752,
    "max_dd": 0.033985016372321424,
    "avg_wr": 0.5833333333333334,
    "window_sharpes": [
      0.10692927345616166,
      1.4782447806863053,
      4.350116182544373,
      2.7358446825025324,
      5.2551422703770685,
      -1.8702546128274211,
      2.1386280137589733,
      -3.859242382612022
    ],
    "confidence_threshold": 0.0003
  },
  "comparison": {
    "t_statistic": 0.0,
    "p_value": 1.0,
    "variance_reduction_pct": 0.0
  }
}