
Universe : 15 stocks → 105 stat-arb pairs
Period   : 2024-01-01 → 2024-06-30
Capital  : $100,000
ML       : disabled
Stocks   : AAPL, MSFT, NVDA, JNJ, UNH, JPM, GS, AMZN, TSLA, XOM, CAT, PG, GOOGL, LIN, NEE
----------------------------------------------------------------------

==============================================================
  ATNN QUANT POWERHOUSE — BACKTEST
==============================================================
  Period   : 2024-01-01 → 2024-06-30
  Universe : 15 symbols
  Capital  : $100,000
  ML       : disabled
==============================================================

{"event": "info", "message": "AlpacaDataProvider initialised", "metadata": {"base_url": "https://paper-api.alpaca.markets", "has_credentials": false}, "ts": "2026-06-21T16:03:31.369776+00:00", "session_id": "5858b336", "level": "INFO"}
{"event": "info", "message": "YFinanceDataProvider initialised (FALLBACK mode)", "metadata": {"warning": "YFinanceDataProvider is a FALLBACK \u2014 not suitable for real-time production signals.  Use AlpacaDataProvider in live/paper mode."}, "ts": "2026-06-21T16:03:31.568279+00:00", "session_id": "5858b336", "level": "INFO"}
{"event": "info", "message": "DataManager initialised", "metadata": {"mode": "backtest", "provider": "AlpacaDataProvider", "fallback": "YFinanceDataProvider"}, "ts": "2026-06-21T16:03:31.568610+00:00", "session_id": "5858b336", "level": "INFO"}
[Backtester] Starting backtest: ['AAPL', 'MSFT', 'NVDA', 'JNJ', 'UNH', 'JPM', 'GS', 'AMZN', 'TSLA', 'XOM', 'CAT', 'PG', 'GOOGL', 'LIN', 'NEE'] | 2024-01-01 → 2024-06-30
[Backtester] Loading data for 16 symbols ...
{"event": "info", "message": "DataManager: loading backtest data", "metadata": {"symbols": ["AAPL", "MSFT", "NVDA", "JNJ", "UNH", "JPM", "GS", "AMZN", "TSLA", "XOM", "CAT", "PG", "GOOGL", "LIN", "NEE", "SPY"], "start": "2022-11-24T00:00:00+00:00", "end": "2024-06-30T00:00:00+00:00", "timeframe": "1D"}, "ts": "2026-06-21T16:03:31.569421+00:00", "session_id": "5858b336", "level": "INFO"}
{"event": "info", "message": "Alpaca: fetching bars", "metadata": {"symbols": ["AAPL", "MSFT", "NVDA", "JNJ", "UNH", "JPM", "GS", "AMZN", "TSLA", "XOM", "CAT", "PG", "GOOGL", "LIN", "NEE", "SPY"], "start": "2022-11-24T00:00:00+00:00", "end": "2024-06-30T00:00:00+00:00", "timeframe": "1D"}, "ts": "2026-06-21T16:03:31.569641+00:00", "session_id": "5858b336", "level": "INFO"}
{"event": "error", "message": "Alpaca get_bars failed for ['AAPL', 'MSFT', 'NVDA', 'JNJ', 'UNH', 'JPM', 'GS', 'AMZN', 'TSLA', 'XOM', 'CAT', 'PG', 'GOOGL', 'LIN', 'NEE', 'SPY']: AlpacaDataProvider requires api_key and secret_key. Set ALPACA_API_KEY / ALPACA_API_SECRET environment variables, or pass them to the constructor.", "exception": "RuntimeError('AlpacaDataProvider requires api_key and secret_key. Set ALPACA_API_KEY / ALPACA_API_SECRET environment variables, or pass them to the constructor.')", "ts": "2026-06-21T16:03:31.569885+00:00", "session_id": "5858b336", "level": "ERROR"}
{"event": "error", "message": "Primary provider failed for ['AAPL', 'MSFT', 'NVDA', 'JNJ', 'UNH', 'JPM', 'GS', 'AMZN', 'TSLA', 'XOM', 'CAT', 'PG', 'GOOGL', 'LIN', 'NEE', 'SPY']: AlpacaDataProvider.get_bars failed: AlpacaDataProvider requires api_key and secret_key. Set ALPACA_API_KEY / ALPACA_API_SECRET environment variables, or pass them to the constructor.; attempting fallback.", "exception": "RuntimeError('AlpacaDataProvider.get_bars failed: AlpacaDataProvider requires api_key and secret_key. Set ALPACA_API_KEY / ALPACA_API_SECRET environment variables, or pass them to the constructor.')", "ts": "2026-06-21T16:03:31.570047+00:00", "session_id": "5858b336", "level": "ERROR"}
{"event": "info", "message": "DataManager: using YFinance FALLBACK", "metadata": {"symbols": ["AAPL", "MSFT", "NVDA", "JNJ", "UNH", "JPM", "GS", "AMZN", "TSLA", "XOM", "CAT", "PG", "GOOGL", "LIN", "NEE", "SPY"]}, "ts": "2026-06-21T16:03:31.570169+00:00", "session_id": "5858b336", "level": "INFO"}
{"event": "info", "message": "YFinance (FALLBACK): fetching bars \u2014 WARNING: not for production", "metadata": {"symbols": ["AAPL", "MSFT", "NVDA", "JNJ", "UNH", "JPM", "GS", "AMZN", "TSLA", "XOM", "CAT", "PG", "GOOGL", "LIN", "NEE", "SPY"], "start": "2022-11-24 00:00:00+00:00", "end": "2024-06-30 00:00:00+00:00", "timeframe": "1D"}, "ts": "2026-06-21T16:03:31.570309+00:00", "session_id": "5858b336", "level": "INFO"}
/workspaces/Algebraic-Topology-Neural-Net-Strategy/data/data_manager.py:266: UserWarning: YFinanceDataProvider is a FALLBACK — not suitable for real-time production signals.  Use AlpacaDataProvider in live/paper mode.
  df = self._fetch_bars_with_fallback(symbols, start, end, timeframe)
{"event": "info", "message": "DataManager: backtest data loaded", "metadata": {"total_bars": 399, "symbols": ["AAPL", "MSFT", "NVDA", "JNJ", "UNH", "JPM", "GS", "AMZN", "TSLA", "XOM", "CAT", "PG", "GOOGL", "LIN", "NEE", "SPY"]}, "ts": "2026-06-21T16:03:33.789678+00:00", "session_id": "5858b336", "level": "INFO"}
[Backtester] Loaded 399 total bars.
[Backtester] Warmup ends at bar 274 (2023-12-29 05:00:00+00:00).
[Backtester] Calling StatArbStrategy.find_pairs() with 275 warmup bars, 15 symbols: ['AAPL', 'MSFT', 'NVDA', 'JNJ', 'UNH', 'JPM', 'GS', 'AMZN', 'TSLA', 'XOM', 'CAT', 'PG', 'GOOGL', 'LIN', 'NEE']
[Backtester] StatArbStrategy.find_pairs() found 0 cointegrated pairs.
  [warmup 50/274] equity=100,000
Model is not converging.  Current: 361.32430927140217 is not greater than 361.49119259920764. Delta is -0.1668833278054649
  [warmup 100/274] equity=100,000
  [warmup 150/274] equity=100,000
  [warmup 200/274] equity=100,000
  [warmup 250/274] equity=100,000
Model is not converging.  Current: 1410.1662984968802 is not greater than 1410.1723816073934. Delta is -0.006083110513145584
StatArbStrategy.generate_signals: no pairs loaded. Call find_pairs() first.
{"event": "signal", "strategy": "momentum", "symbol": "AAPL", "direction": "BUY", "strength": 0.49877, "metadata": {"rank": 0.8666666666666667, "sector": "Technology", "fallback": true}, "ts": "2026-06-21T16:03:37.828717+00:00", "session_id": "5858b336", "level": "INFO"}
{"event": "signal", "strategy": "momentum", "symbol": "MSFT", "direction": "BUY", "strength": 0.469954, "metadata": {"rank": 0.9333333333333333, "sector": "Technology", "fallback": true}, "ts": "2026-06-21T16:03:37.829016+00:00", "session_id": "5858b336", "level": "INFO"}
{"event": "signal", "strategy": "momentum", "symbol": "NVDA", "direction": "BUY", "strength": 0.296271, "metadata": {"rank": 1.0, "sector": "Technology", "fallback": true}, "ts": "2026-06-21T16:03:37.829253+00:00", "session_id": "5858b336", "level": "INFO"}
{"event": "signal", "strategy": "momentum", "symbol": "JNJ", "direction": "SELL", "strength": 0.570805, "metadata": {"rank": 0.13333333333333333, "sector": "Healthcare", "fallback": true}, "ts": "2026-06-21T16:03:37.829731+00:00", "session_id": "5858b336", "level": "INFO"}
{"event": "signal", "strategy": "momentum", "symbol": "AMZN", "direction": "BUY", "strength": 0.281435, "metadata": {"rank": 0.8, "sector": "Consumer Discretionary", "fallback": true}, "ts": "2026-06-21T16:03:37.830524+00:00", "session_id": "5858b336", "level": "INFO"}
{"event": "signal", "strategy": "momentum", "symbol": "XOM", "direction": "SELL", "strength": 0.359521, "metadata": {"rank": 0.2, "sector": "Energy", "fallback": true}, "ts": "2026-06-21T16:03:37.831014+00:00", "session_id": "5858b336", "level": "INFO"}
MeanReversion: no volume data supplied — volume filter bypassed
{"event": "signal", "strategy": "mean_reversion", "symbol": "JPM", "direction": "SELL", "strength": 0.882859, "metadata": {"z": 1.9824, "rsi": 87.34, "rv": 0.1127}, "ts": "2026-06-21T16:03:37.865074+00:00", "session_id": "5858b336", "level": "INFO"}
{"event": "signal", "strategy": "mean_reversion", "symbol": "GS", "direction": "SELL", "strength": 0.639104, "metadata": {"z": 1.8036, "rsi": 79.55, "rv": 0.2573}, "ts": "2026-06-21T16:03:37.867677+00:00", "session_id": "5858b336", "level": "INFO"}
{"event": "signal", "strategy": "mean_reversion", "symbol": "CAT", "direction": "SELL", "strength": 0.575703, "metadata": {"z": 1.7256, "rsi": 82.33, "rv": 0.2605}, "ts": "2026-06-21T16:03:37.875265+00:00", "session_id": "5858b336", "level": "INFO"}
{"event": "info", "message": "SignalGenerator: 9 raw \u2192 5 combined signals", "metadata": {"regime": "BEAR", "n_strategies": 4, "allocations": {"stat_arb": 0.25, "momentum": 0.15, "factor_model": 0.25, "mean_reversion": 0.3}}, "ts": "2026-06-21T16:03:37.881813+00:00", "session_id": "5858b336", "level": "INFO"}
{"event": "risk_event", "event_type": "trade_rejected", "details": {"symbol": "JNJ", "side": "sell", "qty": 114, "reason": "Individual short position 16.96% exceeds limit 5%", "strategy": "combined"}, "ts": "2026-06-21T16:03:37.892902+00:00", "session_id": "5858b336", "level": "WARNING"}
{"event": "risk_event", "event_type": "trade_rejected", "details": {"symbol": "XOM", "side": "sell", "qty": 143, "reason": "Individual short position 13.47% exceeds limit 5%", "strategy": "combined"}, "ts": "2026-06-21T16:03:37.893099+00:00", "session_id": "5858b336", "level": "WARNING"}
{"event": "risk_event", "event_type": "trade_rejected", "details": {"symbol": "JPM", "side": "sell", "qty": 114, "reason": "Individual short position 18.58% exceeds limit 5%", "strategy": "combined"}, "ts": "2026-06-21T16:03:37.893255+00:00", "session_id": "5858b336", "level": "WARNING"}
  [bar 276] 2024-01-02 05:00:00+00:00 | 5 signals | equity=100,000 | regime=BEAR
StatArbStrategy.generate_signals: no pairs loaded. Call find_pairs() first.
{"event": "signal", "strategy": "momentum", "symbol": "AAPL", "direction": "BUY", "strength": 1.0, "metadata": {"rank": 0.9333333333333333, "sector": "Technology", "fallback": true}, "ts": "2026-06-21T16:03:38.124519+00:00", "session_id": "5858b336", "level": "INFO"}
{"event": "signal", "strategy": "momentum", "symbol": "MSFT", "direction": "BUY", "strength": 0.896379, "metadata": {"rank": 0.8666666666666667, "sector": "Technology", "fallback": true}, "ts": "2026-06-21T16:03:38.124798+00:00", "session_id": "5858b336", "level": "INFO"}
{"event": "signal", "strategy": "momentum", "symbol": "NVDA", "direction": "BUY", "strength": 0.59634, "metadata": {"rank": 1.0, "sector": "Technology", "fallback": true}, "ts": "2026-06-21T16:03:38.125011+00:00", "session_id": "5858b336", "level": "INFO"}
{"event": "signal", "strategy": "momentum", "symbol": "JNJ", "direction": "SELL", "strength": 1.0, "metadata": {"rank": 0.13333333333333333, "sector": "Healthcare", "fallback": true}, "ts": "2026-06-21T16:03:38.125512+00:00", "session_id": "5858b336", "level": "INFO"}
{"event": "signal", "strategy": "momentum", "symbol": "TSLA", "direction": "BUY", "strength": 0.350934, "metadata": {"rank": 0.8, "sector": "Consumer Discretionary", "fallback": true}, "ts": "2026-06-21T16:03:38.126315+00:00", "session_id": "5858b336", "level": "INFO"}
{"event": "signal", "strategy": "momentum", "symbol": "XOM", "direction": "SELL", "strength": 0.724661, "metadata": {"rank": 0.2, "sector": "Energy", "fallback": true}, "ts": "2026-06-21T16:03:38.126770+00:00", "session_id": "5858b336", "level": "INFO"}
MeanReversion: no volume data supplied — volume filter bypassed
{"event": "signal", "strategy": "mean_reversion", "symbol": "JPM", "direction": "SELL", "strength": 0.732007, "metadata": {"z": 1.8174, "rsi": 82.35, "rv": 0.1166}, "ts": "2026-06-21T16:03:38.151557+00:00", "session_id": "5858b336", "level": "INFO"}
{"event": "signal", "strategy": "mean_reversion", "symbol": "GS", "direction": "SELL", "strength": 0.411728, "metadata": {"z": 1.5226, "rsi": 71.62, "rv": 0.2692}, "ts": "2026-06-21T16:03:38.153955+00:00", "session_id": "5858b336", "level": "INFO"}
{"event": "signal", "strategy": "mean_reversion", "symbol": "CAT", "direction": "SELL", "strength": 0.200887, "metadata": {"z": 1.2583, "rsi": 70.04, "rv": 0.2858}, "ts": "2026-06-21T16:03:38.162707+00:00", "session_id": "5858b336", "level": "INFO"}
{"event": "info", "message": "SignalGenerator: 9 raw \u2192 8 combined signals", "metadata": {"regime": "SIDEWAYS", "n_strategies": 4, "allocations": {"stat_arb": 0.25, "momentum": 0.3, "factor_model": 0.25, "mean_reversion": 0.18}}, "ts": "2026-06-21T16:03:38.171680+00:00", "session_id": "5858b336", "level": "INFO"}
{"event": "order", "order_id": "9a620677-eb6", "symbol": "AAPL", "side": "buy", "qty": 92, "price": 0.0, "status": "submitted", "metadata": {"order_type": "market", "strategy": "combined"}, "ts": "2026-06-21T16:03:38.186011+00:00", "session_id": "5858b336", "level": "INFO"}
{"event": "order", "order_id": "d44b6c74-384", "symbol": "MSFT", "side": "buy", "qty": 35, "price": 0.0, "status": "submitted", "metadata": {"order_type": "market", "strategy": "combined"}, "ts": "2026-06-21T16:03:38.186255+00:00", "session_id": "5858b336", "level": "INFO"}
{"event": "order", "order_id": "8393ee3a-efa", "symbol": "NVDA", "side": "buy", "qty": 109, "price": 0.0, "status": "submitted", "metadata": {"order_type": "market", "strategy": "combined"}, "ts": "2026-06-21T16:03:38.186424+00:00", "session_id": "5858b336", "level": "INFO"}
{"event": "risk_event", "event_type": "trade_rejected", "details": {"symbol": "JNJ", "side": "sell", "qty": 133, "reason": "Individual short position 19.91% exceeds limit 5%", "strategy": "combined"}, "ts": "2026-06-21T16:03:38.186560+00:00", "session_id": "5858b336", "level": "WARNING"}
{"event": "order", "order_id": "6a83dda4-4cc", "symbol": "TSLA", "side": "buy", "qty": 13, "price": 0.0, "status": "submitted", "metadata": {"order_type": "market", "strategy": "combined"}, "ts": "2026-06-21T16:03:38.186697+00:00", "session_id": "5858b336", "level": "INFO"}
{"event": "risk_event", "event_type": "trade_rejected", "details": {"symbol": "XOM", "side": "sell", "qty": 151, "reason": "Individual short position 14.34% exceeds limit 5%", "strategy": "combined"}, "ts": "2026-06-21T16:03:38.186826+00:00", "session_id": "5858b336", "level": "WARNING"}
{"event": "risk_event", "event_type": "trade_rejected", "details": {"symbol": "JPM", "side": "sell", "qty": 123, "reason": "Individual short position 19.96% exceeds limit 5%", "strategy": "combined"}, "ts": "2026-06-21T16:03:38.186945+00:00", "session_id": "5858b336", "level": "WARNING"}
  [bar 277] 2024-01-03 05:00:00+00:00 | 8 signals | equity=100,000 | regime=SIDEWAYS
{"event": "fill", "order_id": "9a620677-eb6", "fill_price": 180.23755547300297, "fill_qty": 92, "slippage_bps": 7.0143, "metadata": {"symbol": "AAPL", "side": "buy", "commission": 0.46, "strategy": "combined"}, "ts": "2026-06-21T16:03:38.190269+00:00", "session_id": "5858b336", "level": "INFO"}
{"event": "fill", "order_id": "d44b6c74-384", "fill_price": 363.8602745246087, "fill_qty": 35, "slippage_bps": 7.0102, "metadata": {"symbol": "MSFT", "side": "buy", "commission": 0.17500000000000002, "strategy": "combined"}, "ts": "2026-06-21T16:03:38.192074+00:00", "session_id": "5858b336", "level": "INFO"}
{"event": "fill", "order_id": "8393ee3a-efa", "fill_price": 47.71566333532059, "fill_qty": 109, "slippage_bps": 7.0093, "metadata": {"symbol": "NVDA", "side": "buy", "commission": 0.545, "strategy": "combined"}, "ts": "2026-06-21T16:03:38.192801+00:00", "session_id": "5858b336", "level": "INFO"}
{"event": "fill", "order_id": "6a83dda4-4cc", "fill_price": 239.41765878474422, "fill_qty": 13, "slippage_bps": 7.0077, "metadata": {"symbol": "TSLA", "side": "buy", "commission": 0.065, "strategy": "combined"}, "ts": "2026-06-21T16:03:38.193738+00:00", "session_id": "5858b336", "level": "INFO"}
StatArbStrategy.generate_signals: no pairs loaded. Call find_pairs() first.
{"event": "signal", "strategy": "momentum", "symbol": "AAPL", "direction": "BUY", "strength": 0.499079, "metadata": {"rank": 0.8666666666666667, "sector": "Technology", "fallback": true}, "ts": "2026-06-21T16:03:38.488783+00:00", "session_id": "5858b336", "level": "INFO"}
{"event": "signal", "strategy": "momentum", "symbol": "MSFT", "direction": "BUY", "strength": 0.481277, "metadata": {"rank": 0.9333333333333333, "sector": "Technology", "fallback": true}, "ts": "2026-06-21T16:03:38.489362+00:00", "session_id": "5858b336", "level": "INFO"}
{"event": "signal", "strategy": "momentum", "symbol": "NVDA", "direction": "BUY", "strength": 0.298549, "metadata": {"rank": 1.0, "sector": "Technology", "fallback": true}, "ts": "2026-06-21T16:03:38.489650+00:00", "session_id": "5858b336", "level": "INFO"}
{"event": "signal", "strategy": "momentum", "symbol": "JNJ", "direction": "SELL", "strength": 0.570567, "metadata": {"rank": 0.13333333333333333, "sector": "Healthcare", "fallback": true}, "ts": "2026-06-21T16:03:38.491436+00:00", "session_id": "5858b336", "level": "INFO"}
{"event": "signal", "strategy": "momentum", "symbol": "AMZN", "direction": "BUY", "strength": 0.275543, "metadata": {"rank": 0.8, "sector": "Consumer Discretionary", "fallback": true}, "ts": "2026-06-21T16:03:38.497382+00:00", "session_id": "5858b336", "level": "INFO"}
{"event": "signal", "strategy": "momentum", "symbol": "XOM", "direction": "SELL", "strength": 0.382616, "metadata": {"rank": 0.2, "sector": "Energy", "fallback": true}, "ts": "2026-06-21T16:03:38.498763+00:00", "session_id": "5858b336", "level": "INFO"}
MeanReversion: no volume data supplied — volume filter bypassed
{"event": "signal", "strategy": "mean_reversion", "symbol": "JPM", "direction": "SELL", "strength": 0.751298, "metadata": {"z": 1.8383, "rsi": 82.95, "rv": 0.1158}, "ts": "2026-06-21T16:03:38.569672+00:00", "session_id": "5858b336", "level": "INFO"}
{"event": "info", "message": "SignalGenerator: 7 raw \u2192 3 combined signals", "metadata": {"regime": "BEAR", "n_strategies": 4, "allocations": {"stat_arb": 0.25, "momentum": 0.15, "factor_model": 0.25, "mean_reversion": 0.3}}, "ts": "2026-06-21T16:03:38.593214+00:00", "session_id": "5858b336", "level": "INFO"}
{"event": "risk_event", "event_type": "trade_rejected", "details": {"symbol": "JNJ", "side": "sell", "qty": 92, "reason": "Individual short position 13.75% exceeds limit 5%", "strategy": "combined"}, "ts": "2026-06-21T16:03:38.605130+00:00", "session_id": "5858b336", "level": "WARNING"}
{"event": "risk_event", "event_type": "trade_rejected", "details": {"symbol": "XOM", "side": "sell", "qty": 112, "reason": "Individual short position 10.55% exceeds limit 5%", "strategy": "combined"}, "ts": "2026-06-21T16:03:38.608653+00:00", "session_id": "5858b336", "level": "WARNING"}
{"event": "risk_event", "event_type": "trade_rejected", "details": {"symbol": "JPM", "side": "sell", "qty": 92, "reason": "Individual short position 15.03% exceeds limit 5%", "strategy": "combined"}, "ts": "2026-06-21T16:03:38.612025+00:00", "session_id": "5858b336", "level": "WARNING"}
  [bar 278] 2024-01-04 05:00:00+00:00 | 3 signals | equity=99,999 | regime=BEAR
StatArbStrategy.generate_signals: no pairs loaded. Call find_pairs() first.
{"event": "signal", "strategy": "momentum", "symbol": "AAPL", "direction": "BUY", "strength": 0.997786, "metadata": {"rank": 0.8666666666666667, "sector": "Technology", "fallback": true}, "ts": "2026-06-21T16:03:38.957726+00:00", "session_id": "5858b336", "level": "INFO"}
{"event": "signal", "strategy": "momentum", "symbol": "MSFT", "direction": "BUY", "strength": 0.964367, "metadata": {"rank": 0.9333333333333333, "sector": "Technology", "fallback": true}, "ts": "2026-06-21T16:03:38.958203+00:00", "session_id": "5858b336", "level": "INFO"}
{"event": "signal", "strategy": "momentum", "symbol": "NVDA", "direction": "BUY", "strength": 0.593094, "metadata": {"rank": 1.0, "sector": "Technology", "fallback": true}, "ts": "2026-06-21T16:03:38.958581+00:00", "session_id": "5858b336", "level": "INFO"}
{"event": "signal", "strategy": "momentum", "symbol": "JNJ", "direction": "SELL", "strength": 1.0, "metadata": {"rank": 0.13333333333333333, "sector": "Healthcare", "fallback": true}, "ts": "2026-06-21T16:03:38.959292+00:00", "session_id": "5858b336", "level": "INFO"}
{"event": "signal", "strategy": "momentum", "symbol": "TSLA", "direction": "BUY", "strength": 0.351953, "metadata": {"rank": 0.8, "sector": "Consumer Discretionary", "fallback": true}, "ts": "2026-06-21T16:03:38.960684+00:00", "session_id": "5858b336", "level": "INFO"}
{"event": "signal", "strategy": "momentum", "symbol": "XOM", "direction": "SELL", "strength": 0.764948, "metadata": {"rank": 0.2, "sector": "Energy", "fallback": true}, "ts": "2026-06-21T16:03:38.962932+00:00", "session_id": "5858b336", "level": "INFO"}
MeanReversion: no volume data supplied — volume filter bypassed
{"event": "signal", "strategy": "mean_reversion", "symbol": "JPM", "direction": "SELL", "strength": 0.754238, "metadata": {"z": 1.8308, "rsi": 80.65, "rv": 0.1015}, "ts": "2026-06-21T16:03:39.023839+00:00", "session_id": "5858b336", "level": "INFO"}
{"event": "info", "message": "SignalGenerator: 7 raw \u2192 7 combined signals", "metadata": {"regime": "SIDEWAYS", "n_strategies": 4, "allocations": {"stat_arb": 0.25, "momentum": 0.3, "factor_model": 0.25, "mean_reversion": 0.18}}, "ts": "2026-06-21T16:03:39.044535+00:00", "session_id": "5858b336", "level": "INFO"}
{"event": "order", "order_id": "5143ce1b-f33", "symbol": "MSFT", "side": "buy", "qty": 12, "price": 0.0, "status": "submitted", "metadata": {"order_type": "market", "strategy": "combined"}, "ts": "2026-06-21T16:03:39.074767+00:00", "session_id": "5858b336", "level": "INFO"}
{"event": "risk_event", "event_type": "trade_rejected", "details": {"symbol": "JNJ", "side": "sell", "qty": 133, "reason": "Individual short position 19.95% exceeds limit 5%", "strategy": "combined"}, "ts": "2026-06-21T16:03:39.081997+00:00", "session_id": "5858b336", "level": "WARNING"}
{"event": "order", "order_id": "1d0e73bf-12a", "symbol": "TSLA", "side": "buy", "qty": 2, "price": 0.0, "status": "submitted", "metadata": {"order_type": "market", "strategy": "combined"}, "ts": "2026-06-21T16:03:39.086133+00:00", "session_id": "5858b336", "level": "INFO"}
{"event": "risk_event", "event_type": "trade_rejected", "details": {"symbol": "XOM", "side": "sell", "qty": 117, "reason": "Individual short position 11.06% exceeds limit 5%", "strategy": "combined"}, "ts": "2026-06-21T16:03:39.091055+00:00", "session_id": "5858b336", "level": "WARNING"}
{"event": "risk_event", "event_type": "trade_rejected", "details": {"symbol": "JPM", "side": "sell", "qty": 121, "reason": "Individual short position 19.89% exceeds limit 5%", "strategy": "combined"}, "ts": "2026-06-21T16:03:39.096082+00:00", "session_id": "5858b336", "level": "WARNING"}
  [bar 279] 2024-01-05 05:00:00+00:00 | 7 signals | equity=99,906 | regime=SIDEWAYS
{"event": "fill", "order_id": "5143ce1b-f33", "fill_price": 362.51520708665225, "fill_qty": 12, "slippage_bps": 7.0064, "metadata": {"symbol": "MSFT", "side": "buy", "commission": 0.06, "strategy": "combined"}, "ts": "2026-06-21T16:03:39.103977+00:00", "session_id": "5858b336", "level": "INFO"}
{"event": "fill", "order_id": "1d0e73bf-12a", "fill_price": 236.3053692939358, "fill_qty": 2, "slippage_bps": 7.003, "metadata": {"symbol": "TSLA", "side": "buy", "commission": 0.01, "strategy": "combined"}, "ts": "2026-06-21T16:03:39.105723+00:00", "session_id": "5858b336", "level": "INFO"}
StatArbStrategy.generate_signals: no pairs loaded. Call find_pairs() first.
{"event": "signal", "strategy": "momentum", "symbol": "AAPL", "direction": "BUY", "strength": 0.482273, "metadata": {"rank": 0.8666666666666667, "sector": "Technology", "fallback": true}, "ts": "2026-06-21T16:03:39.388132+00:00", "session_id": "5858b336", "level": "INFO"}
{"event": "signal", "strategy": "momentum", "symbol": "MSFT", "direction": "BUY", "strength": 0.477442, "metadata": {"rank": 0.9333333333333333, "sector": "Technology", "fallback": true}, "ts": "2026-06-21T16:03:39.388490+00:00", "session_id": "5858b336", "level": "INFO"}
{"event": "signal", "strategy": "momentum", "symbol": "NVDA", "direction": "BUY", "strength": 0.279784, "metadata": {"rank": 1.0, "sector": "Technology", "fallback": true}, "ts": "2026-06-21T16:03:39.388743+00:00", "session_id": "5858b336", "level": "INFO"}
{"event": "signal", "strategy": "momentum", "symbol": "JNJ", "direction": "SELL", "strength": 0.581385, "metadata": {"rank": 0.13333333333333333, "sector": "Healthcare", "fallback": true}, "ts": "2026-06-21T16:03:39.389334+00:00", "session_id": "5858b336", "level": "INFO"}
{"event": "signal", "strategy": "momentum", "symbol": "TSLA", "direction": "BUY", "strength": 0.175622, "metadata": {"rank": 0.8, "sector": "Consumer Discretionary", "fallback": true}, "ts": "2026-06-21T16:03:39.390351+00:00", "session_id": "5858b336", "level": "INFO"}
{"event": "signal", "strategy": "momentum", "symbol": "XOM", "direction": "SELL", "strength": 0.40296, "metadata": {"rank": 0.2, "sector": "Energy", "fallback": true}, "ts": "2026-06-21T16:03:39.390958+00:00", "session_id": "5858b336", "level": "INFO"}
MeanReversion: no volume data supplied — volume filter bypassed
{"event": "signal", "strategy": "mean_reversion", "symbol": "JNJ", "direction": "SELL", "strength": 0.843826, "metadata": {"z": 1.953, "rsi": 73.72, "rv": 0.1293}, "ts": "2026-06-21T16:03:39.417530+00:00", "session_id": "5858b336", "level": "INFO"}
{"event": "signal", "strategy": "mean_reversion", "symbol": "JPM", "direction": "SELL", "strength": 0.65839, "metadata": {"z": 1.7268, "rsi": 77.54, "rv": 0.104}, "ts": "2026-06-21T16:03:39.421063+00:00", "session_id": "5858b336", "level": "INFO"}
{"event": "info", "message": "SignalGenerator: 8 raw \u2192 3 combined signals", "metadata": {"regime": "BEAR", "n_strategies": 4, "allocations": {"stat_arb": 0.25, "momentum": 0.15, "factor_model": 0.25, "mean_reversion": 0.3}}, "ts": "2026-06-21T16:03:39.435319+00:00", "session_id": "5858b336", "level": "INFO"}
{"event": "risk_event", "event_type": "trade_rejected", "details": {"symbol": "JNJ", "side": "sell", "qty": 98, "reason": "Individual short position 14.62% exceeds limit 5%", "strategy": "combined"}, "ts": "2026-06-21T16:03:39.446852+00:00", "session_id": "5858b336", "level": "WARNING"}
{"event": "risk_event", "event_type": "trade_rejected", "details": {"symbol": "XOM", "side": "sell", "qty": 113, "reason": "Individual short position 10.42% exceeds limit 5%", "strategy": "combined"}, "ts": "2026-06-21T16:03:39.450102+00:00", "session_id": "5858b336", "level": "WARNING"}
{"event": "risk_event", "event_type": "trade_rejected", "details": {"symbol": "JPM", "side": "sell", "qty": 91, "reason": "Individual short position 14.82% exceeds limit 5%", "strategy": "combined"}, "ts": "2026-06-21T16:03:39.454176+00:00", "session_id": "5858b336", "level": "WARNING"}
  [bar 280] 2024-01-08 05:00:00+00:00 | 3 signals | equity=100,694 | regime=BEAR
StatArbStrategy.generate_signals: no pairs loaded. Call find_pairs() first.
{"event": "signal", "strategy": "momentum", "symbol": "AAPL", "direction": "BUY", "strength": 0.965392, "metadata": {"rank": 0.8666666666666667, "sector": "Technology", "fallback": true}, "ts": "2026-06-21T16:03:39.697431+00:00", "session_id": "5858b336", "level": "INFO"}
{"event": "signal", "strategy": "momentum", "symbol": "MSFT", "direction": "BUY", "strength": 0.956698, "metadata": {"rank": 0.9333333333333333, "sector": "Technology", "fallback": true}, "ts": "2026-06-21T16:03:39.697703+00:00", "session_id": "5858b336", "level": "INFO"}
{"event": "signal", "strategy": "momentum", "symbol": "NVDA", "direction": "BUY", "strength": 0.557518, "metadata": {"rank": 1.0, "sector": "Technology", "fallback": true}, "ts": "2026-06-21T16:03:39.697910+00:00", "session_id": "5858b336", "level": "INFO"}
{"event": "signal", "strategy": "momentum", "symbol": "JNJ", "direction": "SELL", "strength": 1.0, "metadata": {"rank": 0.13333333333333333, "sector": "Healthcare", "fallback": true}, "ts": "2026-06-21T16:03:39.698385+00:00", "session_id": "5858b336", "level": "INFO"}
{"event": "signal", "strategy": "momentum", "symbol": "AMZN", "direction": "BUY", "strength": 0.544938, "metadata": {"rank": 0.8, "sector": "Consumer Discretionary", "fallback": true}, "ts": "2026-06-21T16:03:39.699183+00:00", "session_id": "5858b336", "level": "INFO"}
{"event": "signal", "strategy": "momentum", "symbol": "XOM", "direction": "SELL", "strength": 0.800109, "metadata": {"rank": 0.2, "sector": "Energy", "fallback": true}, "ts": "2026-06-21T16:03:39.699680+00:00", "session_id": "5858b336", "level": "INFO"}
MeanReversion: no volume data supplied — volume filter bypassed
{"event": "signal", "strategy": "mean_reversion", "symbol": "JNJ", "direction": "SELL", "strength": 0.793672, "metadata": {"z": 1.8935, "rsi": 73.36, "rv": 0.1257}, "ts": "2026-06-21T16:03:39.720433+00:00", "session_id": "5858b336", "level": "INFO"}
{"event": "info", "message": "SignalGenerator: 7 raw \u2192 6 combined signals", "metadata": {"regime": "SIDEWAYS", "n_strategies": 4, "allocations": {"stat_arb": 0.25, "momentum": 0.3, "factor_model": 0.25, "mean_reversion": 0.18}}, "ts": "2026-06-21T16:03:39.737507+00:00", "session_id": "5858b336", "level": "INFO"}
{"event": "order", "order_id": "21f7567b-327", "symbol": "MSFT", "side": "buy", "qty": 7, "price": 0.0, "status": "submitted", "metadata": {"order_type": "market", "strategy": "combined"}, "ts": "2026-06-21T16:03:39.755210+00:00", "session_id": "5858b336", "level": "INFO"}
{"event": "risk_event", "event_type": "trade_rejected", "details": {"symbol": "JNJ", "side": "sell", "qty": 134, "reason": "Individual short position 19.94% exceeds limit 5%", "strategy": "combined"}, "ts": "2026-06-21T16:03:39.759452+00:00", "session_id": "5858b336", "level": "WARNING"}
{"event": "order", "order_id": "4e913335-f97", "symbol": "AMZN", "side": "buy", "qty": 31, "price": 0.0, "status": "submitted", "metadata": {"order_type": "market", "strategy": "combined"}, "ts": "2026-06-21T16:03:39.763778+00:00", "session_id": "5858b336", "level": "INFO"}
{"event": "risk_event", "event_type": "trade_rejected", "details": {"symbol": "XOM", "side": "sell", "qty": 181, "reason": "Individual short position 16.44% exceeds limit 5%", "strategy": "combined"}, "ts": "2026-06-21T16:03:39.768368+00:00", "session_id": "5858b336", "level": "WARNING"}
  [bar 281] 2024-01-09 05:00:00+00:00 | 6 signals | equity=101,020 | regime=SIDEWAYS
{"event": "fill", "order_id": "4e913335-f97", "fill_price": 152.1666110883434, "fill_qty": 31, "slippage_bps": 7.0113, "metadata": {"symbol": "AMZN", "side": "buy", "commission": 0.155, "strategy": "combined"}, "ts": "2026-06-21T16:03:39.772733+00:00", "session_id": "5858b336", "level": "INFO"}
{"event": "fill", "order_id": "21f7567b-327", "fill_price": 369.45531431812566, "fill_qty": 7, "slippage_bps": 7.0052, "metadata": {"symbol": "MSFT", "side": "buy", "commission": 0.035, "strategy": "combined"}, "ts": "2026-06-21T16:03:39.774420+00:00", "session_id": "5858b336", "level": "INFO"}
StatArbStrategy.generate_signals: no pairs loaded. Call find_pairs() first.
{"event": "signal", "strategy": "momentum", "symbol": "AAPL", "direction": "BUY", "strength": 0.485696, "metadata": {"rank": 0.8666666666666667, "sector": "Technology", "fallback": true}, "ts": "2026-06-21T16:03:40.415949+00:00", "session_id": "5858b336", "level": "INFO"}
{"event": "signal", "strategy": "momentum", "symbol": "MSFT", "direction": "BUY", "strength": 0.475871, "metadata": {"rank": 0.9333333333333333, "sector": "Technology", "fallback": true}, "ts": "2026-06-21T16:03:40.416466+00:00", "session_id": "5858b336", "level": "INFO"}
{"event": "signal", "strategy": "momentum", "symbol": "NVDA", "direction": "BUY", "strength": 0.282538, "metadata": {"rank": 1.0, "sector": "Technology", "fallback": true}, "ts": "2026-06-21T16:03:40.416884+00:00", "session_id": "5858b336", "level": "INFO"}
{"event": "signal", "strategy": "momentum", "symbol": "JNJ", "direction": "SELL", "strength": 0.581744, "metadata": {"rank": 0.13333333333333333, "sector": "Healthcare", "fallback": true}, "ts": "2026-06-21T16:03:40.417695+00:00", "session_id": "5858b336", "level": "INFO"}
{"event": "signal", "strategy": "momentum", "symbol": "TSLA", "direction": "BUY", "strength": 0.176663, "metadata": {"rank": 0.8, "sector": "Consumer Discretionary", "fallback": true}, "ts": "2026-06-21T16:03:40.419054+00:00", "session_id": "5858b336", "level": "INFO"}
{"event": "signal", "strategy": "momentum", "symbol": "XOM", "direction": "SELL", "strength": 0.42323, "metadata": {"rank": 0.2, "sector": "Energy", "fallback": true}, "ts": "2026-06-21T16:03:40.419871+00:00", "session_id": "5858b336", "level": "INFO"}
MeanReversion: no volume data supplied — volume filter bypassed
{"event": "signal", "strategy": "mean_reversion", "symbol": "JNJ", "direction": "SELL", "strength": 0.772658, "metadata": {"z": 1.8697, "rsi": 71.69, "rv": 0.1256}, "ts": "2026-06-21T16:03:40.470216+00:00", "session_id": "5858b336", "level": "INFO"}
{"event": "info", "message": "SignalGenerator: 7 raw \u2192 2 combined signals", "metadata": {"regime": "BEAR", "n_strategies": 4, "allocations": {"stat_arb": 0.25, "momentum": 0.15, "factor_model": 0.25, "mean_reversion": 0.3}}, "ts": "2026-06-21T16:03:40.512473+00:00", "session_id": "5858b336", "level": "INFO"}
{"event": "risk_event", "event_type": "trade_rejected", "details": {"symbol": "JNJ", "side": "sell", "qty": 91, "reason": "Individual short position 13.53% exceeds limit 5%", "strategy": "combined"}, "ts": "2026-06-21T16:03:40.534041+00:00", "session_id": "5858b336", "level": "WARNING"}
{"event": "risk_event", "event_type": "trade_rejected", "details": {"symbol": "XOM", "side": "sell", "qty": 140, "reason": "Individual short position 12.56% exceeds limit 5%", "strategy": "combined"}, "ts": "2026-06-21T16:03:40.540334+00:00", "session_id": "5858b336", "level": "WARNING"}
  [bar 282] 2024-01-10 05:00:00+00:00 | 2 signals | equity=101,270 | regime=BEAR
StatArbStrategy.generate_signals: no pairs loaded. Call find_pairs() first.
{"event": "signal", "strategy": "momentum", "symbol": "AAPL", "direction": "BUY", "strength": 0.97053, "metadata": {"rank": 0.8666666666666667, "sector": "Technology", "fallback": true}, "ts": "2026-06-21T16:03:40.925048+00:00", "session_id": "5858b336", "level": "INFO"}
{"event": "signal", "strategy": "momentum", "symbol": "MSFT", "direction": "BUY", "strength": 0.959592, "metadata": {"rank": 0.9333333333333333, "sector": "Technology", "fallback": true}, "ts": "2026-06-21T16:03:40.925457+00:00", "session_id": "5858b336", "level": "INFO"}
{"event": "signal", "strategy": "momentum", "symbol": "NVDA", "direction": "BUY", "strength": 0.565911, "metadata": {"rank": 1.0, "sector": "Technology", "fallback": true}, "ts": "2026-06-21T16:03:40.925724+00:00", "session_id": "5858b336", "level": "INFO"}
{"event": "signal", "strategy": "momentum", "symbol": "JNJ", "direction": "SELL", "strength": 1.0, "metadata": {"rank": 0.13333333333333333, "sector": "Healthcare", "fallback": true}, "ts": "2026-06-21T16:03:40.926294+00:00", "session_id": "5858b336", "level": "INFO"}
{"event": "signal", "strategy": "momentum", "symbol": "TSLA", "direction": "BUY", "strength": 0.351122, "metadata": {"rank": 0.8, "sector": "Consumer Discretionary", "fallback": true}, "ts": "2026-06-21T16:03:40.927140+00:00", "session_id": "5858b336", "level": "INFO"}
{"event": "signal", "strategy": "momentum", "symbol": "XOM", "direction": "SELL", "strength": 0.84664, "metadata": {"rank": 0.2, "sector": "Energy", "fallback": true}, "ts": "2026-06-21T16:03:40.927655+00:00", "session_id": "5858b336", "level": "INFO"}
MeanReversion: no volume data supplied — volume filter bypassed
{"event": "signal", "strategy": "mean_reversion", "symbol": "MSFT", "direction": "SELL", "strength": 0.192047, "metadata": {"z": 1.2216, "rsi": 72.05, "rv": 0.1538}, "ts": "2026-06-21T16:03:40.947001+00:00", "session_id": "5858b336", "level": "INFO"}
{"event": "signal", "strategy": "mean_reversion", "symbol": "NVDA", "direction": "SELL", "strength": 1.0, "metadata": {"z": 2.3279, "rsi": 80.68, "rv": 0.3165}, "ts": "2026-06-21T16:03:40.948978+00:00", "session_id": "5858b336", "level": "INFO"}
{"event": "signal", "strategy": "mean_reversion", "symbol": "JNJ", "direction": "SELL", "strength": 0.587672, "metadata": {"z": 1.6626, "rsi": 89.4, "rv": 0.1276}, "ts": "2026-06-21T16:03:40.950841+00:00", "session_id": "5858b336", "level": "INFO"}
{"event": "signal", "strategy": "mean_reversion", "symbol": "JPM", "direction": "SELL", "strength": 0.350912, "metadata": {"z": 1.3906, "rsi": 70.71, "rv": 0.113}, "ts": "2026-06-21T16:03:40.955705+00:00", "session_id": "5858b336", "level": "INFO"}
{"event": "info", "message": "SignalGenerator: 10 raw \u2192 6 combined signals", "metadata": {"regime": "SIDEWAYS", "n_strategies": 4, "allocations": {"stat_arb": 0.25, "momentum": 0.3, "factor_model": 0.25, "mean_reversion": 0.18}}, "ts": "2026-06-21T16:03:40.972682+00:00", "session_id": "5858b336", "level": "INFO"}
{"event": "order", "order_id": "b863301a-d9e", "symbol": "NVDA", "side": "sell", "qty": 109, "price": 0.0, "status": "submitted", "metadata": {"order_type": "market", "strategy": "combined"}, "ts": "2026-06-21T16:03:40.985917+00:00", "session_id": "5858b336", "level": "INFO"}
{"event": "risk_event", "event_type": "trade_rejected", "details": {"symbol": "JNJ", "side": "sell", "qty": 135, "reason": "Individual short position 19.90% exceeds limit 5%", "strategy": "combined"}, "ts": "2026-06-21T16:03:40.991438+00:00", "session_id": "5858b336", "level": "WARNING"}
{"event": "order", "order_id": "36e3530a-3d7", "symbol": "TSLA", "side": "buy", "qty": 2, "price": 0.0, "status": "submitted", "metadata": {"order_type": "market", "strategy": "combined"}, "ts": "2026-06-21T16:03:40.995711+00:00", "session_id": "5858b336", "level": "INFO"}
{"event": "risk_event", "event_type": "trade_rejected", "details": {"symbol": "XOM", "side": "sell", "qty": 183, "reason": "Individual short position 16.34% exceeds limit 5%", "strategy": "combined"}, "ts": "2026-06-21T16:03:40.999798+00:00", "session_id": "5858b336", "level": "WARNING"}
  [bar 283] 2024-01-11 05:00:00+00:00 | 6 signals | equity=101,683 | regime=SIDEWAYS
{"event": "fill", "order_id": "b863301a-d9e", "fill_price": 54.484859622859766, "fill_qty": 109, "slippage_bps": 7.0103, "metadata": {"symbol": "NVDA", "side": "sell", "commission": 0.545, "strategy": "combined"}, "ts": "2026-06-21T16:03:41.004950+00:00", "session_id": "5858b336", "level": "INFO"}
{"event": "fill", "order_id": "36e3530a-3d7", "fill_price": 220.23413143919237, "fill_qty": 2, "slippage_bps": 7.0033, "metadata": {"symbol": "TSLA", "side": "buy", "commission": 0.01, "strategy": "combined"}, "ts": "2026-06-21T16:03:41.005954+00:00", "session_id": "5858b336", "level": "INFO"}
StatArbStrategy.generate_signals: no pairs loaded. Call find_pairs() first.
{"event": "signal", "strategy": "momentum", "symbol": "AAPL", "direction": "BUY", "strength": 0.488228, "metadata": {"rank": 0.8666666666666667, "sector": "Technology", "fallback": true}, "ts": "2026-06-21T16:03:41.237307+00:00", "session_id": "5858b336", "level": "INFO"}
{"event": "signal", "strategy": "momentum", "symbol": "MSFT", "direction": "BUY", "strength": 0.478823, "metadata": {"rank": 0.9333333333333333, "sector": "Technology", "fallback": true}, "ts": "2026-06-21T16:03:41.237587+00:00", "session_id": "5858b336", "level": "INFO"}
{"event": "signal", "strategy": "momentum", "symbol": "NVDA", "direction": "BUY", "strength": 0.296402, "metadata": {"rank": 1.0, "sector": "Technology", "fallback": true}, "ts": "2026-06-21T16:03:41.237796+00:00", "session_id": "5858b336", "level": "INFO"}
{"event": "signal", "strategy": "momentum", "symbol": "JNJ", "direction": "SELL", "strength": 0.583776, "metadata": {"rank": 0.13333333333333333, "sector": "Healthcare", "fallback": true}, "ts": "2026-06-21T16:03:41.238301+00:00", "session_id": "5858b336", "level": "INFO"}
{"event": "signal", "strategy": "momentum", "symbol": "TSLA", "direction": "BUY", "strength": 0.173431, "metadata": {"rank": 0.8, "sector": "Consumer Discretionary", "fallback": true}, "ts": "2026-06-21T16:03:41.239083+00:00", "session_id": "5858b336", "level": "INFO"}
{"event": "signal", "strategy": "momentum", "symbol": "XOM", "direction": "SELL", "strength": 0.423411, "metadata": {"rank": 0.2, "sector": "Energy", "fallback": true}, "ts": "2026-06-21T16:03:41.239561+00:00", "session_id": "5858b336", "level": "INFO"}
MeanReversion: no volume data supplied — volume filter bypassed
{"event": "signal", "strategy": "mean_reversion", "symbol": "MSFT", "direction": "SELL", "strength": 0.354308, "metadata": {"z": 1.4098, "rsi": 72.84, "rv": 0.1567}, "ts": "2026-06-21T16:03:41.259427+00:00", "session_id": "5858b336", "level": "INFO"}
{"event": "signal", "strategy": "mean_reversion", "symbol": "NVDA", "direction": "SELL", "strength": 0.883787, "metadata": {"z": 2.1648, "rsi": 78.12, "rv": 0.318}, "ts": "2026-06-21T16:03:41.261768+00:00", "session_id": "5858b336", "level": "INFO"}
{"event": "signal", "strategy": "mean_reversion", "symbol": "JNJ", "direction": "SELL", "strength": 0.746783, "metadata": {"z": 1.843, "rsi": 89.04, "rv": 0.1289}, "ts": "2026-06-21T16:03:41.264146+00:00", "session_id": "5858b336", "level": "INFO"}
{"event": "info", "message": "SignalGenerator: 9 raw \u2192 4 combined signals", "metadata": {"regime": "BEAR", "n_strategies": 4, "allocations": {"stat_arb": 0.25, "momentum": 0.15, "factor_model": 0.25, "mean_reversion": 0.3}}, "ts": "2026-06-21T16:03:41.284370+00:00", "session_id": "5858b336", "level": "INFO"}
{"event": "order", "order_id": "ad473528-dd5", "symbol": "MSFT", "side": "sell", "qty": 54, "price": 0.0, "status": "submitted", "metadata": {"order_type": "market", "strategy": "combined"}, "ts": "2026-06-21T16:03:41.294411+00:00", "session_id": "5858b336", "level": "INFO"}
{"event": "risk_event", "event_type": "trade_rejected", "details": {"symbol": "JNJ", "side": "sell", "qty": 116, "reason": "Individual short position 17.22% exceeds limit 5%", "strategy": "combined"}, "ts": "2026-06-21T16:03:41.299050+00:00", "session_id": "5858b336", "level": "WARNING"}
{"event": "risk_event", "event_type": "trade_rejected", "details": {"symbol": "XOM", "side": "sell", "qty": 170, "reason": "Individual short position 15.37% exceeds limit 5%", "strategy": "combined"}, "ts": "2026-06-21T16:03:41.305651+00:00", "session_id": "5858b336", "level": "WARNING"}
  [bar 284] 2024-01-12 05:00:00+00:00 | 4 signals | equity=101,768 | regime=BEAR
{"event": "fill", "order_id": "ad473528-dd5", "fill_price": 385.88635620894365, "fill_qty": 54, "slippage_bps": 7.012, "metadata": {"symbol": "MSFT", "side": "sell", "commission": 0.27, "strategy": "combined"}, "ts": "2026-06-21T16:03:41.315759+00:00", "session_id": "5858b336", "level": "INFO"}
StatArbStrategy.generate_signals: no pairs loaded. Call find_pairs() first.
{"event": "signal", "strategy": "momentum", "symbol": "AAPL", "direction": "BUY", "strength": 0.969494, "metadata": {"rank": 0.8666666666666667, "sector": "Technology", "fallback": true}, "ts": "2026-06-21T16:03:41.573815+00:00", "session_id": "5858b336", "level": "INFO"}
{"event": "signal", "strategy": "momentum", "symbol": "MSFT", "direction": "BUY", "strength": 0.961483, "metadata": {"rank": 0.9333333333333333, "sector": "Technology", "fallback": true}, "ts": "2026-06-21T16:03:41.574686+00:00", "session_id": "5858b336", "level": "INFO"}
{"event": "signal", "strategy": "momentum", "symbol": "NVDA", "direction": "BUY", "strength": 0.608164, "metadata": {"rank": 1.0, "sector": "Technology", "fallback": true}, "ts": "2026-06-21T16:03:41.575011+00:00", "session_id": "5858b336", "level": "INFO"}
{"event": "signal", "strategy": "momentum", "symbol": "JNJ", "direction": "SELL", "strength": 1.0, "metadata": {"rank": 0.13333333333333333, "sector": "Healthcare", "fallback": true}, "ts": "2026-06-21T16:03:41.575694+00:00", "session_id": "5858b336", "level": "INFO"}
{"event": "signal", "strategy": "momentum", "symbol": "TSLA", "direction": "BUY", "strength": 0.354593, "metadata": {"rank": 0.8, "sector": "Consumer Discretionary", "fallback": true}, "ts": "2026-06-21T16:03:41.576632+00:00", "session_id": "5858b336", "level": "INFO"}
{"event": "signal", "strategy": "momentum", "symbol": "XOM", "direction": "SELL", "strength": 0.837583, "metadata": {"rank": 0.2, "sector": "Energy", "fallback": true}, "ts": "2026-06-21T16:03:41.577118+00:00", "session_id": "5858b336", "level": "INFO"}
MeanReversion: no volume data supplied — volume filter bypassed
{"event": "signal", "strategy": "mean_reversion", "symbol": "MSFT", "direction": "SELL", "strength": 0.430324, "metadata": {"z": 1.4849, "rsi": 73.45, "rv": 0.1269}, "ts": "2026-06-21T16:03:41.595490+00:00", "session_id": "5858b336", "level": "INFO"}
{"event": "signal", "strategy": "mean_reversion", "symbol": "NVDA", "direction": "SELL", "strength": 1.0, "metadata": {"z": 2.491, "rsi": 82.32, "rv": 0.3288}, "ts": "2026-06-21T16:03:41.597380+00:00", "session_id": "5858b336", "level": "INFO"}
{"event": "signal", "strategy": "mean_reversion", "symbol": "JNJ", "direction": "SELL", "strength": 0.357773, "metadata": {"z": 1.4065, "rsi": 73.17, "rv": 0.1362}, "ts": "2026-06-21T16:03:41.599195+00:00", "session_id": "5858b336", "level": "INFO"}
{"event": "info", "message": "SignalGenerator: 9 raw \u2192 6 combined signals", "metadata": {"regime": "SIDEWAYS", "n_strategies": 4, "allocations": {"stat_arb": 0.25, "momentum": 0.3, "factor_model": 0.25, "mean_reversion": 0.18}}, "ts": "2026-06-21T16:03:41.616559+00:00", "session_id": "5858b336", "level": "INFO"}
{"event": "order", "order_id": "626e082b-2ab", "symbol": "MSFT", "side": "buy", "qty": 53, "price": 0.0, "status": "submitted", "metadata": {"order_type": "market", "strategy": "combined"}, "ts": "2026-06-21T16:03:41.631061+00:00", "session_id": "5858b336", "level": "INFO"}
{"event": "risk_event", "event_type": "trade_rejected", "details": {"symbol": "JNJ", "side": "sell", "qty": 136, "reason": "Individual short position 19.95% exceeds limit 5%", "strategy": "combined"}, "ts": "2026-06-21T16:03:41.634067+00:00", "session_id": "5858b336", "level": "WARNING"}
{"event": "risk_event", "event_type": "trade_rejected", "details": {"symbol": "XOM", "side": "sell", "qty": 181, "reason": "Individual short position 15.99% exceeds limit 5%", "strategy": "combined"}, "ts": "2026-06-21T16:03:41.636797+00:00", "session_id": "5858b336", "level": "WARNING"}
  [bar 285] 2024-01-16 05:00:00+00:00 | 6 signals | equity=101,769 | regime=SIDEWAYS
{"event": "fill", "order_id": "626e082b-2ab", "fill_price": 380.8522801192237, "fill_qty": 53, "slippage_bps": 7.0122, "metadata": {"symbol": "MSFT", "side": "buy", "commission": 0.265, "strategy": "combined"}, "ts": "2026-06-21T16:03:41.642352+00:00", "session_id": "5858b336", "level": "INFO"}
StatArbStrategy.generate_signals: no pairs loaded. Call find_pairs() first.
{"event": "signal", "strategy": "momentum", "symbol": "AAPL", "direction": "BUY", "strength": 0.483889, "metadata": {"rank": 0.8666666666666667, "sector": "Technology", "fallback": true}, "ts": "2026-06-21T16:03:41.871770+00:00", "session_id": "5858b336", "level": "INFO"}
{"event": "signal", "strategy": "momentum", "symbol": "MSFT", "direction": "BUY", "strength": 0.480129, "metadata": {"rank": 0.9333333333333333, "sector": "Technology", "fallback": true}, "ts": "2026-06-21T16:03:41.872101+00:00", "session_id": "5858b336", "level": "INFO"}
{"event": "signal", "strategy": "momentum", "symbol": "NVDA", "direction": "BUY", "strength": 0.3037, "metadata": {"rank": 1.0, "sector": "Technology", "fallback": true}, "ts": "2026-06-21T16:03:41.872346+00:00", "session_id": "5858b336", "level": "INFO"}
{"event": "signal", "strategy": "momentum", "symbol": "JNJ", "direction": "SELL", "strength": 0.605798, "metadata": {"rank": 0.13333333333333333, "sector": "Healthcare", "fallback": true}, "ts": "2026-06-21T16:03:41.872901+00:00", "session_id": "5858b336", "level": "INFO"}
{"event": "signal", "strategy": "momentum", "symbol": "TSLA", "direction": "BUY", "strength": 0.196784, "metadata": {"rank": 0.8, "sector": "Consumer Discretionary", "fallback": true}, "ts": "2026-06-21T16:03:41.873905+00:00", "session_id": "5858b336", "level": "INFO"}
{"event": "signal", "strategy": "momentum", "symbol": "XOM", "direction": "SELL", "strength": 0.418402, "metadata": {"rank": 0.2, "sector": "Energy", "fallback": true}, "ts": "2026-06-21T16:03:41.874456+00:00", "session_id": "5858b336", "level": "INFO"}
MeanReversion: no volume data supplied — volume filter bypassed
{"event": "signal", "strategy": "mean_reversion", "symbol": "MSFT", "direction": "SELL", "strength": 0.364288, "metadata": {"z": 1.409, "rsi": 71.67, "rv": 0.1226}, "ts": "2026-06-21T16:03:41.894351+00:00", "session_id": "5858b336", "level": "INFO"}
{"event": "signal", "strategy": "mean_reversion", "symbol": "NVDA", "direction": "SELL", "strength": 0.955752, "metadata": {"z": 2.273, "rsi": 79.29, "rv": 0.332}, "ts": "2026-06-21T16:03:41.896167+00:00", "session_id": "5858b336", "level": "INFO"}
{"event": "signal", "strategy": "mean_reversion", "symbol": "JNJ", "direction": "SELL", "strength": 0.300073, "metadata": {"z": 1.3387, "rsi": 70.76, "rv": 0.1287}, "ts": "2026-06-21T16:03:41.897985+00:00", "session_id": "5858b336", "level": "INFO"}
{"event": "info", "message": "SignalGenerator: 9 raw \u2192 4 combined signals", "metadata": {"regime": "BEAR", "n_strategies": 4, "allocations": {"stat_arb": 0.25, "momentum": 0.15, "factor_model": 0.25, "mean_reversion": 0.3}}, "ts": "2026-06-21T16:03:41.915101+00:00", "session_id": "5858b336", "level": "INFO"}
{"event": "order", "order_id": "fc565864-381", "symbol": "MSFT", "side": "sell", "qty": 53, "price": 0.0, "status": "submitted", "metadata": {"order_type": "market", "strategy": "combined"}, "ts": "2026-06-21T16:03:41.924741+00:00", "session_id": "5858b336", "level": "INFO"}
{"event": "risk_event", "event_type": "trade_rejected", "details": {"symbol": "JNJ", "side": "sell", "qty": 111, "reason": "Individual short position 16.31% exceeds limit 5%", "strategy": "combined"}, "ts": "2026-06-21T16:03:41.928093+00:00", "session_id": "5858b336", "level": "WARNING"}
{"event": "risk_event", "event_type": "trade_rejected", "details": {"symbol": "XOM", "side": "sell", "qty": 167, "reason": "Individual short position 14.68% exceeds limit 5%", "strategy": "combined"}, "ts": "2026-06-21T16:03:41.931354+00:00", "session_id": "5858b336", "level": "WARNING"}
  [bar 286] 2024-01-17 05:00:00+00:00 | 4 signals | equity=101,563 | regime=BEAR
{"event": "fill", "order_id": "fc565864-381", "fill_price": 383.984681655062, "fill_qty": 53, "slippage_bps": 7.0126, "metadata": {"symbol": "MSFT", "side": "sell", "commission": 0.265, "strategy": "combined"}, "ts": "2026-06-21T16:03:41.935976+00:00", "session_id": "5858b336", "level": "INFO"}
StatArbStrategy.generate_signals: no pairs loaded. Call find_pairs() first.
{"event": "signal", "strategy": "momentum", "symbol": "AAPL", "direction": "BUY", "strength": 0.925254, "metadata": {"rank": 0.8666666666666667, "sector": "Technology", "fallback": true}, "ts": "2026-06-21T16:03:42.171786+00:00", "session_id": "5858b336", "level": "INFO"}
{"event": "signal", "strategy": "momentum", "symbol": "MSFT", "direction": "BUY", "strength": 0.97258, "metadata": {"rank": 0.9333333333333333, "sector": "Technology", "fallback": true}, "ts": "2026-06-21T16:03:42.172074+00:00", "session_id": "5858b336", "level": "INFO"}
{"event": "signal", "strategy": "momentum", "symbol": "NVDA", "direction": "BUY", "strength": 0.611117, "metadata": {"rank": 1.0, "sector": "Technology", "fallback": true}, "ts": "2026-06-21T16:03:42.172284+00:00", "session_id": "5858b336", "level": "INFO"}
{"event": "signal", "strategy": "momentum", "symbol": "JNJ", "direction": "SELL", "strength": 1.0, "metadata": {"rank": 0.13333333333333333, "sector": "Healthcare", "fallback": true}, "ts": "2026-06-21T16:03:42.172812+00:00", "session_id": "5858b336", "level": "INFO"}
{"event": "signal", "strategy": "momentum", "symbol": "TSLA", "direction": "BUY", "strength": 0.39934, "metadata": {"rank": 0.8, "sector": "Consumer Discretionary", "fallback": true}, "ts": "2026-06-21T16:03:42.173846+00:00", "session_id": "5858b336", "level": "INFO"}
{"event": "signal", "strategy": "momentum", "symbol": "XOM", "direction": "SELL", "strength": 0.848083, "metadata": {"rank": 0.2, "sector": "Energy", "fallback": true}, "ts": "2026-06-21T16:03:42.174445+00:00", "session_id": "5858b336", "level": "INFO"}
MeanReversion: no volume data supplied — volume filter bypassed
{"event": "signal", "strategy": "mean_reversion", "symbol": "MSFT", "direction": "SELL", "strength": 0.589871, "metadata": {"z": 1.6643, "rsi": 76.07, "rv": 0.1262}, "ts": "2026-06-21T16:03:42.193944+00:00", "session_id": "5858b336", "level": "INFO"}
{"event": "signal", "strategy": "mean_reversion", "symbol": "NVDA", "direction": "SELL", "strength": 1.0, "metadata": {"z": 2.4261, "rsi": 80.81, "rv": 0.3288}, "ts": "2026-06-21T16:03:42.195769+00:00", "session_id": "5858b336", "level": "INFO"}
{"event": "signal", "strategy": "mean_reversion", "symbol": "JNJ", "direction": "SELL", "strength": 0.387913, "metadata": {"z": 1.438, "rsi": 72.29, "rv": 0.1292}, "ts": "2026-06-21T16:03:42.197592+00:00", "session_id": "5858b336", "level": "INFO"}
{"event": "signal", "strategy": "mean_reversion", "symbol": "TSLA", "direction": "BUY", "strength": 0.253011, "metadata": {"z": -1.3392, "rsi": 6.92, "rv": 0.3408}, "ts": "2026-06-21T16:03:42.205522+00:00", "session_id": "5858b336", "level": "INFO"}
{"event": "info", "message": "SignalGenerator: 10 raw \u2192 6 combined signals", "metadata": {"regime": "SIDEWAYS", "n_strategies": 4, "allocations": {"stat_arb": 0.25, "momentum": 0.3, "factor_model": 0.25, "mean_reversion": 0.18}}, "ts": "2026-06-21T16:03:42.215068+00:00", "session_id": "5858b336", "level": "INFO"}
{"event": "order", "order_id": "bf48e99d-dea", "symbol": "MSFT", "side": "buy", "qty": 52, "price": 0.0, "status": "submitted", "metadata": {"order_type": "market", "strategy": "combined"}, "ts": "2026-06-21T16:03:42.229348+00:00", "session_id": "5858b336", "level": "INFO"}
{"event": "risk_event", "event_type": "trade_rejected", "details": {"symbol": "JNJ", "side": "sell", "qty": 136, "reason": "Individual short position 19.94% exceeds limit 5%", "strategy": "combined"}, "ts": "2026-06-21T16:03:42.231943+00:00", "session_id": "5858b336", "level": "WARNING"}
{"event": "risk_event", "event_type": "trade_rejected", "details": {"symbol": "XOM", "side": "sell", "qty": 181, "reason": "Individual short position 15.77% exceeds limit 5%", "strategy": "combined"}, "ts": "2026-06-21T16:03:42.234455+00:00", "session_id": "5858b336", "level": "WARNING"}
  [bar 287] 2024-01-18 05:00:00+00:00 | 6 signals | equity=102,263 | regime=SIDEWAYS
{"event": "fill", "order_id": "bf48e99d-dea", "fill_price": 388.4893601963327, "fill_qty": 52, "slippage_bps": 7.0127, "metadata": {"symbol": "MSFT", "side": "buy", "commission": 0.26, "strategy": "combined"}, "ts": "2026-06-21T16:03:42.239092+00:00", "session_id": "5858b336", "level": "INFO"}
StatArbStrategy.generate_signals: no pairs loaded. Call find_pairs() first.
{"event": "signal", "strategy": "momentum", "symbol": "AAPL", "direction": "BUY", "strength": 0.422185, "metadata": {"rank": 0.8, "sector": "Technology", "fallback": true}, "ts": "2026-06-21T16:03:42.508743+00:00", "session_id": "5858b336", "level": "INFO"}
{"event": "signal", "strategy": "momentum", "symbol": "MSFT", "direction": "BUY", "strength": 0.484726, "metadata": {"rank": 0.9333333333333333, "sector": "Technology", "fallback": true}, "ts": "2026-06-21T16:03:42.509641+00:00", "session_id": "5858b336", "level": "INFO"}
{"event": "signal", "strategy": "momentum", "symbol": "NVDA", "direction": "BUY", "strength": 0.304227, "metadata": {"rank": 1.0, "sector": "Technology", "fallback": true}, "ts": "2026-06-21T16:03:42.510012+00:00", "session_id": "5858b336", "level": "INFO"}
{"event": "signal", "strategy": "momentum", "symbol": "JNJ", "direction": "SELL", "strength": 0.61423, "metadata": {"rank": 0.13333333333333333, "sector": "Healthcare", "fallback": true}, "ts": "2026-06-21T16:03:42.510744+00:00", "session_id": "5858b336", "level": "INFO"}
{"event": "signal", "strategy": "momentum", "symbol": "TSLA", "direction": "BUY", "strength": 0.216304, "metadata": {"rank": 0.8666666666666667, "sector": "Consumer Discretionary", "fallback": true}, "ts": "2026-06-21T16:03:42.512477+00:00", "session_id": "5858b336", "level": "INFO"}
{"event": "signal", "strategy": "momentum", "symbol": "XOM", "direction": "SELL", "strength": 0.427927, "metadata": {"rank": 0.2, "sector": "Energy", "fallback": true}, "ts": "2026-06-21T16:03:42.518105+00:00", "session_id": "5858b336", "level": "INFO"}
MeanReversion: no volume data supplied — volume filter bypassed
{"event": "signal", "strategy": "mean_reversion", "symbol": "MSFT", "direction": "SELL", "strength": 0.831771, "metadata": {"z": 1.9402, "rsi": 78.13, "rv": 0.1304}, "ts": "2026-06-21T16:03:42.568741+00:00", "session_id": "5858b336", "level": "INFO"}
{"event": "signal", "strategy": "mean_reversion", "symbol": "NVDA", "direction": "SELL", "strength": 1.0, "metadata": {"z": 2.8224, "rsi": 83.78, "rv": 0.3445}, "ts": "2026-06-21T16:03:42.574061+00:00", "session_id": "5858b336", "level": "INFO"}
{"event": "signal", "strategy": "mean_reversion", "symbol": "JNJ", "direction": "SELL", "strength": 0.417438, "metadata": {"z": 1.4709, "rsi": 72.89, "rv": 0.1281}, "ts": "2026-06-21T16:03:42.585568+00:00", "session_id": "5858b336", "level": "INFO"}
{"event": "signal", "strategy": "mean_reversion", "symbol": "TSLA", "direction": "BUY", "strength": 0.241243, "metadata": {"z": -1.3199, "rsi": 8.65, "rv": 0.3259}, "ts": "2026-06-21T16:03:42.600835+00:00", "session_id": "5858b336", "level": "INFO"}
{"event": "info", "message": "SignalGenerator: 10 raw \u2192 4 combined signals", "metadata": {"regime": "BEAR", "n_strategies": 4, "allocations": {"stat_arb": 0.25, "momentum": 0.15, "factor_model": 0.25, "mean_reversion": 0.3}}, "ts": "2026-06-21T16:03:42.625913+00:00", "session_id": "5858b336", "level": "INFO"}
{"event": "risk_event", "event_type": "trade_rejected", "details": {"symbol": "JNJ", "side": "sell", "qty": 112, "reason": "Individual short position 16.42% exceeds limit 5%", "strategy": "combined"}, "ts": "2026-06-21T16:03:42.640231+00:00", "session_id": "5858b336", "level": "WARNING"}
{"event": "risk_event", "event_type": "trade_rejected", "details": {"symbol": "XOM", "side": "sell", "qty": 167, "reason": "Individual short position 14.52% exceeds limit 5%", "strategy": "combined"}, "ts": "2026-06-21T16:03:42.643513+00:00", "session_id": "5858b336", "level": "WARNING"}
  [bar 288] 2024-01-19 05:00:00+00:00 | 4 signals | equity=102,592 | regime=BEAR
StatArbStrategy.generate_signals: no pairs loaded. Call find_pairs() first.
{"event": "signal", "strategy": "momentum", "symbol": "AAPL", "direction": "BUY", "strength": 0.909057, "metadata": {"rank": 0.8666666666666667, "sector": "Technology", "fallback": true}, "ts": "2026-06-21T16:03:42.884167+00:00", "session_id": "5858b336", "level": "INFO"}
{"event": "signal", "strategy": "momentum", "symbol": "MSFT", "direction": "BUY", "strength": 0.965386, "metadata": {"rank": 0.9333333333333333, "sector": "Technology", "fallback": true}, "ts": "2026-06-21T16:03:42.884459+00:00", "session_id": "5858b336", "level": "INFO"}
{"event": "signal", "strategy": "momentum", "symbol": "NVDA", "direction": "BUY", "strength": 0.609722, "metadata": {"rank": 1.0, "sector": "Technology", "fallback": true}, "ts": "2026-06-21T16:03:42.884665+00:00", "session_id": "5858b336", "level": "INFO"}
{"event": "signal", "strategy": "momentum", "symbol": "JNJ", "direction": "SELL", "strength": 1.0, "metadata": {"rank": 0.13333333333333333, "sector": "Healthcare", "fallback": true}, "ts": "2026-06-21T16:03:42.885115+00:00", "session_id": "5858b336", "level": "INFO"}
{"event": "signal", "strategy": "momentum", "symbol": "TSLA", "direction": "BUY", "strength": 0.400353, "metadata": {"rank": 0.8, "sector": "Consumer Discretionary", "fallback": true}, "ts": "2026-06-21T16:03:42.885919+00:00", "session_id": "5858b336", "level": "INFO"}
{"event": "signal", "strategy": "momentum", "symbol": "XOM", "direction": "SELL", "strength": 0.859152, "metadata": {"rank": 0.2, "sector": "Energy", "fallback": true}, "ts": "2026-06-21T16:03:42.886412+00:00", "session_id": "5858b336", "level": "INFO"}
MeanReversion: no volume data supplied — volume filter bypassed
{"event": "signal", "strategy": "mean_reversion", "symbol": "MSFT", "direction": "SELL", "strength": 0.692475, "metadata": {"z": 1.7816, "rsi": 73.82, "rv": 0.1287}, "ts": "2026-06-21T16:03:42.903946+00:00", "session_id": "5858b336", "level": "INFO"}
{"event": "signal", "strategy": "mean_reversion", "symbol": "NVDA", "direction": "SELL", "strength": 1.0, "metadata": {"z": 2.6529, "rsi": 83.95, "rv": 0.3124}, "ts": "2026-06-21T16:03:42.905785+00:00", "session_id": "5858b336", "level": "INFO"}
{"event": "signal", "strategy": "mean_reversion", "symbol": "JNJ", "direction": "SELL", "strength": 0.508104, "metadata": {"z": 1.5578, "rsi": 74.34, "rv": 0.0978}, "ts": "2026-06-21T16:03:42.907587+00:00", "session_id": "5858b336", "level": "INFO"}
{"event": "signal", "strategy": "mean_reversion", "symbol": "TSLA", "direction": "BUY", "strength": 0.391007, "metadata": {"z": -1.511, "rsi": 8.89, "rv": 0.3069}, "ts": "2026-06-21T16:03:42.915454+00:00", "session_id": "5858b336", "level": "INFO"}
{"event": "info", "message": "SignalGenerator: 10 raw \u2192 6 combined signals", "metadata": {"regime": "SIDEWAYS", "n_strategies": 4, "allocations": {"stat_arb": 0.25, "momentum": 0.3, "factor_model": 0.25, "mean_reversion": 0.18}}, "ts": "2026-06-21T16:03:42.925074+00:00", "session_id": "5858b336", "level": "INFO"}
{"event": "risk_event", "event_type": "trade_rejected", "details": {"symbol": "JNJ", "side": "sell", "qty": 135, "reason": "Individual short position 19.86% exceeds limit 5%", "strategy": "combined"}, "ts": "2026-06-21T16:03:42.940276+00:00", "session_id": "5858b336", "level": "WARNING"}
{"event": "order", "order_id": "f049ac24-476", "symbol": "TSLA", "side": "buy", "qty": 1, "price": 0.0, "status": "submitted", "metadata": {"order_type": "market", "strategy": "combined"}, "ts": "2026-06-21T16:03:42.942870+00:00", "session_id": "5858b336", "level": "INFO"}
{"event": "risk_event", "event_type": "trade_rejected", "details": {"symbol": "XOM", "side": "sell", "qty": 176, "reason": "Individual short position 15.26% exceeds limit 5%", "strategy": "combined"}, "ts": "2026-06-21T16:03:42.946068+00:00", "session_id": "5858b336", "level": "WARNING"}
  [bar 289] 2024-01-22 05:00:00+00:00 | 6 signals | equity=102,753 | regime=SIDEWAYS
{"event": "fill", "order_id": "f049ac24-476", "fill_price": 211.4479490688482, "fill_qty": 1, "slippage_bps": 7.0017, "metadata": {"symbol": "TSLA", "side": "buy", "commission": 0.005, "strategy": "combined"}, "ts": "2026-06-21T16:03:42.951802+00:00", "session_id": "5858b336", "level": "INFO"}
StatArbStrategy.generate_signals: no pairs loaded. Call find_pairs() first.
{"event": "signal", "strategy": "momentum", "symbol": "AAPL", "direction": "BUY", "strength": 0.42518, "metadata": {"rank": 0.8, "sector": "Technology", "fallback": true}, "ts": "2026-06-21T16:03:43.182670+00:00", "session_id": "5858b336", "level": "INFO"}
{"event": "signal", "strategy": "momentum", "symbol": "MSFT", "direction": "BUY", "strength": 0.504432, "metadata": {"rank": 0.9333333333333333, "sector": "Technology", "fallback": true}, "ts": "2026-06-21T16:03:43.182978+00:00", "session_id": "5858b336", "level": "INFO"}
{"event": "signal", "strategy": "momentum", "symbol": "NVDA", "direction": "BUY", "strength": 0.320984, "metadata": {"rank": 1.0, "sector": "Technology", "fallback": true}, "ts": "2026-06-21T16:03:43.183187+00:00", "session_id": "5858b336", "level": "INFO"}
{"event": "signal", "strategy": "momentum", "symbol": "JNJ", "direction": "SELL", "strength": 0.594239, "metadata": {"rank": 0.13333333333333333, "sector": "Healthcare", "fallback": true}, "ts": "2026-06-21T16:03:43.183681+00:00", "session_id": "5858b336", "level": "INFO"}
{"event": "signal", "strategy": "momentum", "symbol": "AMZN", "direction": "BUY", "strength": 0.348854, "metadata": {"rank": 0.8666666666666667, "sector": "Consumer Discretionary", "fallback": true}, "ts": "2026-06-21T16:03:43.184477+00:00", "session_id": "5858b336", "level": "INFO"}
{"event": "signal", "strategy": "momentum", "symbol": "XOM", "direction": "SELL", "strength": 0.42559, "metadata": {"rank": 0.2, "sector": "Energy", "fallback": true}, "ts": "2026-06-21T16:03:43.184955+00:00", "session_id": "5858b336", "level": "INFO"}
MeanReversion: no volume data supplied — volume filter bypassed
{"event": "signal", "strategy": "mean_reversion", "symbol": "MSFT", "direction": "SELL", "strength": 0.785155, "metadata": {"z": 1.8857, "rsi": 84.87, "rv": 0.1281}, "ts": "2026-06-21T16:03:43.202835+00:00", "session_id": "5858b336", "level": "INFO"}
{"event": "signal", "strategy": "mean_reversion", "symbol": "NVDA", "direction": "SELL", "strength": 1.0, "metadata": {"z": 2.5412, "rsi": 92.46, "rv": 0.3121}, "ts": "2026-06-21T16:03:43.204683+00:00", "session_id": "5858b336", "level": "INFO"}
{"event": "signal", "strategy": "mean_reversion", "symbol": "TSLA", "direction": "BUY", "strength": 0.37548, "metadata": {"z": -1.479, "rsi": 9.54, "rv": 0.2758}, "ts": "2026-06-21T16:03:43.214134+00:00", "session_id": "5858b336", "level": "INFO"}
{"event": "signal", "strategy": "mean_reversion", "symbol": "PG", "direction": "SELL", "strength": 1.0, "metadata": {"z": 2.2557, "rsi": 70.75, "rv": 0.1653}, "ts": "2026-06-21T16:03:43.219120+00:00", "session_id": "5858b336", "level": "INFO"}
{"event": "signal", "strategy": "mean_reversion", "symbol": "GOOGL", "direction": "SELL", "strength": 0.862146, "metadata": {"z": 2.0061, "rsi": 73.6, "rv": 0.167}, "ts": "2026-06-21T16:03:43.220949+00:00", "session_id": "5858b336", "level": "INFO"}
{"event": "info", "message": "SignalGenerator: 11 raw \u2192 7 combined signals", "metadata": {"regime": "BEAR", "n_strategies": 4, "allocations": {"stat_arb": 0.25, "momentum": 0.15, "factor_model": 0.25, "mean_reversion": 0.3}}, "ts": "2026-06-21T16:03:43.224469+00:00", "session_id": "5858b336", "level": "INFO"}
{"event": "risk_event", "event_type": "trade_rejected", "details": {"symbol": "JNJ", "side": "sell", "qty": 138, "reason": "Individual short position 19.90% exceeds limit 5%", "strategy": "combined"}, "ts": "2026-06-21T16:03:43.240455+00:00", "session_id": "5858b336", "level": "WARNING"}
{"event": "risk_event", "event_type": "trade_rejected", "details": {"symbol": "XOM", "side": "sell", "qty": 134, "reason": "Individual short position 11.71% exceeds limit 5%", "strategy": "combined"}, "ts": "2026-06-21T16:03:43.243675+00:00", "session_id": "5858b336", "level": "WARNING"}
{"event": "risk_event", "event_type": "trade_rejected", "details": {"symbol": "PG", "side": "sell", "qty": 142, "reason": "Individual short position 20.00% exceeds limit 5%", "strategy": "combined"}, "ts": "2026-06-21T16:03:43.246894+00:00", "session_id": "5858b336", "level": "WARNING"}
  [bar 290] 2024-01-23 05:00:00+00:00 | 7 signals | equity=103,075 | regime=BEAR
StatArbStrategy.generate_signals: no pairs loaded. Call find_pairs() first.
{"event": "signal", "strategy": "momentum", "symbol": "MSFT", "direction": "BUY", "strength": 1.0, "metadata": {"rank": 0.9333333333333333, "sector": "Technology", "fallback": true}, "ts": "2026-06-21T16:03:43.487110+00:00", "session_id": "5858b336", "level": "INFO"}
{"event": "signal", "strategy": "momentum", "symbol": "NVDA", "direction": "BUY", "strength": 0.663155, "metadata": {"rank": 1.0, "sector": "Technology", "fallback": true}, "ts": "2026-06-21T16:03:43.487451+00:00", "session_id": "5858b336", "level": "INFO"}
{"event": "signal", "strategy": "momentum", "symbol": "JNJ", "direction": "SELL", "strength": 1.0, "metadata": {"rank": 0.2, "sector": "Healthcare", "fallback": true}, "ts": "2026-06-21T16:03:43.487993+00:00", "session_id": "5858b336", "level": "INFO"}
{"event": "signal", "strategy": "momentum", "symbol": "AMZN", "direction": "BUY", "strength": 0.707005, "metadata": {"rank": 0.8666666666666667, "sector": "Consumer Discretionary", "fallback": true}, "ts": "2026-06-21T16:03:43.488920+00:00", "session_id": "5858b336", "level": "INFO"}
{"event": "signal", "strategy": "momentum", "symbol": "XOM", "direction": "SELL", "strength": 0.906882, "metadata": {"rank": 0.13333333333333333, "sector": "Energy", "fallback": true}, "ts": "2026-06-21T16:03:43.489517+00:00", "session_id": "5858b336", "level": "INFO"}
{"event": "signal", "strategy": "momentum", "symbol": "GOOGL", "direction": "BUY", "strength": 0.787898, "metadata": {"rank": 0.8, "sector": "Communication Services", "fallback": true}, "ts": "2026-06-21T16:03:43.490685+00:00", "session_id": "5858b336", "level": "INFO"}
MeanReversion: no volume data supplied — volume filter bypassed
{"event": "signal", "strategy": "mean_reversion", "symbol": "MSFT", "direction": "SELL", "strength": 1.0, "metadata": {"z": 2.1343, "rsi": 86.67, "rv": 0.1297}, "ts": "2026-06-21T16:03:43.511766+00:00", "session_id": "5858b336", "level": "INFO"}
{"event": "signal", "strategy": "mean_reversion", "symbol": "NVDA", "direction": "SELL", "strength": 1.0, "metadata": {"z": 2.7135, "rsi": 96.99, "rv": 0.312}, "ts": "2026-06-21T16:03:43.513588+00:00", "session_id": "5858b336", "level": "INFO"}
{"event": "signal", "strategy": "mean_reversion", "symbol": "TSLA", "direction": "BUY", "strength": 0.44574, "metadata": {"z": -1.5688, "rsi": 11.61, "rv": 0.276}, "ts": "2026-06-21T16:03:43.523306+00:00", "session_id": "5858b336", "level": "INFO"}
{"event": "signal", "strategy": "mean_reversion", "symbol": "GOOGL", "direction": "SELL", "strength": 1.0, "metadata": {"z": 2.2237, "rsi": 74.82, "rv": 0.169}, "ts": "2026-06-21T16:03:43.529769+00:00", "session_id": "5858b336", "level": "INFO"}
{"event": "info", "message": "SignalGenerator: 10 raw \u2192 7 combined signals", "metadata": {"regime": "SIDEWAYS", "n_strategies": 4, "allocations": {"stat_arb": 0.25, "momentum": 0.3, "factor_model": 0.25, "mean_reversion": 0.18}}, "ts": "2026-06-21T16:03:43.533118+00:00", "session_id": "5858b336", "level": "INFO"}
{"event": "risk_event", "event_type": "trade_rejected", "details": {"symbol": "JNJ", "side": "sell", "qty": 139, "reason": "Individual short position 19.92% exceeds limit 5%", "strategy": "combined"}, "ts": "2026-06-21T16:03:43.549322+00:00", "session_id": "5858b336", "level": "WARNING"}
{"event": "order", "order_id": "7910e0fd-bf6", "symbol": "AMZN", "side": "buy", "qty": 28, "price": 0.0, "status": "submitted", "metadata": {"order_type": "market", "strategy": "combined"}, "ts": "2026-06-21T16:03:43.552207+00:00", "session_id": "5858b336", "level": "INFO"}
{"event": "risk_event", "event_type": "trade_rejected", "details": {"symbol": "XOM", "side": "sell", "qty": 213, "reason": "Individual short position 18.93% exceeds limit 5%", "strategy": "combined"}, "ts": "2026-06-21T16:03:43.556545+00:00", "session_id": "5858b336", "level": "WARNING"}
{"event": "order", "order_id": "a47b04e4-89f", "symbol": "TSLA", "side": "buy", "qty": 5, "price": 0.0, "status": "submitted", "metadata": {"order_type": "market", "strategy": "combined"}, "ts": "2026-06-21T16:03:43.559788+00:00", "session_id": "5858b336", "level": "INFO"}
  [bar 291] 2024-01-24 05:00:00+00:00 | 7 signals | equity=103,161 | regime=SIDEWAYS
{"event": "fill", "order_id": "7910e0fd-bf6", "fill_price": 157.06001857905648, "fill_qty": 28, "slippage_bps": 7.01, "metadata": {"symbol": "AMZN", "side": "buy", "commission": 0.14, "strategy": "combined"}, "ts": "2026-06-21T16:03:43.564254+00:00", "session_id": "5858b336", "level": "INFO"}
{"event": "fill", "order_id": "a47b04e4-89f", "fill_price": 189.83291194594827, "fill_qty": 5, "slippage_bps": 7.0066, "metadata": {"symbol": "TSLA", "side": "buy", "commission": 0.025, "strategy": "combined"}, "ts": "2026-06-21T16:03:43.567557+00:00", "session_id": "5858b336", "level": "INFO"}
StatArbStrategy.generate_signals: no pairs loaded. Call find_pairs() first.
{"event": "signal", "strategy": "momentum", "symbol": "MSFT", "direction": "BUY", "strength": 0.566889, "metadata": {"rank": 0.9333333333333333, "sector": "Technology", "fallback": true}, "ts": "2026-06-21T16:03:43.803949+00:00", "session_id": "5858b336", "level": "INFO"}
{"event": "signal", "strategy": "momentum", "symbol": "NVDA", "direction": "BUY", "strength": 0.331571, "metadata": {"rank": 1.0, "sector": "Technology", "fallback": true}, "ts": "2026-06-21T16:03:43.804218+00:00", "session_id": "5858b336", "level": "INFO"}
{"event": "signal", "strategy": "momentum", "symbol": "JNJ", "direction": "SELL", "strength": 0.655387, "metadata": {"rank": 0.13333333333333333, "sector": "Healthcare", "fallback": true}, "ts": "2026-06-21T16:03:43.804697+00:00", "session_id": "5858b336", "level": "INFO"}
{"event": "signal", "strategy": "momentum", "symbol": "AMZN", "direction": "BUY", "strength": 0.414776, "metadata": {"rank": 0.8666666666666667, "sector": "Consumer Discretionary", "fallback": true}, "ts": "2026-06-21T16:03:43.805532+00:00", "session_id": "5858b336", "level": "INFO"}
{"event": "signal", "strategy": "momentum", "symbol": "XOM", "direction": "SELL", "strength": 0.410778, "metadata": {"rank": 0.2, "sector": "Energy", "fallback": true}, "ts": "2026-06-21T16:03:43.806017+00:00", "session_id": "5858b336", "level": "INFO"}
{"event": "signal", "strategy": "momentum", "symbol": "GOOGL", "direction": "BUY", "strength": 0.38811, "metadata": {"rank": 0.8, "sector": "Communication Services", "fallback": true}, "ts": "2026-06-21T16:03:43.806913+00:00", "session_id": "5858b336", "level": "INFO"}
MeanReversion: no volume data supplied — volume filter bypassed
{"event": "signal", "strategy": "mean_reversion", "symbol": "MSFT", "direction": "SELL", "strength": 1.0, "metadata": {"z": 2.2962, "rsi": 92.71, "rv": 0.1293}, "ts": "2026-06-21T16:03:43.824254+00:00", "session_id": "5858b336", "level": "INFO"}
{"event": "signal", "strategy": "mean_reversion", "symbol": "NVDA", "direction": "SELL", "strength": 1.0, "metadata": {"z": 2.6157, "rsi": 96.96, "rv": 0.313}, "ts": "2026-06-21T16:03:43.826138+00:00", "session_id": "5858b336", "level": "INFO"}
{"event": "signal", "strategy": "mean_reversion", "symbol": "UNH", "direction": "BUY", "strength": 1.0, "metadata": {"z": -3.2566, "rsi": 22.71, "rv": 0.2568}, "ts": "2026-06-21T16:03:43.829570+00:00", "session_id": "5858b336", "level": "INFO"}
{"event": "signal", "strategy": "mean_reversion", "symbol": "AMZN", "direction": "SELL", "strength": 0.614799, "metadata": {"z": 1.7355, "rsi": 81.03, "rv": 0.1964}, "ts": "2026-06-21T16:03:43.834555+00:00", "session_id": "5858b336", "level": "INFO"}
{"event": "signal", "strategy": "mean_reversion", "symbol": "TSLA", "direction": "BUY", "strength": 1.0, "metadata": {"z": -2.9476, "rsi": 7.17, "rv": 0.4928}, "ts": "2026-06-21T16:03:43.836385+00:00", "session_id": "5858b336", "level": "INFO"}
{"event": "signal", "strategy": "mean_reversion", "symbol": "PG", "direction": "SELL", "strength": 1.0, "metadata": {"z": 2.599, "rsi": 71.32, "rv": 0.1879}, "ts": "2026-06-21T16:03:43.841298+00:00", "session_id": "5858b336", "level": "INFO"}
{"event": "signal", "strategy": "mean_reversion", "symbol": "GOOGL", "direction": "SELL", "strength": 1.0, "metadata": {"z": 2.6544, "rsi": 88.05, "rv": 0.1811}, "ts": "2026-06-21T16:03:43.843109+00:00", "session_id": "5858b336", "level": "INFO"}
{"event": "info", "message": "SignalGenerator: 13 raw \u2192 9 combined signals", "metadata": {"regime": "BEAR", "n_strategies": 4, "allocations": {"stat_arb": 0.25, "momentum": 0.15, "factor_model": 0.25, "mean_reversion": 0.3}}, "ts": "2026-06-21T16:03:43.846612+00:00", "session_id": "5858b336", "level": "INFO"}
{"event": "risk_event", "event_type": "trade_rejected", "details": {"symbol": "JNJ", "side": "sell", "qty": 138, "reason": "Individual short position 19.90% exceeds limit 5%", "strategy": "combined"}, "ts": "2026-06-21T16:03:43.869585+00:00", "session_id": "5858b336", "level": "WARNING"}
{"event": "risk_event", "event_type": "trade_rejected", "details": {"symbol": "XOM", "side": "sell", "qty": 143, "reason": "Individual short position 13.06% exceeds limit 5%", "strategy": "combined"}, "ts": "2026-06-21T16:03:43.874334+00:00", "session_id": "5858b336", "level": "WARNING"}
{"event": "order", "order_id": "63788be6-852", "symbol": "UNH", "side": "buy", "qty": 38, "price": 0.0, "status": "submitted", "metadata": {"order_type": "market", "strategy": "combined"}, "ts": "2026-06-21T16:03:43.879140+00:00", "session_id": "5858b336", "level": "INFO"}
{"event": "risk_event", "event_type": "trade_rejected", "details": {"symbol": "PG", "side": "sell", "qty": 140, "reason": "Individual short position 19.95% exceeds limit 5%", "strategy": "combined"}, "ts": "2026-06-21T16:03:43.882855+00:00", "session_id": "5858b336", "level": "WARNING"}
  [bar 292] 2024-01-25 05:00:00+00:00 | 9 signals | equity=102,931 | regime=BEAR
{"event": "fill", "order_id": "63788be6-852", "fill_price": 468.00479067017966, "fill_qty": 38, "slippage_bps": 7.05, "metadata": {"symbol": "UNH", "side": "buy", "commission": 0.19, "strategy": "combined"}, "ts": "2026-06-21T16:03:43.888645+00:00", "session_id": "5858b336", "level": "INFO"}
StatArbStrategy.generate_signals: no pairs loaded. Call find_pairs() first.
{"event": "signal", "strategy": "momentum", "symbol": "MSFT", "direction": "BUY", "strength": 1.0, "metadata": {"rank": 0.9333333333333333, "sector": "Technology", "fallback": true}, "ts": "2026-06-21T16:03:44.149967+00:00", "session_id": "5858b336", "level": "INFO"}
{"event": "signal", "strategy": "momentum", "symbol": "NVDA", "direction": "BUY", "strength": 0.660382, "metadata": {"rank": 1.0, "sector": "Technology", "fallback": true}, "ts": "2026-06-21T16:03:44.150273+00:00", "session_id": "5858b336", "level": "INFO"}
{"event": "signal", "strategy": "momentum", "symbol": "JNJ", "direction": "SELL", "strength": 1.0, "metadata": {"rank": 0.2, "sector": "Healthcare", "fallback": true}, "ts": "2026-06-21T16:03:44.150741+00:00", "session_id": "5858b336", "level": "INFO"}
{"event": "signal", "strategy": "momentum", "symbol": "AMZN", "direction": "BUY", "strength": 0.882463, "metadata": {"rank": 0.8666666666666667, "sector": "Consumer Discretionary", "fallback": true}, "ts": "2026-06-21T16:03:44.151663+00:00", "session_id": "5858b336", "level": "INFO"}
{"event": "signal", "strategy": "momentum", "symbol": "XOM", "direction": "SELL", "strength": 0.886731, "metadata": {"rank": 0.13333333333333333, "sector": "Energy", "fallback": true}, "ts": "2026-06-21T16:03:44.152230+00:00", "session_id": "5858b336", "level": "INFO"}
{"event": "signal", "strategy": "momentum", "symbol": "GOOGL", "direction": "BUY", "strength": 0.785172, "metadata": {"rank": 0.8, "sector": "Communication Services", "fallback": true}, "ts": "2026-06-21T16:03:44.153377+00:00", "session_id": "5858b336", "level": "INFO"}
MeanReversion: no volume data supplied — volume filter bypassed
{"event": "signal", "strategy": "mean_reversion", "symbol": "MSFT", "direction": "SELL", "strength": 1.0, "metadata": {"z": 2.1971, "rsi": 91.13, "rv": 0.1297}, "ts": "2026-06-21T16:03:44.175426+00:00", "session_id": "5858b336", "level": "INFO"}
{"event": "signal", "strategy": "mean_reversion", "symbol": "NVDA", "direction": "SELL", "strength": 1.0, "metadata": {"z": 2.3662, "rsi": 92.66, "rv": 0.3204}, "ts": "2026-06-21T16:03:44.177308+00:00", "session_id": "5858b336", "level": "INFO"}
{"event": "signal", "strategy": "mean_reversion", "symbol": "AMZN", "direction": "SELL", "strength": 0.795486, "metadata": {"z": 1.9529, "rsi": 81.63, "rv": 0.1979}, "ts": "2026-06-21T16:03:44.185545+00:00", "session_id": "5858b336", "level": "INFO"}
{"event": "signal", "strategy": "mean_reversion", "symbol": "TSLA", "direction": "BUY", "strength": 1.0, "metadata": {"z": -2.8001, "rsi": 8.11, "rv": 0.481}, "ts": "2026-06-21T16:03:44.187377+00:00", "session_id": "5858b336", "level": "INFO"}
{"event": "signal", "strategy": "mean_reversion", "symbol": "PG", "direction": "SELL", "strength": 1.0, "metadata": {"z": 2.5764, "rsi": 77.04, "rv": 0.1876}, "ts": "2026-06-21T16:03:44.192256+00:00", "session_id": "5858b336", "level": "INFO"}
{"event": "signal", "strategy": "mean_reversion", "symbol": "GOOGL", "direction": "SELL", "strength": 1.0, "metadata": {"z": 2.5707, "rsi": 91.15, "rv": 0.1759}, "ts": "2026-06-21T16:03:44.194055+00:00", "session_id": "5858b336", "level": "INFO"}
{"event": "info", "message": "SignalGenerator: 12 raw \u2192 8 combined signals", "metadata": {"regime": "SIDEWAYS", "n_strategies": 4, "allocations": {"stat_arb": 0.25, "momentum": 0.3, "factor_model": 0.25, "mean_reversion": 0.18}}, "ts": "2026-06-21T16:03:44.197547+00:00", "session_id": "5858b336", "level": "INFO"}
{"event": "risk_event", "event_type": "trade_rejected", "details": {"symbol": "JNJ", "side": "sell", "qty": 138, "reason": "Individual short position 19.94% exceeds limit 5%", "strategy": "combined"}, "ts": "2026-06-21T16:03:44.215890+00:00", "session_id": "5858b336", "level": "WARNING"}
{"event": "order", "order_id": "54f16bc1-91f", "symbol": "AMZN", "side": "buy", "qty": 8, "price": 0.0, "status": "submitted", "metadata": {"order_type": "market", "strategy": "combined"}, "ts": "2026-06-21T16:03:44.219343+00:00", "session_id": "5858b336", "level": "INFO"}
{"event": "risk_event", "event_type": "trade_rejected", "details": {"symbol": "XOM", "side": "sell", "qty": 151, "reason": "Individual short position 13.94% exceeds limit 5%", "strategy": "combined"}, "ts": "2026-06-21T16:03:44.223601+00:00", "session_id": "5858b336", "level": "WARNING"}
{"event": "risk_event", "event_type": "trade_rejected", "details": {"symbol": "PG", "side": "sell", "qty": 139, "reason": "Individual short position 19.92% exceeds limit 5%", "strategy": "combined"}, "ts": "2026-06-21T16:03:44.228851+00:00", "session_id": "5858b336", "level": "WARNING"}
  [bar 293] 2024-01-26 05:00:00+00:00 | 8 signals | equity=102,694 | regime=SIDEWAYS
{"event": "fill", "order_id": "54f16bc1-91f", "fill_price": 159.45161987226723, "fill_qty": 8, "slippage_bps": 7.0054, "metadata": {"symbol": "AMZN", "side": "buy", "commission": 0.04, "strategy": "combined"}, "ts": "2026-06-21T16:03:44.232522+00:00", "session_id": "5858b336", "level": "INFO"}
Model is not converging.  Current: 1597.6789805166045 is not greater than 1597.7140935497252. Delta is -0.035113033120751425
StatArbStrategy.generate_signals: no pairs loaded. Call find_pairs() first.
{"event": "signal", "strategy": "momentum", "symbol": "MSFT", "direction": "BUY", "strength": 1.0, "metadata": {"rank": 0.9333333333333333, "sector": "Technology", "fallback": true}, "ts": "2026-06-21T16:03:44.569448+00:00", "session_id": "5858b336", "level": "INFO"}
{"event": "signal", "strategy": "momentum", "symbol": "NVDA", "direction": "BUY", "strength": 0.660257, "metadata": {"rank": 1.0, "sector": "Technology", "fallback": true}, "ts": "2026-06-21T16:03:44.569898+00:00", "session_id": "5858b336", "level": "INFO"}
{"event": "signal", "strategy": "momentum", "symbol": "JNJ", "direction": "SELL", "strength": 1.0, "metadata": {"rank": 0.2, "sector": "Healthcare", "fallback": true}, "ts": "2026-06-21T16:03:44.570617+00:00", "session_id": "5858b336", "level": "INFO"}
{"event": "signal", "strategy": "momentum", "symbol": "JPM", "direction": "BUY", "strength": 1.0, "metadata": {"rank": 0.8, "sector": "Financials", "fallback": true}, "ts": "2026-06-21T16:03:44.571446+00:00", "session_id": "5858b336", "level": "INFO"}
{"event": "signal", "strategy": "momentum", "symbol": "AMZN", "direction": "BUY", "strength": 0.877381, "metadata": {"rank": 0.8666666666666667, "sector": "Consumer Discretionary", "fallback": true}, "ts": "2026-06-21T16:03:44.572182+00:00", "session_id": "5858b336", "level": "INFO"}
{"event": "signal", "strategy": "momentum", "symbol": "XOM", "direction": "SELL", "strength": 0.886611, "metadata": {"rank": 0.13333333333333333, "sector": "Energy", "fallback": true}, "ts": "2026-06-21T16:03:44.572986+00:00", "session_id": "5858b336", "level": "INFO"}
MeanReversion: no volume data supplied — volume filter bypassed
{"event": "signal", "strategy": "mean_reversion", "symbol": "MSFT", "direction": "SELL", "strength": 1.0, "metadata": {"z": 2.5715, "rsi": 90.89, "rv": 0.1348}, "ts": "2026-06-21T16:03:44.602201+00:00", "session_id": "5858b336", "level": "INFO"}
{"event": "signal", "strategy": "mean_reversion", "symbol": "NVDA", "direction": "SELL", "strength": 1.0, "metadata": {"z": 2.531, "rsi": 91.63, "rv": 0.3218}, "ts": "2026-06-21T16:03:44.605311+00:00", "session_id": "5858b336", "level": "INFO"}
{"event": "signal", "strategy": "mean_reversion", "symbol": "AMZN", "direction": "SELL", "strength": 1.0, "metadata": {"z": 2.297, "rsi": 80.07, "rv": 0.2019}, "ts": "2026-06-21T16:03:44.619006+00:00", "session_id": "5858b336", "level": "INFO"}
{"event": "signal", "strategy": "mean_reversion", "symbol": "TSLA", "direction": "BUY", "strength": 0.858586, "metadata": {"z": -2.3055, "rsi": 14.35, "rv": 0.5206}, "ts": "2026-06-21T16:03:44.621830+00:00", "session_id": "5858b336", "level": "INFO"}
{"event": "signal", "strategy": "mean_reversion", "symbol": "PG", "direction": "SELL", "strength": 1.0, "metadata": {"z": 2.4135, "rsi": 75.32, "rv": 0.1868}, "ts": "2026-06-21T16:03:44.628813+00:00", "session_id": "5858b336", "level": "INFO"}
{"event": "signal", "strategy": "mean_reversion", "symbol": "GOOGL", "direction": "SELL", "strength": 1.0, "metadata": {"z": 2.6481, "rsi": 90.28, "rv": 0.1756}, "ts": "2026-06-21T16:03:44.631302+00:00", "session_id": "5858b336", "level": "INFO"}
{"event": "info", "message": "SignalGenerator: 12 raw \u2192 9 combined signals", "metadata": {"regime": "SIDEWAYS", "n_strategies": 4, "allocations": {"stat_arb": 0.25, "momentum": 0.3, "factor_model": 0.25, "mean_reversion": 0.18}}, "ts": "2026-06-21T16:03:44.636266+00:00", "session_id": "5858b336", "level": "INFO"}
{"event": "risk_event", "event_type": "trade_rejected", "details": {"symbol": "JNJ", "side": "sell", "qty": 139, "reason": "Individual short position 19.91% exceeds limit 5%", "strategy": "combined"}, "ts": "2026-06-21T16:03:44.659915+00:00", "session_id": "5858b336", "level": "WARNING"}
{"event": "order", "order_id": "86fd5f99-fb4", "symbol": "JPM", "side": "buy", "qty": 125, "price": 0.0, "status": "submitted", "metadata": {"order_type": "market", "strategy": "combined"}, "ts": "2026-06-21T16:03:44.664005+00:00", "session_id": "5858b336", "level": "INFO"}
{"event": "risk_event", "event_type": "trade_rejected", "details": {"symbol": "XOM", "side": "sell", "qty": 141, "reason": "Individual short position 12.93% exceeds limit 5%", "strategy": "combined"}, "ts": "2026-06-21T16:03:44.668986+00:00", "session_id": "5858b336", "level": "WARNING"}
{"event": "risk_event", "event_type": "trade_rejected", "details": {"symbol": "PG", "side": "sell", "qty": 140, "reason": "Individual short position 19.91% exceeds limit 5%", "strategy": "combined"}, "ts": "2026-06-21T16:03:44.674295+00:00", "session_id": "5858b336", "level": "WARNING"}
  [bar 294] 2024-01-29 05:00:00+00:00 | 9 signals | equity=103,516 | regime=SIDEWAYS
{"event": "fill", "order_id": "86fd5f99-fb4", "fill_price": 164.84513747013264, "fill_qty": 125, "slippage_bps": 7.0289, "metadata": {"symbol": "JPM", "side": "buy", "commission": 0.625, "strategy": "combined"}, "ts": "2026-06-21T16:03:44.682418+00:00", "session_id": "5858b336", "level": "INFO"}
StatArbStrategy.generate_signals: no pairs loaded. Call find_pairs() first.
{"event": "signal", "strategy": "momentum", "symbol": "MSFT", "direction": "BUY", "strength": 0.595407, "metadata": {"rank": 0.9333333333333333, "sector": "Technology", "fallback": true}, "ts": "2026-06-21T16:03:44.955956+00:00", "session_id": "5858b336", "level": "INFO"}
{"event": "signal", "strategy": "momentum", "symbol": "NVDA", "direction": "BUY", "strength": 0.337411, "metadata": {"rank": 1.0, "sector": "Technology", "fallback": true}, "ts": "2026-06-21T16:03:44.956297+00:00", "session_id": "5858b336", "level": "INFO"}
{"event": "signal", "strategy": "momentum", "symbol": "JNJ", "direction": "SELL", "strength": 0.611747, "metadata": {"rank": 0.2, "sector": "Healthcare", "fallback": true}, "ts": "2026-06-21T16:03:44.956851+00:00", "session_id": "5858b336", "level": "INFO"}
{"event": "signal", "strategy": "momentum", "symbol": "AMZN", "direction": "BUY", "strength": 0.448478, "metadata": {"rank": 0.8666666666666667, "sector": "Consumer Discretionary", "fallback": true}, "ts": "2026-06-21T16:03:44.957820+00:00", "session_id": "5858b336", "level": "INFO"}
{"event": "signal", "strategy": "momentum", "symbol": "XOM", "direction": "SELL", "strength": 0.436662, "metadata": {"rank": 0.13333333333333333, "sector": "Energy", "fallback": true}, "ts": "2026-06-21T16:03:44.958410+00:00", "session_id": "5858b336", "level": "INFO"}
{"event": "signal", "strategy": "momentum", "symbol": "GOOGL", "direction": "BUY", "strength": 0.392194, "metadata": {"rank": 0.8, "sector": "Communication Services", "fallback": true}, "ts": "2026-06-21T16:03:44.959569+00:00", "session_id": "5858b336", "level": "INFO"}
MeanReversion: no volume data supplied — volume filter bypassed
{"event": "signal", "strategy": "mean_reversion", "symbol": "MSFT", "direction": "SELL", "strength": 1.0, "metadata": {"z": 2.3969, "rsi": 88.26, "rv": 0.137}, "ts": "2026-06-21T16:03:44.980403+00:00", "session_id": "5858b336", "level": "INFO"}
{"event": "signal", "strategy": "mean_reversion", "symbol": "NVDA", "direction": "SELL", "strength": 1.0, "metadata": {"z": 2.4487, "rsi": 91.21, "rv": 0.3199}, "ts": "2026-06-21T16:03:44.982220+00:00", "session_id": "5858b336", "level": "INFO"}
{"event": "signal", "strategy": "mean_reversion", "symbol": "TSLA", "direction": "BUY", "strength": 0.788105, "metadata": {"z": -2.201, "rsi": 16.45, "rv": 0.5239}, "ts": "2026-06-21T16:03:44.991914+00:00", "session_id": "5858b336", "level": "INFO"}
{"event": "signal", "strategy": "mean_reversion", "symbol": "PG", "direction": "SELL", "strength": 1.0, "metadata": {"z": 2.6194, "rsi": 76.36, "rv": 0.1875}, "ts": "2026-06-21T16:03:44.996767+00:00", "session_id": "5858b336", "level": "INFO"}
{"event": "signal", "strategy": "mean_reversion", "symbol": "GOOGL", "direction": "SELL", "strength": 1.0, "metadata": {"z": 2.209, "rsi": 78.95, "rv": 0.1847}, "ts": "2026-06-21T16:03:44.998635+00:00", "session_id": "5858b336", "level": "INFO"}
{"event": "info", "message": "SignalGenerator: 11 raw \u2192 7 combined signals", "metadata": {"regime": "BEAR", "n_strategies": 4, "allocations": {"stat_arb": 0.25, "momentum": 0.15, "factor_model": 0.25, "mean_reversion": 0.3}}, "ts": "2026-06-21T16:03:45.002018+00:00", "session_id": "5858b336", "level": "INFO"}
{"event": "risk_event", "event_type": "trade_rejected", "details": {"symbol": "JNJ", "side": "sell", "qty": 139, "reason": "Individual short position 19.92% exceeds limit 5%", "strategy": "combined"}, "ts": "2026-06-21T16:03:45.019453+00:00", "session_id": "5858b336", "level": "WARNING"}
{"event": "risk_event", "event_type": "trade_rejected", "details": {"symbol": "XOM", "side": "sell", "qty": 119, "reason": "Individual short position 11.14% exceeds limit 5%", "strategy": "combined"}, "ts": "2026-06-21T16:03:45.024107+00:00", "session_id": "5858b336", "level": "WARNING"}
ExecutionManager: net exposure limit reached (89.0% vs ±80%) — skipping TSLA buy
{"event": "risk_event", "event_type": "trade_rejected", "details": {"symbol": "PG", "side": "sell", "qty": 138, "reason": "Individual short position 19.88% exceeds limit 5%", "strategy": "combined"}, "ts": "2026-06-21T16:03:45.028905+00:00", "session_id": "5858b336", "level": "WARNING"}
  [bar 295] 2024-01-30 05:00:00+00:00 | 7 signals | equity=103,073 | regime=BEAR
StatArbStrategy.generate_signals: no pairs loaded. Call find_pairs() first.
{"event": "signal", "strategy": "momentum", "symbol": "MSFT", "direction": "BUY", "strength": 1.0, "metadata": {"rank": 0.9333333333333333, "sector": "Technology", "fallback": true}, "ts": "2026-06-21T16:03:45.262069+00:00", "session_id": "5858b336", "level": "INFO"}
{"event": "signal", "strategy": "momentum", "symbol": "NVDA", "direction": "BUY", "strength": 0.671033, "metadata": {"rank": 1.0, "sector": "Technology", "fallback": true}, "ts": "2026-06-21T16:03:45.262390+00:00", "session_id": "5858b336", "level": "INFO"}
{"event": "signal", "strategy": "momentum", "symbol": "JNJ", "direction": "SELL", "strength": 1.0, "metadata": {"rank": 0.2, "sector": "Healthcare", "fallback": true}, "ts": "2026-06-21T16:03:45.262968+00:00", "session_id": "5858b336", "level": "INFO"}
{"event": "signal", "strategy": "momentum", "symbol": "JPM", "direction": "BUY", "strength": 1.0, "metadata": {"rank": 0.8, "sector": "Financials", "fallback": true}, "ts": "2026-06-21T16:03:45.263576+00:00", "session_id": "5858b336", "level": "INFO"}
{"event": "signal", "strategy": "momentum", "symbol": "AMZN", "direction": "BUY", "strength": 0.864618, "metadata": {"rank": 0.8666666666666667, "sector": "Consumer Discretionary", "fallback": true}, "ts": "2026-06-21T16:03:45.264143+00:00", "session_id": "5858b336", "level": "INFO"}
{"event": "signal", "strategy": "momentum", "symbol": "XOM", "direction": "SELL", "strength": 0.90852, "metadata": {"rank": 0.13333333333333333, "sector": "Energy", "fallback": true}, "ts": "2026-06-21T16:03:45.264739+00:00", "session_id": "5858b336", "level": "INFO"}
{"event": "signal", "strategy": "factor_model", "symbol": "TSLA", "direction": "SELL", "strength": 0.50906, "metadata": {"composite_score": -1.527179692202024}, "ts": "2026-06-21T16:03:45.281739+00:00", "session_id": "5858b336", "level": "INFO"}
{"event": "signal", "strategy": "factor_model", "symbol": "NVDA", "direction": "BUY", "strength": 0.34613, "metadata": {"composite_score": 1.038389144996208}, "ts": "2026-06-21T16:03:45.282051+00:00", "session_id": "5858b336", "level": "INFO"}
{"event": "signal", "strategy": "factor_model", "symbol": "JPM", "direction": "BUY", "strength": 0.311085, "metadata": {"composite_score": 0.9332560051854684}, "ts": "2026-06-21T16:03:45.282322+00:00", "session_id": "5858b336", "level": "INFO"}
MeanReversion: no volume data supplied — volume filter bypassed
{"event": "signal", "strategy": "mean_reversion", "symbol": "NVDA", "direction": "SELL", "strength": 0.834834, "metadata": {"z": 2.0922, "rsi": 80.61, "rv": 0.3082}, "ts": "2026-06-21T16:03:45.287661+00:00", "session_id": "5858b336", "level": "INFO"}
{"event": "signal", "strategy": "mean_reversion", "symbol": "TSLA", "direction": "BUY", "strength": 0.857405, "metadata": {"z": -2.3056, "rsi": 15.65, "rv": 0.5227}, "ts": "2026-06-21T16:03:45.297434+00:00", "session_id": "5858b336", "level": "INFO"}
{"event": "signal", "strategy": "mean_reversion", "symbol": "PG", "direction": "SELL", "strength": 1.0, "metadata": {"z": 2.3649, "rsi": 73.9, "rv": 0.184}, "ts": "2026-06-21T16:03:45.302278+00:00", "session_id": "5858b336", "level": "INFO"}
{"event": "signal", "strategy": "mean_reversion", "symbol": "GOOGL", "direction": "CLOSE", "strength": 1.0, "metadata": {"z": 0.349, "action": "mean_reversion_exit"}, "ts": "2026-06-21T16:03:45.304101+00:00", "session_id": "5858b336", "level": "INFO"}
{"event": "info", "message": "SignalGenerator: 13 raw \u2192 9 combined signals", "metadata": {"regime": "SIDEWAYS", "n_strategies": 4, "allocations": {"stat_arb": 0.25, "momentum": 0.3, "factor_model": 0.25, "mean_reversion": 0.18}}, "ts": "2026-06-21T16:03:45.307608+00:00", "session_id": "5858b336", "level": "INFO"}
ExecutionManager: net exposure limit reached (88.9% vs ±80%) — skipping MSFT buy
ExecutionManager: net exposure limit reached (88.9% vs ±80%) — skipping NVDA buy
{"event": "risk_event", "event_type": "trade_rejected", "details": {"symbol": "JNJ", "side": "sell", "qty": 138, "reason": "Individual short position 19.94% exceeds limit 5%", "strategy": "combined"}, "ts": "2026-06-21T16:03:45.327391+00:00", "session_id": "5858b336", "level": "WARNING"}
ExecutionManager: net exposure limit reached (88.9% vs ±80%) — skipping JPM buy
ExecutionManager: net exposure limit reached (88.9% vs ±80%) — skipping AMZN buy
{"event": "risk_event", "event_type": "trade_rejected", "details": {"symbol": "XOM", "side": "sell", "qty": 142, "reason": "Individual short position 13.14% exceeds limit 5%", "strategy": "combined"}, "ts": "2026-06-21T16:03:45.332128+00:00", "session_id": "5858b336", "level": "WARNING"}
{"event": "order", "order_id": "9b7d849f-9be", "symbol": "TSLA", "side": "sell", "qty": 23, "price": 0.0, "status": "submitted", "metadata": {"order_type": "market", "strategy": "combined"}, "ts": "2026-06-21T16:03:45.332305+00:00", "session_id": "5858b336", "level": "INFO"}
{"event": "risk_event", "event_type": "trade_rejected", "details": {"symbol": "PG", "side": "sell", "qty": 138, "reason": "Individual short position 19.99% exceeds limit 5%", "strategy": "combined"}, "ts": "2026-06-21T16:03:45.336982+00:00", "session_id": "5858b336", "level": "WARNING"}
  [bar 296] 2024-01-31 05:00:00+00:00 | 9 signals | equity=102,288 | regime=SIDEWAYS
{"event": "fill", "order_id": "9b7d849f-9be", "fill_price": 188.3677691722828, "fill_qty": 23, "slippage_bps": 7.0149, "metadata": {"symbol": "TSLA", "side": "sell", "commission": 0.115, "strategy": "combined"}, "ts": "2026-06-21T16:03:45.342535+00:00", "session_id": "5858b336", "level": "INFO"}
StatArbStrategy.generate_signals: no pairs loaded. Call find_pairs() first.
{"event": "signal", "strategy": "momentum", "symbol": "MSFT", "direction": "BUY", "strength": 0.552079, "metadata": {"rank": 0.9333333333333333, "sector": "Technology", "fallback": true}, "ts": "2026-06-21T16:03:45.581658+00:00", "session_id": "5858b336", "level": "INFO"}
{"event": "signal", "strategy": "momentum", "symbol": "NVDA", "direction": "BUY", "strength": 0.339255, "metadata": {"rank": 1.0, "sector": "Technology", "fallback": true}, "ts": "2026-06-21T16:03:45.581930+00:00", "session_id": "5858b336", "level": "INFO"}
{"event": "signal", "strategy": "momentum", "symbol": "JNJ", "direction": "SELL", "strength": 0.619983, "metadata": {"rank": 0.2, "sector": "Healthcare", "fallback": true}, "ts": "2026-06-21T16:03:45.582433+00:00", "session_id": "5858b336", "level": "INFO"}
{"event": "signal", "strategy": "momentum", "symbol": "JPM", "direction": "BUY", "strength": 0.72449, "metadata": {"rank": 0.8666666666666667, "sector": "Financials", "fallback": true}, "ts": "2026-06-21T16:03:45.582919+00:00", "session_id": "5858b336", "level": "INFO"}
{"event": "signal", "strategy": "momentum", "symbol": "AMZN", "direction": "BUY", "strength": 0.387601, "metadata": {"rank": 0.8, "sector": "Consumer Discretionary", "fallback": true}, "ts": "2026-06-21T16:03:45.583419+00:00", "session_id": "5858b336", "level": "INFO"}
{"event": "signal", "strategy": "momentum", "symbol": "XOM", "direction": "SELL", "strength": 0.457521, "metadata": {"rank": 0.13333333333333333, "sector": "Energy", "fallback": true}, "ts": "2026-06-21T16:03:45.583901+00:00", "session_id": "5858b336", "level": "INFO"}
MeanReversion: no volume data supplied — volume filter bypassed
{"event": "signal", "strategy": "mean_reversion", "symbol": "NVDA", "direction": "SELL", "strength": 0.96518, "metadata": {"z": 2.2513, "rsi": 82.17, "rv": 0.2964}, "ts": "2026-06-21T16:03:45.603850+00:00", "session_id": "5858b336", "level": "INFO"}
{"event": "signal", "strategy": "mean_reversion", "symbol": "TSLA", "direction": "BUY", "strength": 0.734983, "metadata": {"z": -2.116, "rsi": 19.44, "rv": 0.5184}, "ts": "2026-06-21T16:03:45.616957+00:00", "session_id": "5858b336", "level": "INFO"}
{"event": "signal", "strategy": "mean_reversion", "symbol": "PG", "direction": "SELL", "strength": 1.0, "metadata": {"z": 2.7083, "rsi": 75.98, "rv": 0.1838}, "ts": "2026-06-21T16:03:45.621882+00:00", "session_id": "5858b336", "level": "INFO"}
{"event": "info", "message": "SignalGenerator: 9 raw \u2192 6 combined signals", "metadata": {"regime": "BEAR", "n_strategies": 4, "allocations": {"stat_arb": 0.25, "momentum": 0.15, "factor_model": 0.25, "mean_reversion": 0.3}}, "ts": "2026-06-21T16:03:45.626814+00:00", "session_id": "5858b336", "level": "INFO"}
{"event": "risk_event", "event_type": "trade_rejected", "details": {"symbol": "JNJ", "side": "sell", "qty": 139, "reason": "Individual short position 19.90% exceeds limit 5%", "strategy": "combined"}, "ts": "2026-06-21T16:03:45.644174+00:00", "session_id": "5858b336", "level": "WARNING"}
ExecutionManager: net exposure limit reached (84.8% vs ±80%) — skipping JPM buy
ExecutionManager: net exposure limit reached (84.8% vs ±80%) — skipping TSLA buy
{"event": "risk_event", "event_type": "trade_rejected", "details": {"symbol": "PG", "side": "sell", "qty": 137, "reason": "Individual short position 19.98% exceeds limit 5%", "strategy": "combined"}, "ts": "2026-06-21T16:03:45.648473+00:00", "session_id": "5858b336", "level": "WARNING"}
  [bar 297] 2024-02-01 05:00:00+00:00 | 6 signals | equity=102,885 | regime=BEAR
StatArbStrategy.generate_signals: no pairs loaded. Call find_pairs() first.
{"event": "signal", "strategy": "momentum", "symbol": "MSFT", "direction": "BUY", "strength": 1.0, "metadata": {"rank": 0.9333333333333333, "sector": "Technology", "fallback": true}, "ts": "2026-06-21T16:03:45.895980+00:00", "session_id": "5858b336", "level": "INFO"}
{"event": "signal", "strategy": "momentum", "symbol": "NVDA", "direction": "BUY", "strength": 0.651732, "metadata": {"rank": 1.0, "sector": "Technology", "fallback": true}, "ts": "2026-06-21T16:03:45.896271+00:00", "session_id": "5858b336", "level": "INFO"}
{"event": "signal", "strategy": "momentum", "symbol": "JNJ", "direction": "SELL", "strength": 1.0, "metadata": {"rank": 0.2, "sector": "Healthcare", "fallback": true}, "ts": "2026-06-21T16:03:45.896747+00:00", "session_id": "5858b336", "level": "INFO"}
{"event": "signal", "strategy": "momentum", "symbol": "JPM", "direction": "BUY", "strength": 1.0, "metadata": {"rank": 0.8666666666666667, "sector": "Financials", "fallback": true}, "ts": "2026-06-21T16:03:45.897263+00:00", "session_id": "5858b336", "level": "INFO"}
{"event": "signal", "strategy": "momentum", "symbol": "XOM", "direction": "SELL", "strength": 0.931062, "metadata": {"rank": 0.13333333333333333, "sector": "Energy", "fallback": true}, "ts": "2026-06-21T16:03:45.898040+00:00", "session_id": "5858b336", "level": "INFO"}
{"event": "signal", "strategy": "momentum", "symbol": "LIN", "direction": "BUY", "strength": 0.950875, "metadata": {"rank": 0.8, "sector": "Materials", "fallback": true}, "ts": "2026-06-21T16:03:45.899142+00:00", "session_id": "5858b336", "level": "INFO"}
MeanReversion: no volume data supplied — volume filter bypassed
{"event": "signal", "strategy": "mean_reversion", "symbol": "MSFT", "direction": "SELL", "strength": 1.0, "metadata": {"z": 2.3987, "rsi": 70.75, "rv": 0.1714}, "ts": "2026-06-21T16:03:45.915999+00:00", "session_id": "5858b336", "level": "INFO"}
{"event": "signal", "strategy": "mean_reversion", "symbol": "NVDA", "direction": "SELL", "strength": 1.0, "metadata": {"z": 2.6365, "rsi": 86.29, "rv": 0.3197}, "ts": "2026-06-21T16:03:45.917806+00:00", "session_id": "5858b336", "level": "INFO"}
{"event": "signal", "strategy": "mean_reversion", "symbol": "JNJ", "direction": "CLOSE", "strength": 1.0, "metadata": {"z": 0.1573, "action": "mean_reversion_exit"}, "ts": "2026-06-21T16:03:45.919596+00:00", "session_id": "5858b336", "level": "INFO"}
{"event": "signal", "strategy": "mean_reversion", "symbol": "AMZN", "direction": "CLOSE", "strength": 1.0, "metadata": {"z": 3.7146, "action": "hard_stop"}, "ts": "2026-06-21T16:03:45.925941+00:00", "session_id": "5858b336", "level": "INFO"}
{"event": "signal", "strategy": "mean_reversion", "symbol": "TSLA", "direction": "BUY", "strength": 0.700763, "metadata": {"z": -2.0636, "rsi": 22.03, "rv": 0.5178}, "ts": "2026-06-21T16:03:45.927786+00:00", "session_id": "5858b336", "level": "INFO"}
{"event": "signal", "strategy": "mean_reversion", "symbol": "CAT", "direction": "SELL", "strength": 0.671821, "metadata": {"z": 1.8296, "rsi": 71.31, "rv": 0.2348}, "ts": "2026-06-21T16:03:45.931071+00:00", "session_id": "5858b336", "level": "INFO"}
{"event": "signal", "strategy": "mean_reversion", "symbol": "PG", "direction": "SELL", "strength": 1.0, "metadata": {"z": 2.2753, "rsi": 71.63, "rv": 0.1877}, "ts": "2026-06-21T16:03:45.932882+00:00", "session_id": "5858b336", "level": "INFO"}
{"event": "info", "message": "SignalGenerator: 13 raw \u2192 10 combined signals", "metadata": {"regime": "SIDEWAYS", "n_strategies": 4, "allocations": {"stat_arb": 0.25, "momentum": 0.3, "factor_model": 0.25, "mean_reversion": 0.18}}, "ts": "2026-06-21T16:03:45.937895+00:00", "session_id": "5858b336", "level": "INFO"}
ExecutionManager: net exposure limit reached (85.0% vs ±80%) — skipping MSFT buy
ExecutionManager: net exposure limit reached (85.0% vs ±80%) — skipping JPM buy
{"event": "risk_event", "event_type": "trade_rejected", "details": {"symbol": "XOM", "side": "sell", "qty": 114, "reason": "Individual short position 10.26% exceeds limit 5%", "strategy": "combined"}, "ts": "2026-06-21T16:03:45.960385+00:00", "session_id": "5858b336", "level": "WARNING"}
ExecutionManager: net exposure limit reached (85.0% vs ±80%) — skipping LIN buy
{"event": "order", "order_id": "802d60cc-893", "symbol": "AMZN", "side": "sell", "qty": 67, "price": 0.0, "status": "submitted", "metadata": {"order_type": "market", "strategy": "combined"}, "ts": "2026-06-21T16:03:45.960683+00:00", "session_id": "5858b336", "level": "INFO"}
ExecutionManager: net exposure limit reached (85.0% vs ±80%) — skipping TSLA buy
{"event": "risk_event", "event_type": "trade_rejected", "details": {"symbol": "PG", "side": "sell", "qty": 139, "reason": "Individual short position 19.87% exceeds limit 5%", "strategy": "combined"}, "ts": "2026-06-21T16:03:45.966001+00:00", "session_id": "5858b336", "level": "WARNING"}
  [bar 298] 2024-02-02 05:00:00+00:00 | 10 signals | equity=104,243 | regime=SIDEWAYS
{"event": "fill", "order_id": "802d60cc-893", "fill_price": 170.08045092413576, "fill_qty": 67, "slippage_bps": 7.0239, "metadata": {"symbol": "AMZN", "side": "sell", "commission": 0.335, "strategy": "combined"}, "ts": "2026-06-21T16:03:45.970470+00:00", "session_id": "5858b336", "level": "INFO"}
StatArbStrategy.generate_signals: no pairs loaded. Call find_pairs() first.
{"event": "signal", "strategy": "momentum", "symbol": "MSFT", "direction": "BUY", "strength": 0.537906, "metadata": {"rank": 0.9333333333333333, "sector": "Technology", "fallback": true}, "ts": "2026-06-21T16:03:46.202742+00:00", "session_id": "5858b336", "level": "INFO"}
{"event": "signal", "strategy": "momentum", "symbol": "NVDA", "direction": "BUY", "strength": 0.314502, "metadata": {"rank": 1.0, "sector": "Technology", "fallback": true}, "ts": "2026-06-21T16:03:46.203014+00:00", "session_id": "5858b336", "level": "INFO"}
{"event": "signal", "strategy": "momentum", "symbol": "JNJ", "direction": "SELL", "strength": 0.609324, "metadata": {"rank": 0.2, "sector": "Healthcare", "fallback": true}, "ts": "2026-06-21T16:03:46.203504+00:00", "session_id": "5858b336", "level": "INFO"}
{"event": "signal", "strategy": "momentum", "symbol": "JPM", "direction": "BUY", "strength": 0.725007, "metadata": {"rank": 0.8666666666666667, "sector": "Financials", "fallback": true}, "ts": "2026-06-21T16:03:46.203991+00:00", "session_id": "5858b336", "level": "INFO"}
{"event": "signal", "strategy": "momentum", "symbol": "XOM", "direction": "SELL", "strength": 0.47209, "metadata": {"rank": 0.13333333333333333, "sector": "Energy", "fallback": true}, "ts": "2026-06-21T16:03:46.204749+00:00", "session_id": "5858b336", "level": "INFO"}
{"event": "signal", "strategy": "momentum", "symbol": "LIN", "direction": "BUY", "strength": 0.469317, "metadata": {"rank": 0.8, "sector": "Materials", "fallback": true}, "ts": "2026-06-21T16:03:46.205878+00:00", "session_id": "5858b336", "level": "INFO"}
MeanReversion: no volume data supplied — volume filter bypassed
{"event": "signal", "strategy": "mean_reversion", "symbol": "NVDA", "direction": "SELL", "strength": 1.0, "metadata": {"z": 2.9243, "rsi": 87.48, "rv": 0.3374}, "ts": "2026-06-21T16:03:46.224349+00:00", "session_id": "5858b336", "level": "INFO"}
{"event": "signal", "strategy": "mean_reversion", "symbol": "AMZN", "direction": "SELL", "strength": 1.0, "metadata": {"z": 3.1253, "rsi": 73.63, "rv": 0.3279}, "ts": "2026-06-21T16:03:46.232260+00:00", "session_id": "5858b336", "level": "INFO"}
{"event": "signal", "strategy": "mean_reversion", "symbol": "TSLA", "direction": "BUY", "strength": 0.827347, "metadata": {"z": -2.2608, "rsi": 18.26, "rv": 0.5239}, "ts": "2026-06-21T16:03:46.234062+00:00", "session_id": "5858b336", "level": "INFO"}
{"event": "signal", "strategy": "mean_reversion", "symbol": "CAT", "direction": "SELL", "strength": 0.823091, "metadata": {"z": 2.0207, "rsi": 77.65, "rv": 0.2401}, "ts": "2026-06-21T16:03:46.237428+00:00", "session_id": "5858b336", "level": "INFO"}
{"event": "signal", "strategy": "mean_reversion", "symbol": "PG", "direction": "SELL", "strength": 0.993574, "metadata": {"z": 2.1753, "rsi": 74.87, "rv": 0.1829}, "ts": "2026-06-21T16:03:46.239196+00:00", "session_id": "5858b336", "level": "INFO"}
{"event": "info", "message": "SignalGenerator: 11 raw \u2192 8 combined signals", "metadata": {"regime": "BEAR", "n_strategies": 4, "allocations": {"stat_arb": 0.25, "momentum": 0.15, "factor_model": 0.25, "mean_reversion": 0.3}}, "ts": "2026-06-21T16:03:46.244075+00:00", "session_id": "5858b336", "level": "INFO"}
{"event": "risk_event", "event_type": "trade_rejected", "details": {"symbol": "JNJ", "side": "sell", "qty": 143, "reason": "Individual short position 19.98% exceeds limit 5%", "strategy": "combined"}, "ts": "2026-06-21T16:03:46.264769+00:00", "session_id": "5858b336", "level": "WARNING"}
{"event": "risk_event", "event_type": "trade_rejected", "details": {"symbol": "XOM", "side": "sell", "qty": 114, "reason": "Individual short position 10.27% exceeds limit 5%", "strategy": "combined"}, "ts": "2026-06-21T16:03:46.269083+00:00", "session_id": "5858b336", "level": "WARNING"}
{"event": "order", "order_id": "2f32c284-932", "symbol": "TSLA", "side": "buy", "qty": 23, "price": 0.0, "status": "submitted", "metadata": {"order_type": "market", "strategy": "combined"}, "ts": "2026-06-21T16:03:46.274007+00:00", "session_id": "5858b336", "level": "INFO"}
{"event": "risk_event", "event_type": "trade_rejected", "details": {"symbol": "PG", "side": "sell", "qty": 139, "reason": "Individual short position 19.99% exceeds limit 5%", "strategy": "combined"}, "ts": "2026-06-21T16:03:46.278745+00:00", "session_id": "5858b336", "level": "WARNING"}
  [bar 299] 2024-02-05 05:00:00+00:00 | 8 signals | equity=103,719 | regime=BEAR
{"event": "fill", "order_id": "2f32c284-932", "fill_price": 177.3343191349804, "fill_qty": 23, "slippage_bps": 7.015, "metadata": {"symbol": "TSLA", "side": "buy", "commission": 0.115, "strategy": "combined"}, "ts": "2026-06-21T16:03:46.288594+00:00", "session_id": "5858b336", "level": "INFO"}
StatArbStrategy.generate_signals: no pairs loaded. Call find_pairs() first.
{"event": "signal", "strategy": "momentum", "symbol": "MSFT", "direction": "BUY", "strength": 1.0, "metadata": {"rank": 0.9333333333333333, "sector": "Technology", "fallback": true}, "ts": "2026-06-21T16:03:46.667479+00:00", "session_id": "5858b336", "level": "INFO"}
{"event": "signal", "strategy": "momentum", "symbol": "NVDA", "direction": "BUY", "strength": 0.622838, "metadata": {"rank": 1.0, "sector": "Technology", "fallback": true}, "ts": "2026-06-21T16:03:46.667793+00:00", "session_id": "5858b336", "level": "INFO"}
{"event": "signal", "strategy": "momentum", "symbol": "JNJ", "direction": "SELL", "strength": 1.0, "metadata": {"rank": 0.2, "sector": "Healthcare", "fallback": true}, "ts": "2026-06-21T16:03:46.668391+00:00", "session_id": "5858b336", "level": "INFO"}
{"event": "signal", "strategy": "momentum", "symbol": "JPM", "direction": "BUY", "strength": 1.0, "metadata": {"rank": 0.8666666666666667, "sector": "Financials", "fallback": true}, "ts": "2026-06-21T16:03:46.669020+00:00", "session_id": "5858b336", "level": "INFO"}
{"event": "signal", "strategy": "momentum", "symbol": "AMZN", "direction": "BUY", "strength": 0.629644, "metadata": {"rank": 0.8, "sector": "Consumer Discretionary", "fallback": true}, "ts": "2026-06-21T16:03:46.669644+00:00", "session_id": "5858b336", "level": "INFO"}
{"event": "signal", "strategy": "momentum", "symbol": "XOM", "direction": "SELL", "strength": 0.950281, "metadata": {"rank": 0.13333333333333333, "sector": "Energy", "fallback": true}, "ts": "2026-06-21T16:03:46.670216+00:00", "session_id": "5858b336", "level": "INFO"}
MeanReversion: no volume data supplied — volume filter bypassed
{"event": "signal", "strategy": "mean_reversion", "symbol": "NVDA", "direction": "SELL", "strength": 1.0, "metadata": {"z": 2.5416, "rsi": 83.7, "rv": 0.3124}, "ts": "2026-06-21T16:03:46.690427+00:00", "session_id": "5858b336", "level": "INFO"}
{"event": "signal", "strategy": "mean_reversion", "symbol": "JPM", "direction": "SELL", "strength": 0.25945, "metadata": {"z": 1.2951, "rsi": 72.87, "rv": 0.1375}, "ts": "2026-06-21T16:03:46.695392+00:00", "session_id": "5858b336", "level": "INFO"}
{"event": "signal", "strategy": "mean_reversion", "symbol": "AMZN", "direction": "SELL", "strength": 1.0, "metadata": {"z": 2.7235, "rsi": 74.22, "rv": 0.3245}, "ts": "2026-06-21T16:03:46.698754+00:00", "session_id": "5858b336", "level": "INFO"}
{"event": "signal", "strategy": "mean_reversion", "symbol": "TSLA", "direction": "BUY", "strength": 0.637127, "metadata": {"z": -1.9757, "rsi": 25.0, "rv": 0.5314}, "ts": "2026-06-21T16:03:46.700646+00:00", "session_id": "5858b336", "level": "INFO"}
{"event": "signal", "strategy": "mean_reversion", "symbol": "CAT", "direction": "SELL", "strength": 0.805366, "metadata": {"z": 1.998, "rsi": 89.83, "rv": 0.2391}, "ts": "2026-06-21T16:03:46.705057+00:00", "session_id": "5858b336", "level": "INFO"}
{"event": "signal", "strategy": "mean_reversion", "symbol": "PG", "direction": "SELL", "strength": 1.0, "metadata": {"z": 2.2173, "rsi": 75.65, "rv": 0.1821}, "ts": "2026-06-21T16:03:46.706911+00:00", "session_id": "5858b336", "level": "INFO"}
{"event": "info", "message": "SignalGenerator: 12 raw \u2192 9 combined signals", "metadata": {"regime": "SIDEWAYS", "n_strategies": 4, "allocations": {"stat_arb": 0.25, "momentum": 0.3, "factor_model": 0.25, "mean_reversion": 0.18}}, "ts": "2026-06-21T16:03:46.711908+00:00", "session_id": "5858b336", "level": "INFO"}
{"event": "risk_event", "event_type": "trade_rejected", "details": {"symbol": "JNJ", "side": "sell", "qty": 141, "reason": "Individual short position 19.89% exceeds limit 5%", "strategy": "combined"}, "ts": "2026-06-21T16:03:46.731083+00:00", "session_id": "5858b336", "level": "WARNING"}
{"event": "risk_event", "event_type": "trade_rejected", "details": {"symbol": "XOM", "side": "sell", "qty": 183, "reason": "Individual short position 16.53% exceeds limit 5%", "strategy": "combined"}, "ts": "2026-06-21T16:03:46.735087+00:00", "session_id": "5858b336", "level": "WARNING"}
{"event": "risk_event", "event_type": "trade_rejected", "details": {"symbol": "PG", "side": "sell", "qty": 139, "reason": "Individual short position 19.99% exceeds limit 5%", "strategy": "combined"}, "ts": "2026-06-21T16:03:46.739053+00:00", "session_id": "5858b336", "level": "WARNING"}
  [bar 300] 2024-02-06 05:00:00+00:00 | 9 signals | equity=104,208 | regime=SIDEWAYS
  [bar 300/399] 2024-02-06 05:00:00+00:00 | equity=104,208 | regime=SIDEWAYS | positions=5
StatArbStrategy.generate_signals: no pairs loaded. Call find_pairs() first.
{"event": "signal", "strategy": "momentum", "symbol": "MSFT", "direction": "BUY", "strength": 0.528716, "metadata": {"rank": 0.9333333333333333, "sector": "Technology", "fallback": true}, "ts": "2026-06-21T16:03:46.974486+00:00", "session_id": "5858b336", "level": "INFO"}
{"event": "signal", "strategy": "momentum", "symbol": "NVDA", "direction": "BUY", "strength": 0.308731, "metadata": {"rank": 1.0, "sector": "Technology", "fallback": true}, "ts": "2026-06-21T16:03:46.974756+00:00", "session_id": "5858b336", "level": "INFO"}
{"event": "signal", "strategy": "momentum", "symbol": "JNJ", "direction": "SELL", "strength": 0.630424, "metadata": {"rank": 0.2, "sector": "Healthcare", "fallback": true}, "ts": "2026-06-21T16:03:46.975217+00:00", "session_id": "5858b336", "level": "INFO"}
{"event": "signal", "strategy": "momentum", "symbol": "JPM", "direction": "BUY", "strength": 0.673293, "metadata": {"rank": 0.8, "sector": "Financials", "fallback": true}, "ts": "2026-06-21T16:03:46.975730+00:00", "session_id": "5858b336", "level": "INFO"}
{"event": "signal", "strategy": "momentum", "symbol": "AMZN", "direction": "BUY", "strength": 0.342848, "metadata": {"rank": 0.8666666666666667, "sector": "Consumer Discretionary", "fallback": true}, "ts": "2026-06-21T16:03:46.976222+00:00", "session_id": "5858b336", "level": "INFO"}
{"event": "signal", "strategy": "momentum", "symbol": "XOM", "direction": "SELL", "strength": 0.475139, "metadata": {"rank": 0.13333333333333333, "sector": "Energy", "fallback": true}, "ts": "2026-06-21T16:03:46.976713+00:00", "session_id": "5858b336", "level": "INFO"}
MeanReversion: no volume data supplied — volume filter bypassed
{"event": "signal", "strategy": "mean_reversion", "symbol": "NVDA", "direction": "SELL", "strength": 1.0, "metadata": {"z": 2.6258, "rsi": 84.41, "rv": 0.3161}, "ts": "2026-06-21T16:03:46.996323+00:00", "session_id": "5858b336", "level": "INFO"}
{"event": "signal", "strategy": "mean_reversion", "symbol": "JPM", "direction": "SELL", "strength": 0.271038, "metadata": {"z": 1.3072, "rsi": 72.87, "rv": 0.1335}, "ts": "2026-06-21T16:03:47.001320+00:00", "session_id": "5858b336", "level": "INFO"}
{"event": "signal", "strategy": "mean_reversion", "symbol": "AMZN", "direction": "SELL", "strength": 1.0, "metadata": {"z": 2.7273, "rsi": 73.93, "rv": 0.3229}, "ts": "2026-06-21T16:03:47.004919+00:00", "session_id": "5858b336", "level": "INFO"}
{"event": "signal", "strategy": "mean_reversion", "symbol": "TSLA", "direction": "BUY", "strength": 0.523891, "metadata": {"z": -1.8057, "rsi": 29.65, "rv": 0.5379}, "ts": "2026-06-21T16:03:47.007213+00:00", "session_id": "5858b336", "level": "INFO"}
{"event": "signal", "strategy": "mean_reversion", "symbol": "CAT", "direction": "SELL", "strength": 0.777316, "metadata": {"z": 1.9628, "rsi": 89.39, "rv": 0.2386}, "ts": "2026-06-21T16:03:47.011725+00:00", "session_id": "5858b336", "level": "INFO"}
{"event": "signal", "strategy": "mean_reversion", "symbol": "PG", "direction": "SELL", "strength": 0.954537, "metadata": {"z": 2.1286, "rsi": 79.33, "rv": 0.1823}, "ts": "2026-06-21T16:03:47.014087+00:00", "session_id": "5858b336", "level": "INFO"}
{"event": "info", "message": "SignalGenerator: 12 raw \u2192 8 combined signals", "metadata": {"regime": "BEAR", "n_strategies": 4, "allocations": {"stat_arb": 0.25, "momentum": 0.15, "factor_model": 0.25, "mean_reversion": 0.3}}, "ts": "2026-06-21T16:03:47.020698+00:00", "session_id": "5858b336", "level": "INFO"}
{"event": "risk_event", "event_type": "trade_rejected", "details": {"symbol": "JNJ", "side": "sell", "qty": 143, "reason": "Individual short position 19.97% exceeds limit 5%", "strategy": "combined"}, "ts": "2026-06-21T16:03:47.070946+00:00", "session_id": "5858b336", "level": "WARNING"}
{"event": "order", "order_id": "98171ecb-ce9", "symbol": "JPM", "side": "sell", "qty": 125, "price": 0.0, "status": "submitted", "metadata": {"order_type": "market", "strategy": "combined"}, "ts": "2026-06-21T16:03:47.071452+00:00", "session_id": "5858b336", "level": "INFO"}
{"event": "risk_event", "event_type": "trade_rejected", "details": {"symbol": "XOM", "side": "sell", "qty": 116, "reason": "Individual short position 10.37% exceeds limit 5%", "strategy": "combined"}, "ts": "2026-06-21T16:03:47.081197+00:00", "session_id": "5858b336", "level": "WARNING"}
{"event": "risk_event", "event_type": "trade_rejected", "details": {"symbol": "PG", "side": "sell", "qty": 140, "reason": "Individual short position 19.96% exceeds limit 5%", "strategy": "combined"}, "ts": "2026-06-21T16:03:47.086619+00:00", "session_id": "5858b336", "level": "WARNING"}
  [bar 301] 2024-02-07 05:00:00+00:00 | 8 signals | equity=105,244 | regime=BEAR
{"event": "fill", "order_id": "98171ecb-ce9", "fill_price": 166.68039541311583, "fill_qty": 125, "slippage_bps": 7.0296, "metadata": {"symbol": "JPM", "side": "sell", "commission": 0.625, "strategy": "combined"}, "ts": "2026-06-21T16:03:47.092393+00:00", "session_id": "5858b336", "level": "INFO"}
StatArbStrategy.generate_signals: no pairs loaded. Call find_pairs() first.
{"event": "signal", "strategy": "momentum", "symbol": "MSFT", "direction": "BUY", "strength": 1.0, "metadata": {"rank": 0.9333333333333333, "sector": "Technology", "fallback": true}, "ts": "2026-06-21T16:03:47.348050+00:00", "session_id": "5858b336", "level": "INFO"}
{"event": "signal", "strategy": "momentum", "symbol": "NVDA", "direction": "BUY", "strength": 0.621873, "metadata": {"rank": 1.0, "sector": "Technology", "fallback": true}, "ts": "2026-06-21T16:03:47.348351+00:00", "session_id": "5858b336", "level": "INFO"}
{"event": "signal", "strategy": "momentum", "symbol": "JNJ", "direction": "SELL", "strength": 1.0, "metadata": {"rank": 0.2, "sector": "Healthcare", "fallback": true}, "ts": "2026-06-21T16:03:47.348825+00:00", "session_id": "5858b336", "level": "INFO"}
{"event": "signal", "strategy": "momentum", "symbol": "JPM", "direction": "BUY", "strength": 1.0, "metadata": {"rank": 0.8, "sector": "Financials", "fallback": true}, "ts": "2026-06-21T16:03:47.349336+00:00", "session_id": "5858b336", "level": "INFO"}
{"event": "signal", "strategy": "momentum", "symbol": "AMZN", "direction": "BUY", "strength": 0.691917, "metadata": {"rank": 0.8666666666666667, "sector": "Consumer Discretionary", "fallback": true}, "ts": "2026-06-21T16:03:47.349811+00:00", "session_id": "5858b336", "level": "INFO"}
{"event": "signal", "strategy": "momentum", "symbol": "XOM", "direction": "SELL", "strength": 0.936687, "metadata": {"rank": 0.13333333333333333, "sector": "Energy", "fallback": true}, "ts": "2026-06-21T16:03:47.350308+00:00", "session_id": "5858b336", "level": "INFO"}
MeanReversion: no volume data supplied — volume filter bypassed
{"event": "signal", "strategy": "mean_reversion", "symbol": "NVDA", "direction": "SELL", "strength": 1.0, "metadata": {"z": 2.3861, "rsi": 79.94, "rv": 0.3223}, "ts": "2026-06-21T16:03:47.375004+00:00", "session_id": "5858b336", "level": "INFO"}
{"event": "signal", "strategy": "mean_reversion", "symbol": "AMZN", "direction": "SELL", "strength": 1.0, "metadata": {"z": 2.4563, "rsi": 71.05, "rv": 0.3227}, "ts": "2026-06-21T16:03:47.383397+00:00", "session_id": "5858b336", "level": "INFO"}
{"event": "signal", "strategy": "mean_reversion", "symbol": "CAT", "direction": "SELL", "strength": 0.665713, "metadata": {"z": 1.8264, "rsi": 85.66, "rv": 0.2413}, "ts": "2026-06-21T16:03:47.390373+00:00", "session_id": "5858b336", "level": "INFO"}
{"event": "signal", "strategy": "mean_reversion", "symbol": "PG", "direction": "SELL", "strength": 0.782851, "metadata": {"z": 1.9267, "rsi": 79.71, "rv": 0.1837}, "ts": "2026-06-21T16:03:47.392157+00:00", "session_id": "5858b336", "level": "INFO"}
{"event": "info", "message": "SignalGenerator: 10 raw \u2192 8 combined signals", "metadata": {"regime": "SIDEWAYS", "n_strategies": 4, "allocations": {"stat_arb": 0.25, "momentum": 0.3, "factor_model": 0.25, "mean_reversion": 0.18}}, "ts": "2026-06-21T16:03:47.397213+00:00", "session_id": "5858b336", "level": "INFO"}
{"event": "risk_event", "event_type": "trade_rejected", "details": {"symbol": "JNJ", "side": "sell", "qty": 144, "reason": "Individual short position 19.92% exceeds limit 5%", "strategy": "combined"}, "ts": "2026-06-21T16:03:47.415541+00:00", "session_id": "5858b336", "level": "WARNING"}
{"event": "order", "order_id": "10b0f549-3fc", "symbol": "JPM", "side": "buy", "qty": 113, "price": 0.0, "status": "submitted", "metadata": {"order_type": "market", "strategy": "combined"}, "ts": "2026-06-21T16:03:47.418825+00:00", "session_id": "5858b336", "level": "INFO"}
{"event": "risk_event", "event_type": "trade_rejected", "details": {"symbol": "XOM", "side": "sell", "qty": 139, "reason": "Individual short position 12.65% exceeds limit 5%", "strategy": "combined"}, "ts": "2026-06-21T16:03:47.422015+00:00", "session_id": "5858b336", "level": "WARNING"}
{"event": "risk_event", "event_type": "trade_rejected", "details": {"symbol": "PG", "side": "sell", "qty": 140, "reason": "Individual short position 19.91% exceeds limit 5%", "strategy": "combined"}, "ts": "2026-06-21T16:03:47.425297+00:00", "session_id": "5858b336", "level": "WARNING"}
  [bar 302] 2024-02-08 05:00:00+00:00 | 8 signals | equity=105,152 | regime=SIDEWAYS
{"event": "fill", "order_id": "10b0f549-3fc", "fill_price": 166.9148783922325, "fill_qty": 113, "slippage_bps": 7.0283, "metadata": {"symbol": "JPM", "side": "buy", "commission": 0.5650000000000001, "strategy": "combined"}, "ts": "2026-06-21T16:03:47.430404+00:00", "session_id": "5858b336", "level": "INFO"}
StatArbStrategy.generate_signals: no pairs loaded. Call find_pairs() first.
{"event": "signal", "strategy": "momentum", "symbol": "MSFT", "direction": "BUY", "strength": 0.544957, "metadata": {"rank": 0.9333333333333333, "sector": "Technology", "fallback": true}, "ts": "2026-06-21T16:03:47.718538+00:00", "session_id": "5858b336", "level": "INFO"}
{"event": "signal", "strategy": "momentum", "symbol": "NVDA", "direction": "BUY", "strength": 0.305737, "metadata": {"rank": 1.0, "sector": "Technology", "fallback": true}, "ts": "2026-06-21T16:03:47.718826+00:00", "session_id": "5858b336", "level": "INFO"}
{"event": "signal", "strategy": "momentum", "symbol": "JPM", "direction": "BUY", "strength": 0.687988, "metadata": {"rank": 0.8, "sector": "Financials", "fallback": true}, "ts": "2026-06-21T16:03:47.719612+00:00", "session_id": "5858b336", "level": "INFO"}
{"event": "signal", "strategy": "momentum", "symbol": "AMZN", "direction": "BUY", "strength": 0.340617, "metadata": {"rank": 0.8666666666666667, "sector": "Consumer Discretionary", "fallback": true}, "ts": "2026-06-21T16:03:47.720101+00:00", "session_id": "5858b336", "level": "INFO"}
{"event": "signal", "strategy": "momentum", "symbol": "TSLA", "direction": "SELL", "strength": 0.182962, "metadata": {"rank": 0.2, "sector": "Consumer Discretionary", "fallback": true}, "ts": "2026-06-21T16:03:47.720333+00:00", "session_id": "5858b336", "level": "INFO"}
{"event": "signal", "strategy": "momentum", "symbol": "XOM", "direction": "SELL", "strength": 0.45863, "metadata": {"rank": 0.13333333333333333, "sector": "Energy", "fallback": true}, "ts": "2026-06-21T16:03:47.720798+00:00", "session_id": "5858b336", "level": "INFO"}
MeanReversion: no volume data supplied — volume filter bypassed
{"event": "signal", "strategy": "mean_reversion", "symbol": "NVDA", "direction": "SELL", "strength": 1.0, "metadata": {"z": 2.5428, "rsi": 82.36, "rv": 0.3318}, "ts": "2026-06-21T16:03:47.740436+00:00", "session_id": "5858b336", "level": "INFO"}
{"event": "signal", "strategy": "mean_reversion", "symbol": "AMZN", "direction": "SELL", "strength": 1.0, "metadata": {"z": 2.8437, "rsi": 75.55, "rv": 0.3317}, "ts": "2026-06-21T16:03:47.748472+00:00", "session_id": "5858b336", "level": "INFO"}
{"event": "signal", "strategy": "mean_reversion", "symbol": "CAT", "direction": "SELL", "strength": 0.455539, "metadata": {"z": 1.5693, "rsi": 76.91, "rv": 0.2497}, "ts": "2026-06-21T16:03:47.754417+00:00", "session_id": "5858b336", "level": "INFO"}
{"event": "signal", "strategy": "mean_reversion", "symbol": "PG", "direction": "SELL", "strength": 0.51072, "metadata": {"z": 1.6066, "rsi": 74.44, "rv": 0.1877}, "ts": "2026-06-21T16:03:47.756918+00:00", "session_id": "5858b336", "level": "INFO"}
{"event": "info", "message": "SignalGenerator: 10 raw \u2192 6 combined signals", "metadata": {"regime": "BEAR", "n_strategies": 4, "allocations": {"stat_arb": 0.25, "momentum": 0.15, "factor_model": 0.25, "mean_reversion": 0.3}}, "ts": "2026-06-21T16:03:47.763583+00:00", "session_id": "5858b336", "level": "INFO"}
{"event": "order", "order_id": "5571cc49-f14", "symbol": "JPM", "side": "buy", "qty": 13, "price": 0.0, "status": "submitted", "metadata": {"order_type": "market", "strategy": "combined"}, "ts": "2026-06-21T16:03:47.780485+00:00", "session_id": "5858b336", "level": "INFO"}
{"event": "risk_event", "event_type": "trade_rejected", "details": {"symbol": "XOM", "side": "sell", "qty": 152, "reason": "Individual short position 13.49% exceeds limit 5%", "strategy": "combined"}, "ts": "2026-06-21T16:03:47.784424+00:00", "session_id": "5858b336", "level": "WARNING"}
{"event": "risk_event", "event_type": "trade_rejected", "details": {"symbol": "PG", "side": "sell", "qty": 142, "reason": "Individual short position 19.96% exceeds limit 5%", "strategy": "combined"}, "ts": "2026-06-21T16:03:47.788602+00:00", "session_id": "5858b336", "level": "WARNING"}
  [bar 303] 2024-02-09 05:00:00+00:00 | 6 signals | equity=105,575 | regime=BEAR
{"event": "fill", "order_id": "5571cc49-f14", "fill_price": 166.70472916157925, "fill_qty": 13, "slippage_bps": 7.0096, "metadata": {"symbol": "JPM", "side": "buy", "commission": 0.065, "strategy": "combined"}, "ts": "2026-06-21T16:03:47.793093+00:00", "session_id": "5858b336", "level": "INFO"}
StatArbStrategy.generate_signals: no pairs loaded. Call find_pairs() first.
{"event": "signal", "strategy": "momentum", "symbol": "MSFT", "direction": "BUY", "strength": 1.0, "metadata": {"rank": 0.9333333333333333, "sector": "Technology", "fallback": true}, "ts": "2026-06-21T16:03:48.024905+00:00", "session_id": "5858b336", "level": "INFO"}
{"event": "signal", "strategy": "momentum", "symbol": "NVDA", "direction": "BUY", "strength": 0.61383, "metadata": {"rank": 1.0, "sector": "Technology", "fallback": true}, "ts": "2026-06-21T16:03:48.025186+00:00", "session_id": "5858b336", "level": "INFO"}
{"event": "signal", "strategy": "momentum", "symbol": "JNJ", "direction": "SELL", "strength": 1.0, "metadata": {"rank": 0.2, "sector": "Healthcare", "fallback": true}, "ts": "2026-06-21T16:03:48.025673+00:00", "session_id": "5858b336", "level": "INFO"}
{"event": "signal", "strategy": "momentum", "symbol": "JPM", "direction": "BUY", "strength": 1.0, "metadata": {"rank": 0.8, "sector": "Financials", "fallback": true}, "ts": "2026-06-21T16:03:48.026155+00:00", "session_id": "5858b336", "level": "INFO"}
{"event": "signal", "strategy": "momentum", "symbol": "AMZN", "direction": "BUY", "strength": 0.684307, "metadata": {"rank": 0.8666666666666667, "sector": "Consumer Discretionary", "fallback": true}, "ts": "2026-06-21T16:03:48.026694+00:00", "session_id": "5858b336", "level": "INFO"}
{"event": "signal", "strategy": "momentum", "symbol": "XOM", "direction": "SELL", "strength": 0.977523, "metadata": {"rank": 0.06666666666666667, "sector": "Energy", "fallback": true}, "ts": "2026-06-21T16:03:48.027174+00:00", "session_id": "5858b336", "level": "INFO"}
MeanReversion: no volume data supplied — volume filter bypassed
{"event": "signal", "strategy": "mean_reversion", "symbol": "NVDA", "direction": "SELL", "strength": 1.0, "metadata": {"z": 2.3865, "rsi": 82.27, "rv": 0.3297}, "ts": "2026-06-21T16:03:48.046557+00:00", "session_id": "5858b336", "level": "INFO"}
{"event": "signal", "strategy": "mean_reversion", "symbol": "JPM", "direction": "SELL", "strength": 0.247609, "metadata": {"z": 1.2797, "rsi": 72.79, "rv": 0.1295}, "ts": "2026-06-21T16:03:48.051652+00:00", "session_id": "5858b336", "level": "INFO"}
{"event": "signal", "strategy": "mean_reversion", "symbol": "AMZN", "direction": "SELL", "strength": 1.0, "metadata": {"z": 2.4, "rsi": 70.73, "rv": 0.3363}, "ts": "2026-06-21T16:03:48.056004+00:00", "session_id": "5858b336", "level": "INFO"}
{"event": "signal", "strategy": "mean_reversion", "symbol": "CAT", "direction": "SELL", "strength": 0.555777, "metadata": {"z": 1.6941, "rsi": 78.65, "rv": 0.249}, "ts": "2026-06-21T16:03:48.062555+00:00", "session_id": "5858b336", "level": "INFO"}
{"event": "info", "message": "SignalGenerator: 10 raw \u2192 7 combined signals", "metadata": {"regime": "SIDEWAYS", "n_strategies": 4, "allocations": {"stat_arb": 0.25, "momentum": 0.3, "factor_model": 0.25, "mean_reversion": 0.18}}, "ts": "2026-06-21T16:03:48.071466+00:00", "session_id": "5858b336", "level": "INFO"}
{"event": "risk_event", "event_type": "trade_rejected", "details": {"symbol": "JNJ", "side": "sell", "qty": 142, "reason": "Individual short position 19.86% exceeds limit 5%", "strategy": "combined"}, "ts": "2026-06-21T16:03:48.089788+00:00", "session_id": "5858b336", "level": "WARNING"}
{"event": "risk_event", "event_type": "trade_rejected", "details": {"symbol": "XOM", "side": "sell", "qty": 140, "reason": "Individual short position 12.66% exceeds limit 5%", "strategy": "combined"}, "ts": "2026-06-21T16:03:48.093763+00:00", "session_id": "5858b336", "level": "WARNING"}
  [bar 304] 2024-02-12 05:00:00+00:00 | 7 signals | equity=104,980 | regime=SIDEWAYS
StatArbStrategy.generate_signals: no pairs loaded. Call find_pairs() first.
{"event": "signal", "strategy": "momentum", "symbol": "MSFT", "direction": "BUY", "strength": 0.518717, "metadata": {"rank": 0.9333333333333333, "sector": "Technology", "fallback": true}, "ts": "2026-06-21T16:03:48.327879+00:00", "session_id": "5858b336", "level": "INFO"}
{"event": "signal", "strategy": "momentum", "symbol": "NVDA", "direction": "BUY", "strength": 0.309526, "metadata": {"rank": 1.0, "sector": "Technology", "fallback": true}, "ts": "2026-06-21T16:03:48.328163+00:00", "session_id": "5858b336", "level": "INFO"}
{"event": "signal", "strategy": "momentum", "symbol": "JNJ", "direction": "SELL", "strength": 0.613801, "metadata": {"rank": 0.2, "sector": "Healthcare", "fallback": true}, "ts": "2026-06-21T16:03:48.328681+00:00", "session_id": "5858b336", "level": "INFO"}
{"event": "signal", "strategy": "momentum", "symbol": "AMZN", "direction": "BUY", "strength": 0.340259, "metadata": {"rank": 0.8666666666666667, "sector": "Consumer Discretionary", "fallback": true}, "ts": "2026-06-21T16:03:48.329498+00:00", "session_id": "5858b336", "level": "INFO"}
{"event": "signal", "strategy": "momentum", "symbol": "XOM", "direction": "SELL", "strength": 0.487706, "metadata": {"rank": 0.06666666666666667, "sector": "Energy", "fallback": true}, "ts": "2026-06-21T16:03:48.329984+00:00", "session_id": "5858b336", "level": "INFO"}
{"event": "signal", "strategy": "momentum", "symbol": "GOOGL", "direction": "BUY", "strength": 0.302718, "metadata": {"rank": 0.8, "sector": "Communication Services", "fallback": true}, "ts": "2026-06-21T16:03:48.330891+00:00", "session_id": "5858b336", "level": "INFO"}
MeanReversion: no volume data supplied — volume filter bypassed
{"event": "signal", "strategy": "mean_reversion", "symbol": "AAPL", "direction": "BUY", "strength": 0.168168, "metadata": {"z": -1.2016, "rsi": 29.78, "rv": 0.1989}, "ts": "2026-06-21T16:03:48.346467+00:00", "session_id": "5858b336", "level": "INFO"}
{"event": "signal", "strategy": "mean_reversion", "symbol": "NVDA", "direction": "SELL", "strength": 0.923874, "metadata": {"z": 2.2272, "rsi": 80.23, "rv": 0.3283}, "ts": "2026-06-21T16:03:48.349899+00:00", "session_id": "5858b336", "level": "INFO"}
{"event": "signal", "strategy": "mean_reversion", "symbol": "GS", "direction": "CLOSE", "strength": 1.0, "metadata": {"z": 0.4446, "action": "mean_reversion_exit"}, "ts": "2026-06-21T16:03:48.358145+00:00", "session_id": "5858b336", "level": "INFO"}
{"event": "info", "message": "SignalGenerator: 9 raw \u2192 4 combined signals", "metadata": {"regime": "BEAR", "n_strategies": 4, "allocations": {"stat_arb": 0.25, "momentum": 0.15, "factor_model": 0.25, "mean_reversion": 0.3}}, "ts": "2026-06-21T16:03:48.374441+00:00", "session_id": "5858b336", "level": "INFO"}
{"event": "risk_event", "event_type": "trade_rejected", "details": {"symbol": "JNJ", "side": "sell", "qty": 116, "reason": "Individual short position 16.21% exceeds limit 5%", "strategy": "combined"}, "ts": "2026-06-21T16:03:48.388008+00:00", "session_id": "5858b336", "level": "WARNING"}
{"event": "risk_event", "event_type": "trade_rejected", "details": {"symbol": "XOM", "side": "sell", "qty": 178, "reason": "Individual short position 16.09% exceeds limit 5%", "strategy": "combined"}, "ts": "2026-06-21T16:03:48.392137+00:00", "session_id": "5858b336", "level": "WARNING"}
  [bar 305] 2024-02-13 05:00:00+00:00 | 4 signals | equity=104,132 | regime=BEAR
StatArbStrategy.generate_signals: no pairs loaded. Call find_pairs() first.
{"event": "signal", "strategy": "momentum", "symbol": "MSFT", "direction": "BUY", "strength": 1.0, "metadata": {"rank": 0.9333333333333333, "sector": "Technology", "fallback": true}, "ts": "2026-06-21T16:03:48.709545+00:00", "session_id": "5858b336", "level": "INFO"}
{"event": "signal", "strategy": "momentum", "symbol": "NVDA", "direction": "BUY", "strength": 0.615498, "metadata": {"rank": 1.0, "sector": "Technology", "fallback": true}, "ts": "2026-06-21T16:03:48.709881+00:00", "session_id": "5858b336", "level": "INFO"}
{"event": "signal", "strategy": "momentum", "symbol": "AMZN", "direction": "BUY", "strength": 0.678522, "metadata": {"rank": 0.8666666666666667, "sector": "Consumer Discretionary", "fallback": true}, "ts": "2026-06-21T16:03:48.710910+00:00", "session_id": "5858b336", "level": "INFO"}
{"event": "signal", "strategy": "momentum", "symbol": "TSLA", "direction": "SELL", "strength": 0.383592, "metadata": {"rank": 0.2, "sector": "Consumer Discretionary", "fallback": true}, "ts": "2026-06-21T16:03:48.711193+00:00", "session_id": "5858b336", "level": "INFO"}
{"event": "signal", "strategy": "momentum", "symbol": "XOM", "direction": "SELL", "strength": 0.911545, "metadata": {"rank": 0.13333333333333333, "sector": "Energy", "fallback": true}, "ts": "2026-06-21T16:03:48.711678+00:00", "session_id": "5858b336", "level": "INFO"}
{"event": "signal", "strategy": "momentum", "symbol": "GOOGL", "direction": "BUY", "strength": 0.609789, "metadata": {"rank": 0.8, "sector": "Communication Services", "fallback": true}, "ts": "2026-06-21T16:03:48.712640+00:00", "session_id": "5858b336", "level": "INFO"}
MeanReversion: no volume data supplied — volume filter bypassed
{"event": "signal", "strategy": "mean_reversion", "symbol": "AAPL", "direction": "BUY", "strength": 0.308591, "metadata": {"z": -1.3699, "rsi": 29.06, "rv": 0.1988}, "ts": "2026-06-21T16:03:48.728542+00:00", "session_id": "5858b336", "level": "INFO"}
{"event": "signal", "strategy": "mean_reversion", "symbol": "NVDA", "direction": "SELL", "strength": 0.976531, "metadata": {"z": 2.2925, "rsi": 81.78, "rv": 0.3236}, "ts": "2026-06-21T16:03:48.731984+00:00", "session_id": "5858b336", "level": "INFO"}
{"event": "info", "message": "SignalGenerator: 8 raw \u2192 7 combined signals", "metadata": {"regime": "SIDEWAYS", "n_strategies": 4, "allocations": {"stat_arb": 0.25, "momentum": 0.3, "factor_model": 0.25, "mean_reversion": 0.18}}, "ts": "2026-06-21T16:03:48.756100+00:00", "session_id": "5858b336", "level": "INFO"}
{"event": "order", "order_id": "44c51492-34d", "symbol": "AMZN", "side": "buy", "qty": 43, "price": 0.0, "status": "submitted", "metadata": {"order_type": "market", "strategy": "combined"}, "ts": "2026-06-21T16:03:48.777213+00:00", "session_id": "5858b336", "level": "INFO"}
{"event": "risk_event", "event_type": "trade_rejected", "details": {"symbol": "XOM", "side": "sell", "qty": 223, "reason": "Individual short position 19.97% exceeds limit 5%", "strategy": "combined"}, "ts": "2026-06-21T16:03:48.781311+00:00", "session_id": "5858b336", "level": "WARNING"}
{"event": "order", "order_id": "44a900b9-05f", "symbol": "GOOGL", "side": "buy", "qty": 58, "price": 0.0, "status": "submitted", "metadata": {"order_type": "market", "strategy": "combined"}, "ts": "2026-06-21T16:03:48.785211+00:00", "session_id": "5858b336", "level": "INFO"}
{"event": "order", "order_id": "ed10433a-d74", "symbol": "AAPL", "side": "buy", "qty": 22, "price": 0.0, "status": "submitted", "metadata": {"order_type": "market", "strategy": "combined"}, "ts": "2026-06-21T16:03:48.788468+00:00", "session_id": "5858b336", "level": "INFO"}
  [bar 306] 2024-02-14 05:00:00+00:00 | 7 signals | equity=104,575 | regime=SIDEWAYS
{"event": "fill", "order_id": "ed10433a-d74", "fill_price": 181.85452336338696, "fill_qty": 22, "slippage_bps": 7.0063, "metadata": {"symbol": "AAPL", "side": "buy", "commission": 0.11, "strategy": "combined"}, "ts": "2026-06-21T16:03:48.791740+00:00", "session_id": "5858b336", "level": "INFO"}
{"event": "fill", "order_id": "44c51492-34d", "fill_price": 170.69974291440155, "fill_qty": 43, "slippage_bps": 7.0196, "metadata": {"symbol": "AMZN", "side": "buy", "commission": 0.215, "strategy": "combined"}, "ts": "2026-06-21T16:03:48.792359+00:00", "session_id": "5858b336", "level": "INFO"}
{"event": "fill", "order_id": "44a900b9-05f", "fill_price": 141.9816221902083, "fill_qty": 58, "slippage_bps": 7.0289, "metadata": {"symbol": "GOOGL", "side": "buy", "commission": 0.29, "strategy": "combined"}, "ts": "2026-06-21T16:03:48.793120+00:00", "session_id": "5858b336", "level": "INFO"}
StatArbStrategy.generate_signals: no pairs loaded. Call find_pairs() first.
{"event": "signal", "strategy": "momentum", "symbol": "MSFT", "direction": "BUY", "strength": 0.53495, "metadata": {"rank": 0.9333333333333333, "sector": "Technology", "fallback": true}, "ts": "2026-06-21T16:03:49.027601+00:00", "session_id": "5858b336", "level": "INFO"}
{"event": "signal", "strategy": "momentum", "symbol": "NVDA", "direction": "BUY", "strength": 0.304996, "metadata": {"rank": 1.0, "sector": "Technology", "fallback": true}, "ts": "2026-06-21T16:03:49.027882+00:00", "session_id": "5858b336", "level": "INFO"}
{"event": "signal", "strategy": "momentum", "symbol": "AMZN", "direction": "BUY", "strength": 0.340242, "metadata": {"rank": 0.8666666666666667, "sector": "Consumer Discretionary", "fallback": true}, "ts": "2026-06-21T16:03:49.028883+00:00", "session_id": "5858b336", "level": "INFO"}
{"event": "signal", "strategy": "momentum", "symbol": "TSLA", "direction": "SELL", "strength": 0.183048, "metadata": {"rank": 0.2, "sector": "Consumer Discretionary", "fallback": true}, "ts": "2026-06-21T16:03:49.029107+00:00", "session_id": "5858b336", "level": "INFO"}
{"event": "signal", "strategy": "momentum", "symbol": "XOM", "direction": "SELL", "strength": 0.450017, "metadata": {"rank": 0.13333333333333333, "sector": "Energy", "fallback": true}, "ts": "2026-06-21T16:03:49.029592+00:00", "session_id": "5858b336", "level": "INFO"}
{"event": "signal", "strategy": "momentum", "symbol": "GOOGL", "direction": "BUY", "strength": 0.301543, "metadata": {"rank": 0.8, "sector": "Communication Services", "fallback": true}, "ts": "2026-06-21T16:03:49.030545+00:00", "session_id": "5858b336", "level": "INFO"}
MeanReversion: no volume data supplied — volume filter bypassed
{"event": "signal", "strategy": "mean_reversion", "symbol": "NVDA", "direction": "SELL", "strength": 0.768015, "metadata": {"z": 2.0297, "rsi": 79.1, "rv": 0.3408}, "ts": "2026-06-21T16:03:49.049674+00:00", "session_id": "5858b336", "level": "INFO"}
{"event": "signal", "strategy": "mean_reversion", "symbol": "UNH", "direction": "CLOSE", "strength": 1.0, "metadata": {"z": -0.4265, "action": "mean_reversion_exit"}, "ts": "2026-06-21T16:03:49.053913+00:00", "session_id": "5858b336", "level": "INFO"}
{"event": "signal", "strategy": "mean_reversion", "symbol": "JPM", "direction": "SELL", "strength": 0.598095, "metadata": {"z": 1.6867, "rsi": 71.75, "rv": 0.1482}, "ts": "2026-06-21T16:03:49.056330+00:00", "session_id": "5858b336", "level": "INFO"}
{"event": "signal", "strategy": "mean_reversion", "symbol": "LIN", "direction": "SELL", "strength": 1.0, "metadata": {"z": 3.4857, "rsi": 70.85, "rv": 0.196}, "ts": "2026-06-21T16:03:49.073065+00:00", "session_id": "5858b336", "level": "INFO"}
{"event": "info", "message": "SignalGenerator: 10 raw \u2192 5 combined signals", "metadata": {"regime": "BEAR", "n_strategies": 4, "allocations": {"stat_arb": 0.25, "momentum": 0.15, "factor_model": 0.25, "mean_reversion": 0.3}}, "ts": "2026-06-21T16:03:49.075044+00:00", "session_id": "5858b336", "level": "INFO"}
{"event": "risk_event", "event_type": "trade_rejected", "details": {"symbol": "XOM", "side": "sell", "qty": 111, "reason": "Individual short position 10.16% exceeds limit 5%", "strategy": "combined"}, "ts": "2026-06-21T16:03:49.091103+00:00", "session_id": "5858b336", "level": "WARNING"}
{"event": "order", "order_id": "aac66dcb-fd0", "symbol": "UNH", "side": "sell", "qty": 38, "price": 0.0, "status": "submitted", "metadata": {"order_type": "market", "strategy": "combined"}, "ts": "2026-06-21T16:03:49.091318+00:00", "session_id": "5858b336", "level": "INFO"}
{"event": "risk_event", "event_type": "trade_rejected", "details": {"symbol": "LIN", "side": "sell", "qty": 35, "reason": "Individual short position 13.81% exceeds limit 5%", "strategy": "combined"}, "ts": "2026-06-21T16:03:49.096776+00:00", "session_id": "5858b336", "level": "WARNING"}
  [bar 307] 2024-02-15 05:00:00+00:00 | 5 signals | equity=105,255 | regime=BEAR
{"event": "fill", "order_id": "aac66dcb-fd0", "fill_price": 494.84003907529046, "fill_qty": 38, "slippage_bps": 7.0404, "metadata": {"symbol": "UNH", "side": "sell", "commission": 0.19, "strategy": "combined"}, "ts": "2026-06-21T16:03:49.102737+00:00", "session_id": "5858b336", "level": "INFO"}
StatArbStrategy.generate_signals: no pairs loaded. Call find_pairs() first.
{"event": "signal", "strategy": "momentum", "symbol": "MSFT", "direction": "BUY", "strength": 1.0, "metadata": {"rank": 0.9333333333333333, "sector": "Technology", "fallback": true}, "ts": "2026-06-21T16:03:49.389901+00:00", "session_id": "5858b336", "level": "INFO"}
{"event": "signal", "strategy": "momentum", "symbol": "NVDA", "direction": "BUY", "strength": 0.612539, "metadata": {"rank": 1.0, "sector": "Technology", "fallback": true}, "ts": "2026-06-21T16:03:49.390256+00:00", "session_id": "5858b336", "level": "INFO"}
{"event": "signal", "strategy": "momentum", "symbol": "AMZN", "direction": "BUY", "strength": 0.680434, "metadata": {"rank": 0.8666666666666667, "sector": "Consumer Discretionary", "fallback": true}, "ts": "2026-06-21T16:03:49.391353+00:00", "session_id": "5858b336", "level": "INFO"}
{"event": "signal", "strategy": "momentum", "symbol": "TSLA", "direction": "SELL", "strength": 0.366372, "metadata": {"rank": 0.2, "sector": "Consumer Discretionary", "fallback": true}, "ts": "2026-06-21T16:03:49.391621+00:00", "session_id": "5858b336", "level": "INFO"}
{"event": "signal", "strategy": "momentum", "symbol": "XOM", "direction": "SELL", "strength": 0.901033, "metadata": {"rank": 0.13333333333333333, "sector": "Energy", "fallback": true}, "ts": "2026-06-21T16:03:49.392133+00:00", "session_id": "5858b336", "level": "INFO"}
{"event": "signal", "strategy": "momentum", "symbol": "GOOGL", "direction": "BUY", "strength": 0.598804, "metadata": {"rank": 0.8, "sector": "Communication Services", "fallback": true}, "ts": "2026-06-21T16:03:49.393057+00:00", "session_id": "5858b336", "level": "INFO"}
MeanReversion: no volume data supplied — volume filter bypassed
{"event": "signal", "strategy": "mean_reversion", "symbol": "AAPL", "direction": "BUY", "strength": 0.586979, "metadata": {"z": -1.6745, "rsi": 29.83, "rv": 0.1491}, "ts": "2026-06-21T16:03:49.408731+00:00", "session_id": "5858b336", "level": "INFO"}
{"event": "signal", "strategy": "mean_reversion", "symbol": "NVDA", "direction": "SELL", "strength": 0.695851, "metadata": {"z": 1.9225, "rsi": 77.29, "rv": 0.3257}, "ts": "2026-06-21T16:03:49.412138+00:00", "session_id": "5858b336", "level": "INFO"}
{"event": "signal", "strategy": "mean_reversion", "symbol": "LIN", "direction": "CLOSE", "strength": 1.0, "metadata": {"z": 3.5059, "action": "hard_stop"}, "ts": "2026-06-21T16:03:49.429456+00:00", "session_id": "5858b336", "level": "INFO"}
{"event": "info", "message": "SignalGenerator: 9 raw \u2192 8 combined signals", "metadata": {"regime": "SIDEWAYS", "n_strategies": 4, "allocations": {"stat_arb": 0.25, "momentum": 0.3, "factor_model": 0.25, "mean_reversion": 0.18}}, "ts": "2026-06-21T16:03:49.431388+00:00", "session_id": "5858b336", "level": "INFO"}
{"event": "risk_event", "event_type": "trade_rejected", "details": {"symbol": "XOM", "side": "sell", "qty": 214, "reason": "Individual short position 19.70% exceeds limit 5%", "strategy": "combined"}, "ts": "2026-06-21T16:03:49.450588+00:00", "session_id": "5858b336", "level": "WARNING"}
{"event": "order", "order_id": "d4742a59-960", "symbol": "AAPL", "side": "buy", "qty": 2, "price": 0.0, "status": "submitted", "metadata": {"order_type": "market", "strategy": "combined"}, "ts": "2026-06-21T16:03:49.456268+00:00", "session_id": "5858b336", "level": "INFO"}
  [bar 308] 2024-02-16 05:00:00+00:00 | 8 signals | equity=104,690 | regime=SIDEWAYS
{"event": "fill", "order_id": "d4742a59-960", "fill_price": 180.11067377203418, "fill_qty": 2, "slippage_bps": 7.0017, "metadata": {"symbol": "AAPL", "side": "buy", "commission": 0.01, "strategy": "combined"}, "ts": "2026-06-21T16:03:49.460547+00:00", "session_id": "5858b336", "level": "INFO"}
StatArbStrategy.generate_signals: no pairs loaded. Call find_pairs() first.
{"event": "signal", "strategy": "momentum", "symbol": "MSFT", "direction": "BUY", "strength": 0.552595, "metadata": {"rank": 0.9333333333333333, "sector": "Technology", "fallback": true}, "ts": "2026-06-21T16:03:49.804905+00:00", "session_id": "5858b336", "level": "INFO"}
{"event": "signal", "strategy": "momentum", "symbol": "NVDA", "direction": "BUY", "strength": 0.293047, "metadata": {"rank": 1.0, "sector": "Technology", "fallback": true}, "ts": "2026-06-21T16:03:49.805232+00:00", "session_id": "5858b336", "level": "INFO"}
{"event": "signal", "strategy": "momentum", "symbol": "AMZN", "direction": "BUY", "strength": 0.340583, "metadata": {"rank": 0.8666666666666667, "sector": "Consumer Discretionary", "fallback": true}, "ts": "2026-06-21T16:03:49.806417+00:00", "session_id": "5858b336", "level": "INFO"}
{"event": "signal", "strategy": "momentum", "symbol": "TSLA", "direction": "SELL", "strength": 0.183009, "metadata": {"rank": 0.2, "sector": "Consumer Discretionary", "fallback": true}, "ts": "2026-06-21T16:03:49.806703+00:00", "session_id": "5858b336", "level": "INFO"}
{"event": "signal", "strategy": "momentum", "symbol": "XOM", "direction": "SELL", "strength": 0.448217, "metadata": {"rank": 0.13333333333333333, "sector": "Energy", "fallback": true}, "ts": "2026-06-21T16:03:49.807179+00:00", "session_id": "5858b336", "level": "INFO"}
{"event": "signal", "strategy": "momentum", "symbol": "GOOGL", "direction": "BUY", "strength": 0.299479, "metadata": {"rank": 0.8, "sector": "Communication Services", "fallback": true}, "ts": "2026-06-21T16:03:49.808118+00:00", "session_id": "5858b336", "level": "INFO"}
MeanReversion: no volume data supplied — volume filter bypassed
{"event": "signal", "strategy": "mean_reversion", "symbol": "LIN", "direction": "SELL", "strength": 1.0, "metadata": {"z": 3.6336, "rsi": 72.46, "rv": 0.1967}, "ts": "2026-06-21T16:03:49.845806+00:00", "session_id": "5858b336", "level": "INFO"}
{"event": "info", "message": "SignalGenerator: 7 raw \u2192 2 combined signals", "metadata": {"regime": "BEAR", "n_strategies": 4, "allocations": {"stat_arb": 0.25, "momentum": 0.15, "factor_model": 0.25, "mean_reversion": 0.3}}, "ts": "2026-06-21T16:03:49.847819+00:00", "session_id": "5858b336", "level": "INFO"}
{"event": "risk_event", "event_type": "trade_rejected", "details": {"symbol": "XOM", "side": "sell", "qty": 138, "reason": "Individual short position 12.61% exceeds limit 5%", "strategy": "combined"}, "ts": "2026-06-21T16:03:49.861878+00:00", "session_id": "5858b336", "level": "WARNING"}
{"event": "risk_event", "event_type": "trade_rejected", "details": {"symbol": "LIN", "side": "sell", "qty": 36, "reason": "Individual short position 14.55% exceeds limit 5%", "strategy": "combined"}, "ts": "2026-06-21T16:03:49.868083+00:00", "session_id": "5858b336", "level": "WARNING"}
  [bar 309] 2024-02-20 05:00:00+00:00 | 2 signals | equity=104,453 | regime=BEAR
StatArbStrategy.generate_signals: no pairs loaded. Call find_pairs() first.
{"event": "signal", "strategy": "momentum", "symbol": "MSFT", "direction": "BUY", "strength": 1.0, "metadata": {"rank": 0.9333333333333333, "sector": "Technology", "fallback": true}, "ts": "2026-06-21T16:03:50.124911+00:00", "session_id": "5858b336", "level": "INFO"}
{"event": "signal", "strategy": "momentum", "symbol": "NVDA", "direction": "BUY", "strength": 0.583311, "metadata": {"rank": 1.0, "sector": "Technology", "fallback": true}, "ts": "2026-06-21T16:03:50.125218+00:00", "session_id": "5858b336", "level": "INFO"}
{"event": "signal", "strategy": "momentum", "symbol": "AMZN", "direction": "BUY", "strength": 0.6867, "metadata": {"rank": 0.8666666666666667, "sector": "Consumer Discretionary", "fallback": true}, "ts": "2026-06-21T16:03:50.126266+00:00", "session_id": "5858b336", "level": "INFO"}
{"event": "signal", "strategy": "momentum", "symbol": "TSLA", "direction": "SELL", "strength": 0.368519, "metadata": {"rank": 0.2, "sector": "Consumer Discretionary", "fallback": true}, "ts": "2026-06-21T16:03:50.126525+00:00", "session_id": "5858b336", "level": "INFO"}
{"event": "signal", "strategy": "momentum", "symbol": "XOM", "direction": "SELL", "strength": 0.877271, "metadata": {"rank": 0.13333333333333333, "sector": "Energy", "fallback": true}, "ts": "2026-06-21T16:03:50.126992+00:00", "session_id": "5858b336", "level": "INFO"}
{"event": "signal", "strategy": "momentum", "symbol": "GOOGL", "direction": "BUY", "strength": 0.599302, "metadata": {"rank": 0.8, "sector": "Communication Services", "fallback": true}, "ts": "2026-06-21T16:03:50.127919+00:00", "session_id": "5858b336", "level": "INFO"}
MeanReversion: no volume data supplied — volume filter bypassed
{"event": "signal", "strategy": "mean_reversion", "symbol": "JPM", "direction": "SELL", "strength": 0.601731, "metadata": {"z": 1.6844, "rsi": 72.93, "rv": 0.1373}, "ts": "2026-06-21T16:03:50.160156+00:00", "session_id": "5858b336", "level": "INFO"}
{"event": "signal", "strategy": "mean_reversion", "symbol": "LIN", "direction": "CLOSE", "strength": 1.0, "metadata": {"z": 3.5824, "action": "hard_stop"}, "ts": "2026-06-21T16:03:50.179969+00:00", "session_id": "5858b336", "level": "INFO"}
{"event": "info", "message": "SignalGenerator: 8 raw \u2192 8 combined signals", "metadata": {"regime": "SIDEWAYS", "n_strategies": 4, "allocations": {"stat_arb": 0.25, "momentum": 0.3, "factor_model": 0.25, "mean_reversion": 0.18}}, "ts": "2026-06-21T16:03:50.183024+00:00", "session_id": "5858b336", "level": "INFO"}
{"event": "order", "order_id": "04e201f3-dc3", "symbol": "NVDA", "side": "buy", "qty": 87, "price": 0.0, "status": "submitted", "metadata": {"order_type": "market", "strategy": "combined"}, "ts": "2026-06-21T16:03:50.212534+00:00", "session_id": "5858b336", "level": "INFO"}
{"event": "risk_event", "event_type": "trade_rejected", "details": {"symbol": "XOM", "side": "sell", "qty": 158, "reason": "Individual short position 14.69% exceeds limit 5%", "strategy": "combined"}, "ts": "2026-06-21T16:03:50.219740+00:00", "session_id": "5858b336", "level": "WARNING"}
  [bar 310] 2024-02-21 05:00:00+00:00 | 8 signals | equity=104,778 | regime=SIDEWAYS
{"event": "fill", "order_id": "04e201f3-dc3", "fill_price": 74.94444076883948, "fill_qty": 87, "slippage_bps": 7.0167, "metadata": {"symbol": "NVDA", "side": "buy", "commission": 0.435, "strategy": "combined"}, "ts": "2026-06-21T16:03:50.228031+00:00", "session_id": "5858b336", "level": "INFO"}
StatArbStrategy.generate_signals: no pairs loaded. Call find_pairs() first.
{"event": "signal", "strategy": "momentum", "symbol": "MSFT", "direction": "BUY", "strength": 0.53857, "metadata": {"rank": 0.9333333333333333, "sector": "Technology", "fallback": true}, "ts": "2026-06-21T16:03:50.471466+00:00", "session_id": "5858b336", "level": "INFO"}
{"event": "signal", "strategy": "momentum", "symbol": "NVDA", "direction": "BUY", "strength": 0.22118, "metadata": {"rank": 1.0, "sector": "Technology", "fallback": true}, "ts": "2026-06-21T16:03:50.471757+00:00", "session_id": "5858b336", "level": "INFO"}
{"event": "signal", "strategy": "momentum", "symbol": "AMZN", "direction": "BUY", "strength": 0.331994, "metadata": {"rank": 0.8666666666666667, "sector": "Consumer Discretionary", "fallback": true}, "ts": "2026-06-21T16:03:50.472758+00:00", "session_id": "5858b336", "level": "INFO"}
{"event": "signal", "strategy": "momentum", "symbol": "TSLA", "direction": "SELL", "strength": 0.183838, "metadata": {"rank": 0.2, "sector": "Consumer Discretionary", "fallback": true}, "ts": "2026-06-21T16:03:50.472983+00:00", "session_id": "5858b336", "level": "INFO"}
{"event": "signal", "strategy": "momentum", "symbol": "XOM", "direction": "SELL", "strength": 0.43924, "metadata": {"rank": 0.13333333333333333, "sector": "Energy", "fallback": true}, "ts": "2026-06-21T16:03:50.473446+00:00", "session_id": "5858b336", "level": "INFO"}
{"event": "signal", "strategy": "momentum", "symbol": "GOOGL", "direction": "BUY", "strength": 0.300445, "metadata": {"rank": 0.8, "sector": "Communication Services", "fallback": true}, "ts": "2026-06-21T16:03:50.474354+00:00", "session_id": "5858b336", "level": "INFO"}
MeanReversion: no volume data supplied — volume filter bypassed
{"event": "signal", "strategy": "mean_reversion", "symbol": "NVDA", "direction": "SELL", "strength": 0.784992, "metadata": {"z": 2.298, "rsi": 74.43, "rv": 0.6535}, "ts": "2026-06-21T16:03:50.493673+00:00", "session_id": "5858b336", "level": "INFO"}
{"event": "signal", "strategy": "mean_reversion", "symbol": "JPM", "direction": "SELL", "strength": 0.793582, "metadata": {"z": 1.9041, "rsi": 79.56, "rv": 0.1393}, "ts": "2026-06-21T16:03:50.498573+00:00", "session_id": "5858b336", "level": "INFO"}
{"event": "signal", "strategy": "mean_reversion", "symbol": "LIN", "direction": "SELL", "strength": 1.0, "metadata": {"z": 3.8475, "rsi": 78.73, "rv": 0.1877}, "ts": "2026-06-21T16:03:50.511008+00:00", "session_id": "5858b336", "level": "INFO"}
{"event": "info", "message": "SignalGenerator: 9 raw \u2192 4 combined signals", "metadata": {"regime": "BEAR", "n_strategies": 4, "allocations": {"stat_arb": 0.25, "momentum": 0.15, "factor_model": 0.25, "mean_reversion": 0.3}}, "ts": "2026-06-21T16:03:50.512929+00:00", "session_id": "5858b336", "level": "INFO"}
{"event": "risk_event", "event_type": "trade_rejected", "details": {"symbol": "XOM", "side": "sell", "qty": 165, "reason": "Individual short position 15.12% exceeds limit 5%", "strategy": "combined"}, "ts": "2026-06-21T16:03:50.527744+00:00", "session_id": "5858b336", "level": "WARNING"}
{"event": "risk_event", "event_type": "trade_rejected", "details": {"symbol": "LIN", "side": "sell", "qty": 42, "reason": "Individual short position 17.13% exceeds limit 5%", "strategy": "combined"}, "ts": "2026-06-21T16:03:50.533127+00:00", "session_id": "5858b336", "level": "WARNING"}
  [bar 311] 2024-02-22 05:00:00+00:00 | 4 signals | equity=106,165 | regime=BEAR
StatArbStrategy.generate_signals: no pairs loaded. Call find_pairs() first.
{"event": "signal", "strategy": "momentum", "symbol": "MSFT", "direction": "BUY", "strength": 1.0, "metadata": {"rank": 0.9333333333333333, "sector": "Technology", "fallback": true}, "ts": "2026-06-21T16:03:50.779837+00:00", "session_id": "5858b336", "level": "INFO"}
{"event": "signal", "strategy": "momentum", "symbol": "NVDA", "direction": "BUY", "strength": 0.442268, "metadata": {"rank": 1.0, "sector": "Technology", "fallback": true}, "ts": "2026-06-21T16:03:50.780130+00:00", "session_id": "5858b336", "level": "INFO"}
{"event": "signal", "strategy": "momentum", "symbol": "AMZN", "direction": "BUY", "strength": 0.613193, "metadata": {"rank": 0.8, "sector": "Consumer Discretionary", "fallback": true}, "ts": "2026-06-21T16:03:50.781147+00:00", "session_id": "5858b336", "level": "INFO"}
{"event": "signal", "strategy": "momentum", "symbol": "TSLA", "direction": "SELL", "strength": 0.365302, "metadata": {"rank": 0.2, "sector": "Consumer Discretionary", "fallback": true}, "ts": "2026-06-21T16:03:50.781404+00:00", "session_id": "5858b336", "level": "INFO"}
{"event": "signal", "strategy": "momentum", "symbol": "XOM", "direction": "SELL", "strength": 0.876342, "metadata": {"rank": 0.13333333333333333, "sector": "Energy", "fallback": true}, "ts": "2026-06-21T16:03:50.781853+00:00", "session_id": "5858b336", "level": "INFO"}
{"event": "signal", "strategy": "momentum", "symbol": "GOOGL", "direction": "BUY", "strength": 0.651071, "metadata": {"rank": 0.8666666666666667, "sector": "Communication Services", "fallback": true}, "ts": "2026-06-21T16:03:50.782802+00:00", "session_id": "5858b336", "level": "INFO"}
MeanReversion: no volume data supplied — volume filter bypassed
{"event": "signal", "strategy": "mean_reversion", "symbol": "NVDA", "direction": "SELL", "strength": 0.720789, "metadata": {"z": 2.1919, "rsi": 71.91, "rv": 0.6536}, "ts": "2026-06-21T16:03:50.801480+00:00", "session_id": "5858b336", "level": "INFO"}
{"event": "signal", "strategy": "mean_reversion", "symbol": "JNJ", "direction": "SELL", "strength": 0.777731, "metadata": {"z": 1.8718, "rsi": 70.21, "rv": 0.1209}, "ts": "2026-06-21T16:03:50.803322+00:00", "session_id": "5858b336", "level": "INFO"}
{"event": "signal", "strategy": "mean_reversion", "symbol": "JPM", "direction": "SELL", "strength": 0.850493, "metadata": {"z": 1.9642, "rsi": 79.45, "rv": 0.1337}, "ts": "2026-06-21T16:03:50.806679+00:00", "session_id": "5858b336", "level": "INFO"}
{"event": "signal", "strategy": "mean_reversion", "symbol": "LIN", "direction": "CLOSE", "strength": 1.0, "metadata": {"z": 3.4288, "action": "hard_stop"}, "ts": "2026-06-21T16:03:50.819391+00:00", "session_id": "5858b336", "level": "INFO"}
{"event": "info", "message": "SignalGenerator: 10 raw \u2192 9 combined signals", "metadata": {"regime": "SIDEWAYS", "n_strategies": 4, "allocations": {"stat_arb": 0.25, "momentum": 0.3, "factor_model": 0.25, "mean_reversion": 0.18}}, "ts": "2026-06-21T16:03:50.821316+00:00", "session_id": "5858b336", "level": "INFO"}
ExecutionManager: net exposure limit reached (85.8% vs ±80%) — skipping MSFT buy
{"event": "order", "order_id": "3a86020f-3a6", "symbol": "NVDA", "side": "sell", "qty": 87, "price": 0.0, "status": "submitted", "metadata": {"order_type": "market", "strategy": "combined"}, "ts": "2026-06-21T16:03:50.836594+00:00", "session_id": "5858b336", "level": "INFO"}
ExecutionManager: net exposure limit reached (85.8% vs ±80%) — skipping AMZN buy
{"event": "risk_event", "event_type": "trade_rejected", "details": {"symbol": "XOM", "side": "sell", "qty": 156, "reason": "Individual short position 14.17% exceeds limit 5%", "strategy": "combined"}, "ts": "2026-06-21T16:03:50.842215+00:00", "session_id": "5858b336", "level": "WARNING"}
ExecutionManager: net exposure limit reached (85.8% vs ±80%) — skipping GOOGL buy
{"event": "risk_event", "event_type": "trade_rejected", "details": {"symbol": "JNJ", "side": "sell", "qty": 140, "reason": "Individual short position 20.00% exceeds limit 5%", "strategy": "combined"}, "ts": "2026-06-21T16:03:50.847628+00:00", "session_id": "5858b336", "level": "WARNING"}
  [bar 312] 2024-02-23 05:00:00+00:00 | 9 signals | equity=106,206 | regime=SIDEWAYS
{"event": "fill", "order_id": "3a86020f-3a6", "fill_price": 79.50277021288811, "fill_qty": 87, "slippage_bps": 7.0163, "metadata": {"symbol": "NVDA", "side": "sell", "commission": 0.435, "strategy": "combined"}, "ts": "2026-06-21T16:03:50.853385+00:00", "session_id": "5858b336", "level": "INFO"}
StatArbStrategy.generate_signals: no pairs loaded. Call find_pairs() first.
{"event": "signal", "strategy": "momentum", "symbol": "MSFT", "direction": "BUY", "strength": 0.577329, "metadata": {"rank": 1.0, "sector": "Technology", "fallback": true}, "ts": "2026-06-21T16:03:51.084130+00:00", "session_id": "5858b336", "level": "INFO"}
{"event": "signal", "strategy": "momentum", "symbol": "NVDA", "direction": "BUY", "strength": 0.206971, "metadata": {"rank": 0.9333333333333333, "sector": "Technology", "fallback": true}, "ts": "2026-06-21T16:03:51.084428+00:00", "session_id": "5858b336", "level": "INFO"}
{"event": "signal", "strategy": "momentum", "symbol": "AMZN", "direction": "BUY", "strength": 0.332553, "metadata": {"rank": 0.8666666666666667, "sector": "Consumer Discretionary", "fallback": true}, "ts": "2026-06-21T16:03:51.085520+00:00", "session_id": "5858b336", "level": "INFO"}
{"event": "signal", "strategy": "momentum", "symbol": "TSLA", "direction": "SELL", "strength": 0.183767, "metadata": {"rank": 0.2, "sector": "Consumer Discretionary", "fallback": true}, "ts": "2026-06-21T16:03:51.085749+00:00", "session_id": "5858b336", "level": "INFO"}
{"event": "signal", "strategy": "momentum", "symbol": "XOM", "direction": "SELL", "strength": 0.437845, "metadata": {"rank": 0.13333333333333333, "sector": "Energy", "fallback": true}, "ts": "2026-06-21T16:03:51.086192+00:00", "session_id": "5858b336", "level": "INFO"}
{"event": "signal", "strategy": "momentum", "symbol": "GOOGL", "direction": "BUY", "strength": 0.283294, "metadata": {"rank": 0.8, "sector": "Communication Services", "fallback": true}, "ts": "2026-06-21T16:03:51.087113+00:00", "session_id": "5858b336", "level": "INFO"}
MeanReversion: no volume data supplied — volume filter bypassed
{"event": "signal", "strategy": "mean_reversion", "symbol": "JPM", "direction": "SELL", "strength": 0.736477, "metadata": {"z": 1.8348, "rsi": 77.48, "rv": 0.1334}, "ts": "2026-06-21T16:03:51.110854+00:00", "session_id": "5858b336", "level": "INFO"}
{"event": "signal", "strategy": "mean_reversion", "symbol": "LIN", "direction": "SELL", "strength": 1.0, "metadata": {"z": 2.8885, "rsi": 85.77, "rv": 0.1919}, "ts": "2026-06-21T16:03:51.125256+00:00", "session_id": "5858b336", "level": "INFO"}
{"event": "info", "message": "SignalGenerator: 8 raw \u2192 3 combined signals", "metadata": {"regime": "BEAR", "n_strategies": 4, "allocations": {"stat_arb": 0.25, "momentum": 0.15, "factor_model": 0.25, "mean_reversion": 0.3}}, "ts": "2026-06-21T16:03:51.127137+00:00", "session_id": "5858b336", "level": "INFO"}
{"event": "risk_event", "event_type": "trade_rejected", "details": {"symbol": "XOM", "side": "sell", "qty": 137, "reason": "Individual short position 12.55% exceeds limit 5%", "strategy": "combined"}, "ts": "2026-06-21T16:03:51.140889+00:00", "session_id": "5858b336", "level": "WARNING"}
{"event": "risk_event", "event_type": "trade_rejected", "details": {"symbol": "LIN", "side": "sell", "qty": 36, "reason": "Individual short position 14.68% exceeds limit 5%", "strategy": "combined"}, "ts": "2026-06-21T16:03:51.147850+00:00", "session_id": "5858b336", "level": "WARNING"}
  [bar 313] 2024-02-26 05:00:00+00:00 | 3 signals | equity=105,695 | regime=BEAR
StatArbStrategy.generate_signals: no pairs loaded. Call find_pairs() first.
{"event": "signal", "strategy": "momentum", "symbol": "MSFT", "direction": "BUY", "strength": 1.0, "metadata": {"rank": 1.0, "sector": "Technology", "fallback": true}, "ts": "2026-06-21T16:03:51.385853+00:00", "session_id": "5858b336", "level": "INFO"}
{"event": "signal", "strategy": "momentum", "symbol": "NVDA", "direction": "BUY", "strength": 0.413193, "metadata": {"rank": 0.9333333333333333, "sector": "Technology", "fallback": true}, "ts": "2026-06-21T16:03:51.386146+00:00", "session_id": "5858b336", "level": "INFO"}
{"event": "signal", "strategy": "momentum", "symbol": "AMZN", "direction": "BUY", "strength": 0.664382, "metadata": {"rank": 0.8666666666666667, "sector": "Consumer Discretionary", "fallback": true}, "ts": "2026-06-21T16:03:51.387288+00:00", "session_id": "5858b336", "level": "INFO"}
{"event": "signal", "strategy": "momentum", "symbol": "TSLA", "direction": "SELL", "strength": 0.367634, "metadata": {"rank": 0.2, "sector": "Consumer Discretionary", "fallback": true}, "ts": "2026-06-21T16:03:51.387517+00:00", "session_id": "5858b336", "level": "INFO"}
{"event": "signal", "strategy": "momentum", "symbol": "XOM", "direction": "SELL", "strength": 0.887014, "metadata": {"rank": 0.13333333333333333, "sector": "Energy", "fallback": true}, "ts": "2026-06-21T16:03:51.387959+00:00", "session_id": "5858b336", "level": "INFO"}
{"event": "signal", "strategy": "momentum", "symbol": "GOOGL", "direction": "BUY", "strength": 0.569449, "metadata": {"rank": 0.8, "sector": "Communication Services", "fallback": true}, "ts": "2026-06-21T16:03:51.388911+00:00", "session_id": "5858b336", "level": "INFO"}
MeanReversion: no volume data supplied — volume filter bypassed
{"event": "signal", "strategy": "mean_reversion", "symbol": "NVDA", "direction": "SELL", "strength": 0.580044, "metadata": {"z": 1.9578, "rsi": 70.73, "rv": 0.6512}, "ts": "2026-06-21T16:03:51.407666+00:00", "session_id": "5858b336", "level": "INFO"}
{"event": "signal", "strategy": "mean_reversion", "symbol": "JPM", "direction": "SELL", "strength": 0.706334, "metadata": {"z": 1.8008, "rsi": 76.75, "rv": 0.1338}, "ts": "2026-06-21T16:03:51.412580+00:00", "session_id": "5858b336", "level": "INFO"}
{"event": "signal", "strategy": "mean_reversion", "symbol": "LIN", "direction": "SELL", "strength": 1.0, "metadata": {"z": 2.6492, "rsi": 81.01, "rv": 0.1928}, "ts": "2026-06-21T16:03:51.425477+00:00", "session_id": "5858b336", "level": "INFO"}
{"event": "info", "message": "SignalGenerator: 9 raw \u2192 8 combined signals", "metadata": {"regime": "SIDEWAYS", "n_strategies": 4, "allocations": {"stat_arb": 0.25, "momentum": 0.3, "factor_model": 0.25, "mean_reversion": 0.18}}, "ts": "2026-06-21T16:03:51.427452+00:00", "session_id": "5858b336", "level": "INFO"}
{"event": "risk_event", "event_type": "trade_rejected", "details": {"symbol": "XOM", "side": "sell", "qty": 217, "reason": "Individual short position 19.80% exceeds limit 5%", "strategy": "combined"}, "ts": "2026-06-21T16:03:51.447023+00:00", "session_id": "5858b336", "level": "WARNING"}
{"event": "risk_event", "event_type": "trade_rejected", "details": {"symbol": "LIN", "side": "sell", "qty": 49, "reason": "Individual short position 19.93% exceeds limit 5%", "strategy": "combined"}, "ts": "2026-06-21T16:03:51.452042+00:00", "session_id": "5858b336", "level": "WARNING"}
  [bar 314] 2024-02-27 05:00:00+00:00 | 8 signals | equity=105,903 | regime=SIDEWAYS
StatArbStrategy.generate_signals: no pairs loaded. Call find_pairs() first.
{"event": "signal", "strategy": "momentum", "symbol": "MSFT", "direction": "BUY", "strength": 1.0, "metadata": {"rank": 0.9333333333333333, "sector": "Technology", "fallback": true}, "ts": "2026-06-21T16:03:51.857764+00:00", "session_id": "5858b336", "level": "INFO"}
{"event": "signal", "strategy": "momentum", "symbol": "NVDA", "direction": "BUY", "strength": 0.447017, "metadata": {"rank": 1.0, "sector": "Technology", "fallback": true}, "ts": "2026-06-21T16:03:51.858074+00:00", "session_id": "5858b336", "level": "INFO"}
{"event": "signal", "strategy": "momentum", "symbol": "AMZN", "direction": "BUY", "strength": 0.66426, "metadata": {"rank": 0.8666666666666667, "sector": "Consumer Discretionary", "fallback": true}, "ts": "2026-06-21T16:03:51.859330+00:00", "session_id": "5858b336", "level": "INFO"}
{"event": "signal", "strategy": "momentum", "symbol": "TSLA", "direction": "SELL", "strength": 0.398149, "metadata": {"rank": 0.13333333333333333, "sector": "Consumer Discretionary", "fallback": true}, "ts": "2026-06-21T16:03:51.859603+00:00", "session_id": "5858b336", "level": "INFO"}
{"event": "signal", "strategy": "momentum", "symbol": "XOM", "direction": "SELL", "strength": 0.819081, "metadata": {"rank": 0.2, "sector": "Energy", "fallback": true}, "ts": "2026-06-21T16:03:51.860124+00:00", "session_id": "5858b336", "level": "INFO"}
{"event": "signal", "strategy": "momentum", "symbol": "GOOGL", "direction": "BUY", "strength": 0.56958, "metadata": {"rank": 0.8, "sector": "Communication Services", "fallback": true}, "ts": "2026-06-21T16:03:51.861268+00:00", "session_id": "5858b336", "level": "INFO"}
MeanReversion: no volume data supplied — volume filter bypassed
{"event": "signal", "strategy": "mean_reversion", "symbol": "AAPL", "direction": "BUY", "strength": 0.41121, "metadata": {"z": -1.4689, "rsi": 28.29, "rv": 0.1402}, "ts": "2026-06-21T16:03:51.881217+00:00", "session_id": "5858b336", "level": "INFO"}
{"event": "signal", "strategy": "mean_reversion", "symbol": "UNH", "direction": "BUY", "strength": 0.66538, "metadata": {"z": -1.791, "rsi": 26.16, "rv": 0.1887}, "ts": "2026-06-21T16:03:51.888068+00:00", "session_id": "5858b336", "level": "INFO"}
{"event": "signal", "strategy": "mean_reversion", "symbol": "JPM", "direction": "SELL", "strength": 0.775387, "metadata": {"z": 1.8666, "rsi": 77.61, "rv": 0.1176}, "ts": "2026-06-21T16:03:51.889954+00:00", "session_id": "5858b336", "level": "INFO"}
{"event": "signal", "strategy": "mean_reversion", "symbol": "LIN", "direction": "SELL", "strength": 1.0, "metadata": {"z": 2.8947, "rsi": 82.88, "rv": 0.1958}, "ts": "2026-06-21T16:03:51.902447+00:00", "session_id": "5858b336", "level": "INFO"}
{"event": "info", "message": "SignalGenerator: 10 raw \u2192 7 combined signals", "metadata": {"regime": "BULL", "n_strategies": 4, "allocations": {"stat_arb": 0.05, "momentum": 0.5, "factor_model": 0.3, "mean_reversion": 0.13}}, "ts": "2026-06-21T16:03:51.904531+00:00", "session_id": "5858b336", "level": "INFO"}
{"event": "order", "order_id": "3e1c76f9-c24", "symbol": "NVDA", "side": "buy", "qty": 63, "price": 0.0, "status": "submitted", "metadata": {"order_type": "market", "strategy": "combined"}, "ts": "2026-06-21T16:03:51.922027+00:00", "session_id": "5858b336", "level": "INFO"}
{"event": "order", "order_id": "4b06bd17-f12", "symbol": "AMZN", "side": "buy", "qty": 1, "price": 0.0, "status": "submitted", "metadata": {"order_type": "market", "strategy": "combined"}, "ts": "2026-06-21T16:03:51.926005+00:00", "session_id": "5858b336", "level": "INFO"}
{"event": "risk_event", "event_type": "trade_rejected", "details": {"symbol": "XOM", "side": "sell", "qty": 203, "reason": "Individual short position 18.60% exceeds limit 5%", "strategy": "combined"}, "ts": "2026-06-21T16:03:51.930622+00:00", "session_id": "5858b336", "level": "WARNING"}
{"event": "order", "order_id": "0481aed9-86e", "symbol": "AAPL", "side": "buy", "qty": 1, "price": 0.0, "status": "submitted", "metadata": {"order_type": "market", "strategy": "combined"}, "ts": "2026-06-21T16:03:51.934495+00:00", "session_id": "5858b336", "level": "INFO"}
{"event": "order", "order_id": "5974d701-35b", "symbol": "UNH", "side": "buy", "qty": 44, "price": 0.0, "status": "submitted", "metadata": {"order_type": "market", "strategy": "combined"}, "ts": "2026-06-21T16:03:51.939145+00:00", "session_id": "5858b336", "level": "INFO"}
  [bar 315] 2024-02-28 05:00:00+00:00 | 7 signals | equity=105,781 | regime=BULL
{"event": "fill", "order_id": "0481aed9-86e", "fill_price": 179.59545865719224, "fill_qty": 1, "slippage_bps": 7.001, "metadata": {"symbol": "AAPL", "side": "buy", "commission": 0.005, "strategy": "combined"}, "ts": "2026-06-21T16:03:51.942390+00:00", "session_id": "5858b336", "level": "INFO"}
{"event": "fill", "order_id": "4b06bd17-f12", "fill_price": 173.13115455825476, "fill_qty": 1, "slippage_bps": 7.0031, "metadata": {"symbol": "AMZN", "side": "buy", "commission": 0.005, "strategy": "combined"}, "ts": "2026-06-21T16:03:51.943003+00:00", "session_id": "5858b336", "level": "INFO"}
{"event": "fill", "order_id": "3e1c76f9-c24", "fill_price": 79.00904429643664, "fill_qty": 63, "slippage_bps": 7.0138, "metadata": {"symbol": "NVDA", "side": "buy", "commission": 0.315, "strategy": "combined"}, "ts": "2026-06-21T16:03:51.944991+00:00", "session_id": "5858b336", "level": "INFO"}
{"event": "fill", "order_id": "5974d701-35b", "fill_price": 472.95680827948473, "fill_qty": 44, "slippage_bps": 7.0402, "metadata": {"symbol": "UNH", "side": "buy", "commission": 0.22, "strategy": "combined"}, "ts": "2026-06-21T16:03:51.946061+00:00", "session_id": "5858b336", "level": "INFO"}
StatArbStrategy.generate_signals: no pairs loaded. Call find_pairs() first.
{"event": "signal", "strategy": "momentum", "symbol": "MSFT", "direction": "BUY", "strength": 1.0, "metadata": {"rank": 0.9333333333333333, "sector": "Technology", "fallback": true}, "ts": "2026-06-21T16:03:52.173597+00:00", "session_id": "5858b336", "level": "INFO"}
{"event": "signal", "strategy": "momentum", "symbol": "NVDA", "direction": "BUY", "strength": 0.446914, "metadata": {"rank": 1.0, "sector": "Technology", "fallback": true}, "ts": "2026-06-21T16:03:52.173870+00:00", "session_id": "5858b336", "level": "INFO"}
{"event": "signal", "strategy": "momentum", "symbol": "JPM", "direction": "BUY", "strength": 1.0, "metadata": {"rank": 0.8, "sector": "Financials", "fallback": true}, "ts": "2026-06-21T16:03:52.174670+00:00", "session_id": "5858b336", "level": "INFO"}
{"event": "signal", "strategy": "momentum", "symbol": "AMZN", "direction": "BUY", "strength": 0.658124, "metadata": {"rank": 0.8666666666666667, "sector": "Consumer Discretionary", "fallback": true}, "ts": "2026-06-21T16:03:52.175166+00:00", "session_id": "5858b336", "level": "INFO"}
{"event": "signal", "strategy": "momentum", "symbol": "TSLA", "direction": "SELL", "strength": 0.367528, "metadata": {"rank": 0.2, "sector": "Consumer Discretionary", "fallback": true}, "ts": "2026-06-21T16:03:52.175429+00:00", "session_id": "5858b336", "level": "INFO"}
{"event": "signal", "strategy": "momentum", "symbol": "XOM", "direction": "SELL", "strength": 0.887429, "metadata": {"rank": 0.13333333333333333, "sector": "Energy", "fallback": true}, "ts": "2026-06-21T16:03:52.175881+00:00", "session_id": "5858b336", "level": "INFO"}
MeanReversion: no volume data supplied — volume filter bypassed
{"event": "signal", "strategy": "mean_reversion", "symbol": "AAPL", "direction": "BUY", "strength": 0.478266, "metadata": {"z": -1.5375, "rsi": 28.97, "rv": 0.1238}, "ts": "2026-06-21T16:03:52.192289+00:00", "session_id": "5858b336", "level": "INFO"}
{"event": "signal", "strategy": "mean_reversion", "symbol": "JNJ", "direction": "SELL", "strength": 0.489051, "metadata": {"z": 1.5492, "rsi": 73.42, "rv": 0.1231}, "ts": "2026-06-21T16:03:52.197366+00:00", "session_id": "5858b336", "level": "INFO"}
{"event": "signal", "strategy": "mean_reversion", "symbol": "UNH", "direction": "BUY", "strength": 0.861728, "metadata": {"z": -2.0173, "rsi": 22.55, "rv": 0.1806}, "ts": "2026-06-21T16:03:52.199169+00:00", "session_id": "5858b336", "level": "INFO"}
{"event": "signal", "strategy": "mean_reversion", "symbol": "JPM", "direction": "SELL", "strength": 0.918129, "metadata": {"z": 2.0183, "rsi": 82.62, "rv": 0.1091}, "ts": "2026-06-21T16:03:52.200962+00:00", "session_id": "5858b336", "level": "INFO"}
{"event": "signal", "strategy": "mean_reversion", "symbol": "LIN", "direction": "SELL", "strength": 1.0, "metadata": {"z": 2.5145, "rsi": 83.6, "rv": 0.1941}, "ts": "2026-06-21T16:03:52.213558+00:00", "session_id": "5858b336", "level": "INFO"}
{"event": "info", "message": "SignalGenerator: 11 raw \u2192 10 combined signals", "metadata": {"regime": "SIDEWAYS", "n_strategies": 4, "allocations": {"stat_arb": 0.25, "momentum": 0.3, "factor_model": 0.25, "mean_reversion": 0.18}}, "ts": "2026-06-21T16:03:52.215492+00:00", "session_id": "5858b336", "level": "INFO"}
ExecutionManager: net exposure limit reached (103.9% vs ±80%) — skipping MSFT buy
ExecutionManager: net exposure limit reached (103.9% vs ±80%) — skipping NVDA buy
ExecutionManager: net exposure limit reached (103.9% vs ±80%) — skipping JPM buy
ExecutionManager: net exposure limit reached (103.9% vs ±80%) — skipping AMZN buy
{"event": "risk_event", "event_type": "trade_rejected", "details": {"symbol": "XOM", "side": "sell", "qty": 133, "reason": "Individual short position 12.14% exceeds limit 5%", "strategy": "combined"}, "ts": "2026-06-21T16:03:52.238159+00:00", "session_id": "5858b336", "level": "WARNING"}
ExecutionManager: net exposure limit reached (103.9% vs ±80%) — skipping AAPL buy
{"event": "risk_event", "event_type": "trade_rejected", "details": {"symbol": "JNJ", "side": "sell", "qty": 140, "reason": "Individual short position 19.90% exceeds limit 5%", "strategy": "combined"}, "ts": "2026-06-21T16:03:52.244336+00:00", "session_id": "5858b336", "level": "WARNING"}
ExecutionManager: net exposure limit reached (103.9% vs ±80%) — skipping UNH buy
{"event": "risk_event", "event_type": "trade_rejected", "details": {"symbol": "LIN", "side": "sell", "qty": 48, "reason": "Individual short position 19.61% exceeds limit 5%", "strategy": "combined"}, "ts": "2026-06-21T16:03:52.250394+00:00", "session_id": "5858b336", "level": "WARNING"}
  [bar 316] 2024-02-29 05:00:00+00:00 | 10 signals | equity=106,397 | regime=SIDEWAYS
StatArbStrategy.generate_signals: no pairs loaded. Call find_pairs() first.
{"event": "signal", "strategy": "momentum", "symbol": "MSFT", "direction": "BUY", "strength": 0.554442, "metadata": {"rank": 0.9333333333333333, "sector": "Technology", "fallback": true}, "ts": "2026-06-21T16:03:52.494786+00:00", "session_id": "5858b336", "level": "INFO"}
{"event": "signal", "strategy": "momentum", "symbol": "NVDA", "direction": "BUY", "strength": 0.224507, "metadata": {"rank": 1.0, "sector": "Technology", "fallback": true}, "ts": "2026-06-21T16:03:52.495076+00:00", "session_id": "5858b336", "level": "INFO"}
{"event": "signal", "strategy": "momentum", "symbol": "JPM", "direction": "BUY", "strength": 0.656621, "metadata": {"rank": 0.8, "sector": "Financials", "fallback": true}, "ts": "2026-06-21T16:03:52.495827+00:00", "session_id": "5858b336", "level": "INFO"}
{"event": "signal", "strategy": "momentum", "symbol": "AMZN", "direction": "BUY", "strength": 0.332239, "metadata": {"rank": 0.8666666666666667, "sector": "Consumer Discretionary", "fallback": true}, "ts": "2026-06-21T16:03:52.496378+00:00", "session_id": "5858b336", "level": "INFO"}
{"event": "signal", "strategy": "momentum", "symbol": "TSLA", "direction": "SELL", "strength": 0.183932, "metadata": {"rank": 0.2, "sector": "Consumer Discretionary", "fallback": true}, "ts": "2026-06-21T16:03:52.496615+00:00", "session_id": "5858b336", "level": "INFO"}
{"event": "signal", "strategy": "momentum", "symbol": "XOM", "direction": "SELL", "strength": 0.441057, "metadata": {"rank": 0.13333333333333333, "sector": "Energy", "fallback": true}, "ts": "2026-06-21T16:03:52.497057+00:00", "session_id": "5858b336", "level": "INFO"}
{"event": "signal", "strategy": "factor_model", "symbol": "TSLA", "direction": "SELL", "strength": 0.57678, "metadata": {"composite_score": -1.7303404238516356}, "ts": "2026-06-21T16:03:52.511310+00:00", "session_id": "5858b336", "level": "INFO"}
{"event": "signal", "strategy": "factor_model", "symbol": "JPM", "direction": "BUY", "strength": 0.337417, "metadata": {"composite_score": 1.0122508965651897}, "ts": "2026-06-21T16:03:52.511635+00:00", "session_id": "5858b336", "level": "INFO"}
MeanReversion: no volume data supplied — volume filter bypassed
{"event": "signal", "strategy": "mean_reversion", "symbol": "AAPL", "direction": "BUY", "strength": 0.607219, "metadata": {"z": -1.6758, "rsi": 24.11, "rv": 0.113}, "ts": "2026-06-21T16:03:52.513789+00:00", "session_id": "5858b336", "level": "INFO"}
{"event": "signal", "strategy": "mean_reversion", "symbol": "JNJ", "direction": "SELL", "strength": 0.675868, "metadata": {"z": 1.7586, "rsi": 74.17, "rv": 0.1224}, "ts": "2026-06-21T16:03:52.518755+00:00", "session_id": "5858b336", "level": "INFO"}
{"event": "signal", "strategy": "mean_reversion", "symbol": "UNH", "direction": "BUY", "strength": 1.0, "metadata": {"z": -2.1831, "rsi": 21.57, "rv": 0.1802}, "ts": "2026-06-21T16:03:52.520595+00:00", "session_id": "5858b336", "level": "INFO"}
{"event": "signal", "strategy": "mean_reversion", "symbol": "JPM", "direction": "SELL", "strength": 0.768615, "metadata": {"z": 1.8528, "rsi": 78.84, "rv": 0.1095}, "ts": "2026-06-21T16:03:52.522387+00:00", "session_id": "5858b336", "level": "INFO"}
{"event": "signal", "strategy": "mean_reversion", "symbol": "XOM", "direction": "SELL", "strength": 0.883121, "metadata": {"z": 2.0467, "rsi": 70.54, "rv": 0.1853}, "ts": "2026-06-21T16:03:52.528806+00:00", "session_id": "5858b336", "level": "INFO"}
{"event": "signal", "strategy": "mean_reversion", "symbol": "LIN", "direction": "SELL", "strength": 1.0, "metadata": {"z": 2.3736, "rsi": 81.83, "rv": 0.194}, "ts": "2026-06-21T16:03:52.535165+00:00", "session_id": "5858b336", "level": "INFO"}
{"event": "info", "message": "SignalGenerator: 14 raw \u2192 7 combined signals", "metadata": {"regime": "BEAR", "n_strategies": 4, "allocations": {"stat_arb": 0.25, "momentum": 0.15, "factor_model": 0.25, "mean_reversion": 0.3}}, "ts": "2026-06-21T16:03:52.537119+00:00", "session_id": "5858b336", "level": "INFO"}
ExecutionManager: net exposure limit reached (103.9% vs ±80%) — skipping AAPL buy
{"event": "risk_event", "event_type": "trade_rejected", "details": {"symbol": "JNJ", "side": "sell", "qty": 120, "reason": "Individual short position 17.17% exceeds limit 5%", "strategy": "combined"}, "ts": "2026-06-21T16:03:52.557877+00:00", "session_id": "5858b336", "level": "WARNING"}
ExecutionManager: net exposure limit reached (103.9% vs ±80%) — skipping UNH buy
{"event": "risk_event", "event_type": "trade_rejected", "details": {"symbol": "LIN", "side": "sell", "qty": 35, "reason": "Individual short position 14.34% exceeds limit 5%", "strategy": "combined"}, "ts": "2026-06-21T16:03:52.566000+00:00", "session_id": "5858b336", "level": "WARNING"}
  [bar 317] 2024-03-01 05:00:00+00:00 | 7 signals | equity=106,171 | regime=BEAR
StatArbStrategy.generate_signals: no pairs loaded. Call find_pairs() first.
{"event": "signal", "strategy": "momentum", "symbol": "MSFT", "direction": "BUY", "strength": 1.0, "metadata": {"rank": 0.9333333333333333, "sector": "Technology", "fallback": true}, "ts": "2026-06-21T16:03:52.847593+00:00", "session_id": "5858b336", "level": "INFO"}
{"event": "signal", "strategy": "momentum", "symbol": "NVDA", "direction": "BUY", "strength": 0.44675, "metadata": {"rank": 1.0, "sector": "Technology", "fallback": true}, "ts": "2026-06-21T16:03:52.847870+00:00", "session_id": "5858b336", "level": "INFO"}
{"event": "signal", "strategy": "momentum", "symbol": "JPM", "direction": "BUY", "strength": 1.0, "metadata": {"rank": 0.8, "sector": "Financials", "fallback": true}, "ts": "2026-06-21T16:03:52.848631+00:00", "session_id": "5858b336", "level": "INFO"}
{"event": "signal", "strategy": "momentum", "symbol": "AMZN", "direction": "BUY", "strength": 0.665865, "metadata": {"rank": 0.8666666666666667, "sector": "Consumer Discretionary", "fallback": true}, "ts": "2026-06-21T16:03:52.849136+00:00", "session_id": "5858b336", "level": "INFO"}
{"event": "signal", "strategy": "momentum", "symbol": "TSLA", "direction": "SELL", "strength": 0.349523, "metadata": {"rank": 0.2, "sector": "Consumer Discretionary", "fallback": true}, "ts": "2026-06-21T16:03:52.849372+00:00", "session_id": "5858b336", "level": "INFO"}
{"event": "signal", "strategy": "momentum", "symbol": "XOM", "direction": "SELL", "strength": 0.891778, "metadata": {"rank": 0.13333333333333333, "sector": "Energy", "fallback": true}, "ts": "2026-06-21T16:03:52.849828+00:00", "session_id": "5858b336", "level": "INFO"}
MeanReversion: no volume data supplied — volume filter bypassed
{"event": "signal", "strategy": "mean_reversion", "symbol": "AAPL", "direction": "BUY", "strength": 1.0, "metadata": {"z": -2.3726, "rsi": 20.77, "rv": 0.1409}, "ts": "2026-06-21T16:03:52.872058+00:00", "session_id": "5858b336", "level": "INFO"}
{"event": "signal", "strategy": "mean_reversion", "symbol": "NVDA", "direction": "SELL", "strength": 0.702985, "metadata": {"z": 2.1565, "rsi": 72.44, "rv": 0.6451}, "ts": "2026-06-21T16:03:52.875839+00:00", "session_id": "5858b336", "level": "INFO"}
{"event": "signal", "strategy": "mean_reversion", "symbol": "UNH", "direction": "BUY", "strength": 1.0, "metadata": {"z": -2.5361, "rsi": 18.91, "rv": 0.1842}, "ts": "2026-06-21T16:03:52.879284+00:00", "session_id": "5858b336", "level": "INFO"}
{"event": "signal", "strategy": "mean_reversion", "symbol": "JPM", "direction": "SELL", "strength": 0.872342, "metadata": {"z": 1.9685, "rsi": 79.54, "rv": 0.1102}, "ts": "2026-06-21T16:03:52.881087+00:00", "session_id": "5858b336", "level": "INFO"}
{"event": "signal", "strategy": "mean_reversion", "symbol": "GOOGL", "direction": "BUY", "strength": 0.361066, "metadata": {"z": -1.4575, "rsi": 26.13, "rv": 0.267}, "ts": "2026-06-21T16:03:52.892083+00:00", "session_id": "5858b336", "level": "INFO"}
{"event": "signal", "strategy": "mean_reversion", "symbol": "LIN", "direction": "SELL", "strength": 1.0, "metadata": {"z": 2.6045, "rsi": 83.96, "rv": 0.194}, "ts": "2026-06-21T16:03:52.893931+00:00", "session_id": "5858b336", "level": "INFO"}
{"event": "info", "message": "SignalGenerator: 12 raw \u2192 10 combined signals", "metadata": {"regime": "SIDEWAYS", "n_strategies": 4, "allocations": {"stat_arb": 0.25, "momentum": 0.3, "factor_model": 0.25, "mean_reversion": 0.18}}, "ts": "2026-06-21T16:03:52.895829+00:00", "session_id": "5858b336", "level": "INFO"}
ExecutionManager: net exposure limit reached (103.9% vs ±80%) — skipping MSFT buy
{"event": "order", "order_id": "c15c6f7f-c35", "symbol": "NVDA", "side": "sell", "qty": 63, "price": 0.0, "status": "submitted", "metadata": {"order_type": "market", "strategy": "combined"}, "ts": "2026-06-21T16:03:52.912565+00:00", "session_id": "5858b336", "level": "INFO"}
ExecutionManager: net exposure limit reached (103.9% vs ±80%) — skipping JPM buy
ExecutionManager: net exposure limit reached (103.9% vs ±80%) — skipping AMZN buy
{"event": "risk_event", "event_type": "trade_rejected", "details": {"symbol": "XOM", "side": "sell", "qty": 200, "reason": "Individual short position 18.45% exceeds limit 5%", "strategy": "combined"}, "ts": "2026-06-21T16:03:52.918966+00:00", "session_id": "5858b336", "level": "WARNING"}
ExecutionManager: net exposure limit reached (103.9% vs ±80%) — skipping AAPL buy
ExecutionManager: net exposure limit reached (103.9% vs ±80%) — skipping UNH buy
ExecutionManager: net exposure limit reached (103.9% vs ±80%) — skipping GOOGL buy
{"event": "risk_event", "event_type": "trade_rejected", "details": {"symbol": "LIN", "side": "sell", "qty": 41, "reason": "Individual short position 17.22% exceeds limit 5%", "strategy": "combined"}, "ts": "2026-06-21T16:03:52.925279+00:00", "session_id": "5858b336", "level": "WARNING"}
  [bar 318] 2024-03-04 05:00:00+00:00 | 10 signals | equity=105,067 | regime=SIDEWAYS
{"event": "fill", "order_id": "c15c6f7f-c35", "fill_price": 85.06300464139494, "fill_qty": 63, "slippage_bps": 7.0134, "metadata": {"symbol": "NVDA", "side": "sell", "commission": 0.315, "strategy": "combined"}, "ts": "2026-06-21T16:03:52.930515+00:00", "session_id": "5858b336", "level": "INFO"}
StatArbStrategy.generate_signals: no pairs loaded. Call find_pairs() first.
{"event": "signal", "strategy": "momentum", "symbol": "MSFT", "direction": "BUY", "strength": 0.522854, "metadata": {"rank": 0.9333333333333333, "sector": "Technology", "fallback": true}, "ts": "2026-06-21T16:03:53.163054+00:00", "session_id": "5858b336", "level": "INFO"}
{"event": "signal", "strategy": "momentum", "symbol": "NVDA", "direction": "BUY", "strength": 0.226076, "metadata": {"rank": 1.0, "sector": "Technology", "fallback": true}, "ts": "2026-06-21T16:03:53.163550+00:00", "session_id": "5858b336", "level": "INFO"}
{"event": "signal", "strategy": "momentum", "symbol": "JPM", "direction": "BUY", "strength": 0.668741, "metadata": {"rank": 0.8, "sector": "Financials", "fallback": true}, "ts": "2026-06-21T16:03:53.164574+00:00", "session_id": "5858b336", "level": "INFO"}
{"event": "signal", "strategy": "momentum", "symbol": "AMZN", "direction": "BUY", "strength": 0.331405, "metadata": {"rank": 0.8666666666666667, "sector": "Consumer Discretionary", "fallback": true}, "ts": "2026-06-21T16:03:53.165387+00:00", "session_id": "5858b336", "level": "INFO"}
{"event": "signal", "strategy": "momentum", "symbol": "TSLA", "direction": "SELL", "strength": 0.172608, "metadata": {"rank": 0.2, "sector": "Consumer Discretionary", "fallback": true}, "ts": "2026-06-21T16:03:53.165770+00:00", "session_id": "5858b336", "level": "INFO"}
{"event": "signal", "strategy": "momentum", "symbol": "XOM", "direction": "SELL", "strength": 0.447929, "metadata": {"rank": 0.13333333333333333, "sector": "Energy", "fallback": true}, "ts": "2026-06-21T16:03:53.166425+00:00", "session_id": "5858b336", "level": "INFO"}
MeanReversion: no volume data supplied — volume filter bypassed
{"event": "signal", "strategy": "mean_reversion", "symbol": "AAPL", "direction": "BUY", "strength": 1.0, "metadata": {"z": -2.9656, "rsi": 18.23, "rv": 0.1601}, "ts": "2026-06-21T16:03:53.184612+00:00", "session_id": "5858b336", "level": "INFO"}
{"event": "signal", "strategy": "mean_reversion", "symbol": "NVDA", "direction": "SELL", "strength": 0.678426, "metadata": {"z": 2.1075, "rsi": 73.41, "rv": 0.6324}, "ts": "2026-06-21T16:03:53.188063+00:00", "session_id": "5858b336", "level": "INFO"}
{"event": "signal", "strategy": "mean_reversion", "symbol": "UNH", "direction": "BUY", "strength": 1.0, "metadata": {"z": -2.8701, "rsi": 16.62, "rv": 0.188}, "ts": "2026-06-21T16:03:53.191562+00:00", "session_id": "5858b336", "level": "INFO"}
{"event": "signal", "strategy": "mean_reversion", "symbol": "JPM", "direction": "SELL", "strength": 1.0, "metadata": {"z": 2.1481, "rsi": 88.07, "rv": 0.1112}, "ts": "2026-06-21T16:03:53.193412+00:00", "session_id": "5858b336", "level": "INFO"}
{"event": "signal", "strategy": "mean_reversion", "symbol": "CAT", "direction": "SELL", "strength": 0.486038, "metadata": {"z": 1.5891, "rsi": 70.86, "rv": 0.2121}, "ts": "2026-06-21T16:03:53.201337+00:00", "session_id": "5858b336", "level": "INFO"}
{"event": "signal", "strategy": "mean_reversion", "symbol": "GOOGL", "direction": "BUY", "strength": 0.489751, "metadata": {"z": -1.6186, "rsi": 27.72, "rv": 0.263}, "ts": "2026-06-21T16:03:53.204804+00:00", "session_id": "5858b336", "level": "INFO"}
{"event": "signal", "strategy": "mean_reversion", "symbol": "LIN", "direction": "SELL", "strength": 1.0, "metadata": {"z": 2.7234, "rsi": 90.65, "rv": 0.1772}, "ts": "2026-06-21T16:03:53.206655+00:00", "session_id": "5858b336", "level": "INFO"}
{"event": "info", "message": "SignalGenerator: 13 raw \u2192 8 combined signals", "metadata": {"regime": "BEAR", "n_strategies": 4, "allocations": {"stat_arb": 0.25, "momentum": 0.15, "factor_model": 0.25, "mean_reversion": 0.3}}, "ts": "2026-06-21T16:03:53.208618+00:00", "session_id": "5858b336", "level": "INFO"}
{"event": "risk_event", "event_type": "trade_rejected", "details": {"symbol": "XOM", "side": "sell", "qty": 113, "reason": "Individual short position 10.73% exceeds limit 5%", "strategy": "combined"}, "ts": "2026-06-21T16:03:53.227878+00:00", "session_id": "5858b336", "level": "WARNING"}
ExecutionManager: net exposure limit reached (98.8% vs ±80%) — skipping AAPL buy
ExecutionManager: net exposure limit reached (98.8% vs ±80%) — skipping UNH buy
ExecutionManager: net exposure limit reached (98.8% vs ±80%) — skipping GOOGL buy
{"event": "risk_event", "event_type": "trade_rejected", "details": {"symbol": "LIN", "side": "sell", "qty": 42, "reason": "Individual short position 18.14% exceeds limit 5%", "strategy": "combined"}, "ts": "2026-06-21T16:03:53.233659+00:00", "session_id": "5858b336", "level": "WARNING"}
  [bar 319] 2024-03-05 05:00:00+00:00 | 8 signals | equity=103,361 | regime=BEAR
StatArbStrategy.generate_signals: no pairs loaded. Call find_pairs() first.
{"event": "signal", "strategy": "momentum", "symbol": "MSFT", "direction": "BUY", "strength": 1.0, "metadata": {"rank": 0.9333333333333333, "sector": "Technology", "fallback": true}, "ts": "2026-06-21T16:03:53.493368+00:00", "session_id": "5858b336", "level": "INFO"}
{"event": "signal", "strategy": "momentum", "symbol": "NVDA", "direction": "BUY", "strength": 0.450893, "metadata": {"rank": 1.0, "sector": "Technology", "fallback": true}, "ts": "2026-06-21T16:03:53.493702+00:00", "session_id": "5858b336", "level": "INFO"}
{"event": "signal", "strategy": "momentum", "symbol": "JPM", "direction": "BUY", "strength": 1.0, "metadata": {"rank": 0.8, "sector": "Financials", "fallback": true}, "ts": "2026-06-21T16:03:53.494501+00:00", "session_id": "5858b336", "level": "INFO"}
{"event": "signal", "strategy": "momentum", "symbol": "AMZN", "direction": "BUY", "strength": 0.665604, "metadata": {"rank": 0.8666666666666667, "sector": "Consumer Discretionary", "fallback": true}, "ts": "2026-06-21T16:03:53.495037+00:00", "session_id": "5858b336", "level": "INFO"}
{"event": "signal", "strategy": "momentum", "symbol": "TSLA", "direction": "SELL", "strength": 0.34522, "metadata": {"rank": 0.2, "sector": "Consumer Discretionary", "fallback": true}, "ts": "2026-06-21T16:03:53.495302+00:00", "session_id": "5858b336", "level": "INFO"}
{"event": "signal", "strategy": "momentum", "symbol": "XOM", "direction": "SELL", "strength": 0.895026, "metadata": {"rank": 0.13333333333333333, "sector": "Energy", "fallback": true}, "ts": "2026-06-21T16:03:53.495773+00:00", "session_id": "5858b336", "level": "INFO"}
MeanReversion: no volume data supplied — volume filter bypassed
{"event": "signal", "strategy": "mean_reversion", "symbol": "AAPL", "direction": "BUY", "strength": 1.0, "metadata": {"z": -2.8647, "rsi": 18.14, "rv": 0.152}, "ts": "2026-06-21T16:03:53.513843+00:00", "session_id": "5858b336", "level": "INFO"}
{"event": "signal", "strategy": "mean_reversion", "symbol": "NVDA", "direction": "SELL", "strength": 0.743272, "metadata": {"z": 2.2101, "rsi": 74.25, "rv": 0.6281}, "ts": "2026-06-21T16:03:53.517299+00:00", "session_id": "5858b336", "level": "INFO"}
{"event": "signal", "strategy": "mean_reversion", "symbol": "UNH", "direction": "BUY", "strength": 1.0, "metadata": {"z": -2.7104, "rsi": 16.37, "rv": 0.1754}, "ts": "2026-06-21T16:03:53.520717+00:00", "session_id": "5858b336", "level": "INFO"}
{"event": "signal", "strategy": "mean_reversion", "symbol": "JPM", "direction": "SELL", "strength": 1.0, "metadata": {"z": 2.2047, "rsi": 87.54, "rv": 0.1113}, "ts": "2026-06-21T16:03:53.522586+00:00", "session_id": "5858b336", "level": "INFO"}
{"event": "signal", "strategy": "mean_reversion", "symbol": "XOM", "direction": "SELL", "strength": 0.950004, "metadata": {"z": 2.1369, "rsi": 72.28, "rv": 0.1968}, "ts": "2026-06-21T16:03:53.528950+00:00", "session_id": "5858b336", "level": "INFO"}
{"event": "signal", "strategy": "mean_reversion", "symbol": "GOOGL", "direction": "BUY", "strength": 0.63439, "metadata": {"z": -1.8008, "rsi": 24.46, "rv": 0.2624}, "ts": "2026-06-21T16:03:53.534211+00:00", "session_id": "5858b336", "level": "INFO"}
{"event": "signal", "strategy": "mean_reversion", "symbol": "LIN", "direction": "SELL", "strength": 1.0, "metadata": {"z": 2.6706, "rsi": 90.74, "rv": 0.1386}, "ts": "2026-06-21T16:03:53.536900+00:00", "session_id": "5858b336", "level": "INFO"}
{"event": "info", "message": "SignalGenerator: 13 raw \u2192 10 combined signals", "metadata": {"regime": "SIDEWAYS", "n_strategies": 4, "allocations": {"stat_arb": 0.25, "momentum": 0.3, "factor_model": 0.25, "mean_reversion": 0.18}}, "ts": "2026-06-21T16:03:53.539932+00:00", "session_id": "5858b336", "level": "INFO"}
ExecutionManager: net exposure limit reached (98.8% vs ±80%) — skipping MSFT buy
ExecutionManager: net exposure limit reached (98.8% vs ±80%) — skipping JPM buy
ExecutionManager: net exposure limit reached (98.8% vs ±80%) — skipping AMZN buy
{"event": "risk_event", "event_type": "trade_rejected", "details": {"symbol": "XOM", "side": "sell", "qty": 197, "reason": "Individual short position 18.95% exceeds limit 5%", "strategy": "combined"}, "ts": "2026-06-21T16:03:53.565742+00:00", "session_id": "5858b336", "level": "WARNING"}
ExecutionManager: net exposure limit reached (98.8% vs ±80%) — skipping AAPL buy
ExecutionManager: net exposure limit reached (98.8% vs ±80%) — skipping UNH buy
ExecutionManager: net exposure limit reached (98.8% vs ±80%) — skipping GOOGL buy
{"event": "risk_event", "event_type": "trade_rejected", "details": {"symbol": "LIN", "side": "sell", "qty": 39, "reason": "Individual short position 16.98% exceeds limit 5%", "strategy": "combined"}, "ts": "2026-06-21T16:03:53.574398+00:00", "session_id": "5858b336", "level": "WARNING"}
  [bar 320] 2024-03-06 05:00:00+00:00 | 10 signals | equity=103,115 | regime=SIDEWAYS
StatArbStrategy.generate_signals: no pairs loaded. Call find_pairs() first.
{"event": "signal", "strategy": "momentum", "symbol": "MSFT", "direction": "BUY", "strength": 0.516367, "metadata": {"rank": 0.9333333333333333, "sector": "Technology", "fallback": true}, "ts": "2026-06-21T16:03:53.905887+00:00", "session_id": "5858b336", "level": "INFO"}
{"event": "signal", "strategy": "momentum", "symbol": "NVDA", "direction": "BUY", "strength": 0.22302, "metadata": {"rank": 1.0, "sector": "Technology", "fallback": true}, "ts": "2026-06-21T16:03:53.906285+00:00", "session_id": "5858b336", "level": "INFO"}
{"event": "signal", "strategy": "momentum", "symbol": "JPM", "direction": "BUY", "strength": 0.660589, "metadata": {"rank": 0.8, "sector": "Financials", "fallback": true}, "ts": "2026-06-21T16:03:53.907338+00:00", "session_id": "5858b336", "level": "INFO"}
{"event": "signal", "strategy": "momentum", "symbol": "AMZN", "direction": "BUY", "strength": 0.330159, "metadata": {"rank": 0.8666666666666667, "sector": "Consumer Discretionary", "fallback": true}, "ts": "2026-06-21T16:03:53.908065+00:00", "session_id": "5858b336", "level": "INFO"}
{"event": "signal", "strategy": "momentum", "symbol": "TSLA", "direction": "SELL", "strength": 0.172286, "metadata": {"rank": 0.2, "sector": "Consumer Discretionary", "fallback": true}, "ts": "2026-06-21T16:03:53.908422+00:00", "session_id": "5858b336", "level": "INFO"}
{"event": "signal", "strategy": "momentum", "symbol": "XOM", "direction": "SELL", "strength": 0.449615, "metadata": {"rank": 0.13333333333333333, "sector": "Energy", "fallback": true}, "ts": "2026-06-21T16:03:53.908947+00:00", "session_id": "5858b336", "level": "INFO"}
MeanReversion: no volume data supplied — volume filter bypassed
{"event": "signal", "strategy": "mean_reversion", "symbol": "AAPL", "direction": "BUY", "strength": 1.0, "metadata": {"z": -2.672, "rsi": 18.27, "rv": 0.1514}, "ts": "2026-06-21T16:03:53.942829+00:00", "session_id": "5858b336", "level": "INFO"}
{"event": "signal", "strategy": "mean_reversion", "symbol": "NVDA", "direction": "SELL", "strength": 0.842619, "metadata": {"z": 2.3783, "rsi": 80.1, "rv": 0.6357}, "ts": "2026-06-21T16:03:53.946709+00:00", "session_id": "5858b336", "level": "INFO"}
{"event": "signal", "strategy": "mean_reversion", "symbol": "JNJ", "direction": "CLOSE", "strength": 1.0, "metadata": {"z": 0.4326, "action": "mean_reversion_exit"}, "ts": "2026-06-21T16:03:53.948636+00:00", "session_id": "5858b336", "level": "INFO"}
{"event": "signal", "strategy": "mean_reversion", "symbol": "UNH", "direction": "BUY", "strength": 1.0, "metadata": {"z": -2.2426, "rsi": 19.12, "rv": 0.1697}, "ts": "2026-06-21T16:03:53.950507+00:00", "session_id": "5858b336", "level": "INFO"}
{"event": "signal", "strategy": "mean_reversion", "symbol": "JPM", "direction": "SELL", "strength": 0.826264, "metadata": {"z": 1.9255, "rsi": 75.32, "rv": 0.1201}, "ts": "2026-06-21T16:03:53.952629+00:00", "session_id": "5858b336", "level": "INFO"}
{"event": "signal", "strategy": "mean_reversion", "symbol": "LIN", "direction": "SELL", "strength": 1.0, "metadata": {"z": 2.5692, "rsi": 89.04, "rv": 0.1385}, "ts": "2026-06-21T16:03:53.969726+00:00", "session_id": "5858b336", "level": "INFO"}
{"event": "info", "message": "SignalGenerator: 12 raw \u2192 7 combined signals", "metadata": {"regime": "BEAR", "n_strategies": 4, "allocations": {"stat_arb": 0.25, "momentum": 0.15, "factor_model": 0.25, "mean_reversion": 0.3}}, "ts": "2026-06-21T16:03:53.972302+00:00", "session_id": "5858b336", "level": "INFO"}
ExecutionManager: net exposure limit reached (98.8% vs ±80%) — skipping AAPL buy
ExecutionManager: net exposure limit reached (98.8% vs ±80%) — skipping UNH buy
{"event": "risk_event", "event_type": "trade_rejected", "details": {"symbol": "LIN", "side": "sell", "qty": 33, "reason": "Individual short position 14.31% exceeds limit 5%", "strategy": "combined"}, "ts": "2026-06-21T16:03:53.991673+00:00", "session_id": "5858b336", "level": "WARNING"}
  [bar 321] 2024-03-07 05:00:00+00:00 | 7 signals | equity=103,885 | regime=BEAR
StatArbStrategy.generate_signals: no pairs loaded. Call find_pairs() first.
{"event": "signal", "strategy": "momentum", "symbol": "MSFT", "direction": "BUY", "strength": 1.0, "metadata": {"rank": 0.9333333333333333, "sector": "Technology", "fallback": true}, "ts": "2026-06-21T16:03:54.229070+00:00", "session_id": "5858b336", "level": "INFO"}
{"event": "signal", "strategy": "momentum", "symbol": "NVDA", "direction": "BUY", "strength": 0.429313, "metadata": {"rank": 1.0, "sector": "Technology", "fallback": true}, "ts": "2026-06-21T16:03:54.229383+00:00", "session_id": "5858b336", "level": "INFO"}
{"event": "signal", "strategy": "momentum", "symbol": "JPM", "direction": "BUY", "strength": 1.0, "metadata": {"rank": 0.8, "sector": "Financials", "fallback": true}, "ts": "2026-06-21T16:03:54.230157+00:00", "session_id": "5858b336", "level": "INFO"}
{"event": "signal", "strategy": "momentum", "symbol": "AMZN", "direction": "BUY", "strength": 0.661382, "metadata": {"rank": 0.8666666666666667, "sector": "Consumer Discretionary", "fallback": true}, "ts": "2026-06-21T16:03:54.230688+00:00", "session_id": "5858b336", "level": "INFO"}
{"event": "signal", "strategy": "momentum", "symbol": "TSLA", "direction": "SELL", "strength": 0.344421, "metadata": {"rank": 0.2, "sector": "Consumer Discretionary", "fallback": true}, "ts": "2026-06-21T16:03:54.230905+00:00", "session_id": "5858b336", "level": "INFO"}
{"event": "signal", "strategy": "momentum", "symbol": "XOM", "direction": "SELL", "strength": 0.896073, "metadata": {"rank": 0.13333333333333333, "sector": "Energy", "fallback": true}, "ts": "2026-06-21T16:03:54.231379+00:00", "session_id": "5858b336", "level": "INFO"}
MeanReversion: no volume data supplied — volume filter bypassed
{"event": "signal", "strategy": "mean_reversion", "symbol": "AAPL", "direction": "BUY", "strength": 1.0, "metadata": {"z": -2.2685, "rsi": 25.47, "rv": 0.1615}, "ts": "2026-06-21T16:03:54.247658+00:00", "session_id": "5858b336", "level": "INFO"}
{"event": "signal", "strategy": "mean_reversion", "symbol": "UNH", "direction": "BUY", "strength": 0.984517, "metadata": {"z": -2.1509, "rsi": 18.22, "rv": 0.169}, "ts": "2026-06-21T16:03:54.255311+00:00", "session_id": "5858b336", "level": "INFO"}
{"event": "signal", "strategy": "mean_reversion", "symbol": "JPM", "direction": "SELL", "strength": 0.819223, "metadata": {"z": 1.9154, "rsi": 80.01, "rv": 0.1174}, "ts": "2026-06-21T16:03:54.257713+00:00", "session_id": "5858b336", "level": "INFO"}
{"event": "signal", "strategy": "mean_reversion", "symbol": "TSLA", "direction": "BUY", "strength": 0.262843, "metadata": {"z": -1.3893, "rsi": 28.71, "rv": 0.4811}, "ts": "2026-06-21T16:03:54.264479+00:00", "session_id": "5858b336", "level": "INFO"}
{"event": "signal", "strategy": "mean_reversion", "symbol": "LIN", "direction": "SELL", "strength": 1.0, "metadata": {"z": 2.2665, "rsi": 83.12, "rv": 0.1374}, "ts": "2026-06-21T16:03:54.274297+00:00", "session_id": "5858b336", "level": "INFO"}
{"event": "info", "message": "SignalGenerator: 11 raw \u2192 9 combined signals", "metadata": {"regime": "SIDEWAYS", "n_strategies": 4, "allocations": {"stat_arb": 0.25, "momentum": 0.3, "factor_model": 0.25, "mean_reversion": 0.18}}, "ts": "2026-06-21T16:03:54.276199+00:00", "session_id": "5858b336", "level": "INFO"}
ExecutionManager: net exposure limit reached (98.8% vs ±80%) — skipping MSFT buy
ExecutionManager: net exposure limit reached (98.8% vs ±80%) — skipping NVDA buy
ExecutionManager: net exposure limit reached (98.8% vs ±80%) — skipping JPM buy
ExecutionManager: net exposure limit reached (98.8% vs ±80%) — skipping AMZN buy
{"event": "order", "order_id": "2afce8dd-5f3", "symbol": "TSLA", "side": "sell", "qty": 23, "price": 0.0, "status": "submitted", "metadata": {"order_type": "market", "strategy": "combined"}, "ts": "2026-06-21T16:03:54.292413+00:00", "session_id": "5858b336", "level": "INFO"}
{"event": "risk_event", "event_type": "trade_rejected", "details": {"symbol": "XOM", "side": "sell", "qty": 180, "reason": "Individual short position 17.44% exceeds limit 5%", "strategy": "combined"}, "ts": "2026-06-21T16:03:54.298378+00:00", "session_id": "5858b336", "level": "WARNING"}
ExecutionManager: net exposure limit reached (98.8% vs ±80%) — skipping AAPL buy
ExecutionManager: net exposure limit reached (98.8% vs ±80%) — skipping UNH buy
{"event": "risk_event", "event_type": "trade_rejected", "details": {"symbol": "LIN", "side": "sell", "qty": 41, "reason": "Individual short position 17.68% exceeds limit 5%", "strategy": "combined"}, "ts": "2026-06-21T16:03:54.303910+00:00", "session_id": "5858b336", "level": "WARNING"}
  [bar 322] 2024-03-08 05:00:00+00:00 | 9 signals | equity=103,883 | regime=SIDEWAYS
{"event": "fill", "order_id": "2afce8dd-5f3", "fill_price": 175.32692909745452, "fill_qty": 23, "slippage_bps": 7.0144, "metadata": {"symbol": "TSLA", "side": "sell", "commission": 0.115, "strategy": "combined"}, "ts": "2026-06-21T16:03:54.309467+00:00", "session_id": "5858b336", "level": "INFO"}
StatArbStrategy.generate_signals: no pairs loaded. Call find_pairs() first.
{"event": "signal", "strategy": "momentum", "symbol": "MSFT", "direction": "BUY", "strength": 0.517306, "metadata": {"rank": 0.9333333333333333, "sector": "Technology", "fallback": true}, "ts": "2026-06-21T16:03:54.538678+00:00", "session_id": "5858b336", "level": "INFO"}
{"event": "signal", "strategy": "momentum", "symbol": "NVDA", "direction": "BUY", "strength": 0.213014, "metadata": {"rank": 1.0, "sector": "Technology", "fallback": true}, "ts": "2026-06-21T16:03:54.538966+00:00", "session_id": "5858b336", "level": "INFO"}
{"event": "signal", "strategy": "momentum", "symbol": "JPM", "direction": "BUY", "strength": 0.663494, "metadata": {"rank": 0.8, "sector": "Financials", "fallback": true}, "ts": "2026-06-21T16:03:54.539725+00:00", "session_id": "5858b336", "level": "INFO"}
{"event": "signal", "strategy": "momentum", "symbol": "AMZN", "direction": "BUY", "strength": 0.326313, "metadata": {"rank": 0.8666666666666667, "sector": "Consumer Discretionary", "fallback": true}, "ts": "2026-06-21T16:03:54.540228+00:00", "session_id": "5858b336", "level": "INFO"}
{"event": "signal", "strategy": "momentum", "symbol": "TSLA", "direction": "SELL", "strength": 0.171683, "metadata": {"rank": 0.2, "sector": "Consumer Discretionary", "fallback": true}, "ts": "2026-06-21T16:03:54.540487+00:00", "session_id": "5858b336", "level": "INFO"}
{"event": "signal", "strategy": "momentum", "symbol": "XOM", "direction": "SELL", "strength": 0.455734, "metadata": {"rank": 0.13333333333333333, "sector": "Energy", "fallback": true}, "ts": "2026-06-21T16:03:54.540924+00:00", "session_id": "5858b336", "level": "INFO"}
MeanReversion: no volume data supplied — volume filter bypassed
{"event": "signal", "strategy": "mean_reversion", "symbol": "NVDA", "direction": "SELL", "strength": 0.40347, "metadata": {"z": 1.6794, "rsi": 72.1, "rv": 0.6838}, "ts": "2026-06-21T16:03:54.565973+00:00", "session_id": "5858b336", "level": "INFO"}
{"event": "signal", "strategy": "mean_reversion", "symbol": "JPM", "direction": "SELL", "strength": 0.774581, "metadata": {"z": 1.8657, "rsi": 79.16, "rv": 0.1176}, "ts": "2026-06-21T16:03:54.576135+00:00", "session_id": "5858b336", "level": "INFO"}
{"event": "signal", "strategy": "mean_reversion", "symbol": "XOM", "direction": "SELL", "strength": 1.0, "metadata": {"z": 2.4726, "rsi": 76.82, "rv": 0.1693}, "ts": "2026-06-21T16:03:54.583943+00:00", "session_id": "5858b336", "level": "INFO"}
{"event": "signal", "strategy": "mean_reversion", "symbol": "CAT", "direction": "SELL", "strength": 0.41326, "metadata": {"z": 1.5013, "rsi": 75.29, "rv": 0.2131}, "ts": "2026-06-21T16:03:54.585800+00:00", "session_id": "5858b336", "level": "INFO"}
{"event": "signal", "strategy": "mean_reversion", "symbol": "LIN", "direction": "SELL", "strength": 1.0, "metadata": {"z": 2.4608, "rsi": 84.01, "rv": 0.1389}, "ts": "2026-06-21T16:03:54.590660+00:00", "session_id": "5858b336", "level": "INFO"}
{"event": "info", "message": "SignalGenerator: 11 raw \u2192 5 combined signals", "metadata": {"regime": "BEAR", "n_strategies": 4, "allocations": {"stat_arb": 0.25, "momentum": 0.15, "factor_model": 0.25, "mean_reversion": 0.3}}, "ts": "2026-06-21T16:03:54.592532+00:00", "session_id": "5858b336", "level": "INFO"}
{"event": "risk_event", "event_type": "trade_rejected", "details": {"symbol": "XOM", "side": "sell", "qty": 188, "reason": "Individual short position 18.21% exceeds limit 5%", "strategy": "combined"}, "ts": "2026-06-21T16:03:54.607764+00:00", "session_id": "5858b336", "level": "WARNING"}
{"event": "risk_event", "event_type": "trade_rejected", "details": {"symbol": "LIN", "side": "sell", "qty": 44, "reason": "Individual short position 19.14% exceeds limit 5%", "strategy": "combined"}, "ts": "2026-06-21T16:03:54.612434+00:00", "session_id": "5858b336", "level": "WARNING"}
  [bar 323] 2024-03-11 04:00:00+00:00 | 5 signals | equity=104,546 | regime=BEAR
StatArbStrategy.generate_signals: no pairs loaded. Call find_pairs() first.
{"event": "signal", "strategy": "momentum", "symbol": "MSFT", "direction": "BUY", "strength": 0.995648, "metadata": {"rank": 0.9333333333333333, "sector": "Technology", "fallback": true}, "ts": "2026-06-21T16:03:54.901335+00:00", "session_id": "5858b336", "level": "INFO"}
{"event": "signal", "strategy": "momentum", "symbol": "NVDA", "direction": "BUY", "strength": 0.412428, "metadata": {"rank": 1.0, "sector": "Technology", "fallback": true}, "ts": "2026-06-21T16:03:54.901729+00:00", "session_id": "5858b336", "level": "INFO"}
{"event": "signal", "strategy": "momentum", "symbol": "JPM", "direction": "BUY", "strength": 1.0, "metadata": {"rank": 0.8, "sector": "Financials", "fallback": true}, "ts": "2026-06-21T16:03:54.902945+00:00", "session_id": "5858b336", "level": "INFO"}
{"event": "signal", "strategy": "momentum", "symbol": "AMZN", "direction": "BUY", "strength": 0.647745, "metadata": {"rank": 0.8666666666666667, "sector": "Consumer Discretionary", "fallback": true}, "ts": "2026-06-21T16:03:54.903749+00:00", "session_id": "5858b336", "level": "INFO"}
{"event": "signal", "strategy": "momentum", "symbol": "TSLA", "direction": "SELL", "strength": 0.344031, "metadata": {"rank": 0.2, "sector": "Consumer Discretionary", "fallback": true}, "ts": "2026-06-21T16:03:54.904107+00:00", "session_id": "5858b336", "level": "INFO"}
{"event": "signal", "strategy": "momentum", "symbol": "XOM", "direction": "SELL", "strength": 0.910487, "metadata": {"rank": 0.13333333333333333, "sector": "Energy", "fallback": true}, "ts": "2026-06-21T16:03:54.904698+00:00", "session_id": "5858b336", "level": "INFO"}
MeanReversion: no volume data supplied — volume filter bypassed
{"event": "signal", "strategy": "mean_reversion", "symbol": "NVDA", "direction": "SELL", "strength": 0.607343, "metadata": {"z": 2.0421, "rsi": 79.74, "rv": 0.7158}, "ts": "2026-06-21T16:03:54.931559+00:00", "session_id": "5858b336", "level": "INFO"}
{"event": "signal", "strategy": "mean_reversion", "symbol": "JPM", "direction": "SELL", "strength": 0.897417, "metadata": {"z": 2.0039, "rsi": 79.68, "rv": 0.1187}, "ts": "2026-06-21T16:03:54.936459+00:00", "session_id": "5858b336", "level": "INFO"}
{"event": "signal", "strategy": "mean_reversion", "symbol": "CAT", "direction": "SELL", "strength": 0.478706, "metadata": {"z": 1.579, "rsi": 74.61, "rv": 0.2095}, "ts": "2026-06-21T16:03:54.944461+00:00", "session_id": "5858b336", "level": "INFO"}
{"event": "signal", "strategy": "mean_reversion", "symbol": "LIN", "direction": "SELL", "strength": 1.0, "metadata": {"z": 2.3892, "rsi": 83.5, "rv": 0.1377}, "ts": "2026-06-21T16:03:54.949403+00:00", "session_id": "5858b336", "level": "INFO"}
{"event": "info", "message": "SignalGenerator: 10 raw \u2192 8 combined signals", "metadata": {"regime": "SIDEWAYS", "n_strategies": 4, "allocations": {"stat_arb": 0.25, "momentum": 0.3, "factor_model": 0.25, "mean_reversion": 0.18}}, "ts": "2026-06-21T16:03:54.951438+00:00", "session_id": "5858b336", "level": "INFO"}
ExecutionManager: net exposure limit reached (95.0% vs ±80%) — skipping MSFT buy
ExecutionManager: net exposure limit reached (95.0% vs ±80%) — skipping JPM buy
ExecutionManager: net exposure limit reached (95.0% vs ±80%) — skipping AMZN buy
{"event": "risk_event", "event_type": "trade_rejected", "details": {"symbol": "XOM", "side": "sell", "qty": 209, "reason": "Individual short position 19.92% exceeds limit 5%", "strategy": "combined"}, "ts": "2026-06-21T16:03:54.975122+00:00", "session_id": "5858b336", "level": "WARNING"}
{"event": "risk_event", "event_type": "trade_rejected", "details": {"symbol": "LIN", "side": "sell", "qty": 43, "reason": "Individual short position 18.60% exceeds limit 5%", "strategy": "combined"}, "ts": "2026-06-21T16:03:54.979777+00:00", "session_id": "5858b336", "level": "WARNING"}
  [bar 324] 2024-03-12 04:00:00+00:00 | 8 signals | equity=105,544 | regime=SIDEWAYS
StatArbStrategy.generate_signals: no pairs loaded. Call find_pairs() first.
{"event": "signal", "strategy": "momentum", "symbol": "MSFT", "direction": "BUY", "strength": 0.51726, "metadata": {"rank": 0.9333333333333333, "sector": "Technology", "fallback": true}, "ts": "2026-06-21T16:03:55.214543+00:00", "session_id": "5858b336", "level": "INFO"}
{"event": "signal", "strategy": "momentum", "symbol": "NVDA", "direction": "BUY", "strength": 0.205374, "metadata": {"rank": 1.0, "sector": "Technology", "fallback": true}, "ts": "2026-06-21T16:03:55.214813+00:00", "session_id": "5858b336", "level": "INFO"}
{"event": "signal", "strategy": "momentum", "symbol": "JPM", "direction": "BUY", "strength": 0.681347, "metadata": {"rank": 0.8, "sector": "Financials", "fallback": true}, "ts": "2026-06-21T16:03:55.215572+00:00", "session_id": "5858b336", "level": "INFO"}
{"event": "signal", "strategy": "momentum", "symbol": "AMZN", "direction": "BUY", "strength": 0.325242, "metadata": {"rank": 0.8666666666666667, "sector": "Consumer Discretionary", "fallback": true}, "ts": "2026-06-21T16:03:55.216069+00:00", "session_id": "5858b336", "level": "INFO"}
{"event": "signal", "strategy": "momentum", "symbol": "TSLA", "direction": "SELL", "strength": 0.174146, "metadata": {"rank": 0.2, "sector": "Consumer Discretionary", "fallback": true}, "ts": "2026-06-21T16:03:55.216312+00:00", "session_id": "5858b336", "level": "INFO"}
{"event": "signal", "strategy": "momentum", "symbol": "XOM", "direction": "SELL", "strength": 0.470259, "metadata": {"rank": 0.13333333333333333, "sector": "Energy", "fallback": true}, "ts": "2026-06-21T16:03:55.216756+00:00", "session_id": "5858b336", "level": "INFO"}
MeanReversion: no volume data supplied — volume filter bypassed
{"event": "signal", "strategy": "mean_reversion", "symbol": "AAPL", "direction": "BUY", "strength": 0.825649, "metadata": {"z": -1.9666, "rsi": 23.13, "rv": 0.1707}, "ts": "2026-06-21T16:03:55.237937+00:00", "session_id": "5858b336", "level": "INFO"}
{"event": "signal", "strategy": "mean_reversion", "symbol": "UNH", "direction": "BUY", "strength": 0.317389, "metadata": {"z": -1.381, "rsi": 25.96, "rv": 0.2004}, "ts": "2026-06-21T16:03:55.248751+00:00", "session_id": "5858b336", "level": "INFO"}
{"event": "signal", "strategy": "mean_reversion", "symbol": "JPM", "direction": "SELL", "strength": 1.0, "metadata": {"z": 2.1118, "rsi": 78.79, "rv": 0.1097}, "ts": "2026-06-21T16:03:55.251443+00:00", "session_id": "5858b336", "level": "INFO"}
{"event": "signal", "strategy": "mean_reversion", "symbol": "TSLA", "direction": "BUY", "strength": 0.3136, "metadata": {"z": -1.467, "rsi": 26.2, "rv": 0.489}, "ts": "2026-06-21T16:03:55.263626+00:00", "session_id": "5858b336", "level": "INFO"}
{"event": "signal", "strategy": "mean_reversion", "symbol": "XOM", "direction": "SELL", "strength": 1.0, "metadata": {"z": 2.3472, "rsi": 70.9, "rv": 0.1656}, "ts": "2026-06-21T16:03:55.269418+00:00", "session_id": "5858b336", "level": "INFO"}
{"event": "signal", "strategy": "mean_reversion", "symbol": "CAT", "direction": "SELL", "strength": 0.616759, "metadata": {"z": 1.7274, "rsi": 74.18, "rv": 0.1795}, "ts": "2026-06-21T16:03:55.273690+00:00", "session_id": "5858b336", "level": "INFO"}
{"event": "signal", "strategy": "mean_reversion", "symbol": "GOOGL", "direction": "CLOSE", "strength": 1.0, "metadata": {"z": -0.3257, "action": "mean_reversion_exit"}, "ts": "2026-06-21T16:03:55.280904+00:00", "session_id": "5858b336", "level": "INFO"}
{"event": "signal", "strategy": "mean_reversion", "symbol": "LIN", "direction": "SELL", "strength": 1.0, "metadata": {"z": 2.4394, "rsi": 82.5, "rv": 0.1282}, "ts": "2026-06-21T16:03:55.285417+00:00", "session_id": "5858b336", "level": "INFO"}
{"event": "info", "message": "SignalGenerator: 14 raw \u2192 7 combined signals", "metadata": {"regime": "BEAR", "n_strategies": 4, "allocations": {"stat_arb": 0.25, "momentum": 0.15, "factor_model": 0.25, "mean_reversion": 0.3}}, "ts": "2026-06-21T16:03:55.289274+00:00", "session_id": "5858b336", "level": "INFO"}
{"event": "risk_event", "event_type": "trade_rejected", "details": {"symbol": "XOM", "side": "sell", "qty": 174, "reason": "Individual short position 16.77% exceeds limit 5%", "strategy": "combined"}, "ts": "2026-06-21T16:03:55.322189+00:00", "session_id": "5858b336", "level": "WARNING"}
ExecutionManager: net exposure limit reached (95.0% vs ±80%) — skipping AAPL buy
{"event": "order", "order_id": "bd037e2f-943", "symbol": "GOOGL", "side": "sell", "qty": 58, "price": 0.0, "status": "submitted", "metadata": {"order_type": "market", "strategy": "combined"}, "ts": "2026-06-21T16:03:55.322606+00:00", "session_id": "5858b336", "level": "INFO"}
{"event": "risk_event", "event_type": "trade_rejected", "details": {"symbol": "LIN", "side": "sell", "qty": 45, "reason": "Individual short position 19.67% exceeds limit 5%", "strategy": "combined"}, "ts": "2026-06-21T16:03:55.327366+00:00", "session_id": "5858b336", "level": "WARNING"}
  [bar 325] 2024-03-13 04:00:00+00:00 | 7 signals | equity=105,546 | regime=BEAR
{"event": "fill", "order_id": "bd037e2f-943", "fill_price": 139.8507489418992, "fill_qty": 58, "slippage_bps": 7.0232, "metadata": {"symbol": "GOOGL", "side": "sell", "commission": 0.29, "strategy": "combined"}, "ts": "2026-06-21T16:03:55.331379+00:00", "session_id": "5858b336", "level": "INFO"}
StatArbStrategy.generate_signals: no pairs loaded. Call find_pairs() first.
{"event": "signal", "strategy": "momentum", "symbol": "MSFT", "direction": "BUY", "strength": 0.938645, "metadata": {"rank": 0.8666666666666667, "sector": "Technology", "fallback": true}, "ts": "2026-06-21T16:03:55.596538+00:00", "session_id": "5858b336", "level": "INFO"}
{"event": "signal", "strategy": "momentum", "symbol": "NVDA", "direction": "BUY", "strength": 0.404052, "metadata": {"rank": 1.0, "sector": "Technology", "fallback": true}, "ts": "2026-06-21T16:03:55.596823+00:00", "session_id": "5858b336", "level": "INFO"}
{"event": "signal", "strategy": "momentum", "symbol": "JPM", "direction": "BUY", "strength": 1.0, "metadata": {"rank": 0.9333333333333333, "sector": "Financials", "fallback": true}, "ts": "2026-06-21T16:03:55.597574+00:00", "session_id": "5858b336", "level": "INFO"}
{"event": "signal", "strategy": "momentum", "symbol": "AMZN", "direction": "BUY", "strength": 0.602508, "metadata": {"rank": 0.8, "sector": "Consumer Discretionary", "fallback": true}, "ts": "2026-06-21T16:03:55.598050+00:00", "session_id": "5858b336", "level": "INFO"}
{"event": "signal", "strategy": "momentum", "symbol": "TSLA", "direction": "SELL", "strength": 0.373733, "metadata": {"rank": 0.13333333333333333, "sector": "Consumer Discretionary", "fallback": true}, "ts": "2026-06-21T16:03:55.598274+00:00", "session_id": "5858b336", "level": "INFO"}
{"event": "signal", "strategy": "momentum", "symbol": "XOM", "direction": "SELL", "strength": 0.858253, "metadata": {"rank": 0.2, "sector": "Energy", "fallback": true}, "ts": "2026-06-21T16:03:55.598727+00:00", "session_id": "5858b336", "level": "INFO"}
MeanReversion: no volume data supplied — volume filter bypassed
{"event": "signal", "strategy": "mean_reversion", "symbol": "UNH", "direction": "BUY", "strength": 0.23125, "metadata": {"z": -1.2777, "rsi": 26.22, "rv": 0.2009}, "ts": "2026-06-21T16:03:55.621184+00:00", "session_id": "5858b336", "level": "INFO"}
{"event": "signal", "strategy": "mean_reversion", "symbol": "TSLA", "direction": "BUY", "strength": 0.446049, "metadata": {"z": -1.6663, "rsi": 25.53, "rv": 0.4938}, "ts": "2026-06-21T16:03:55.627552+00:00", "session_id": "5858b336", "level": "INFO"}
{"event": "signal", "strategy": "mean_reversion", "symbol": "XOM", "direction": "SELL", "strength": 1.0, "metadata": {"z": 2.7038, "rsi": 80.69, "rv": 0.1689}, "ts": "2026-06-21T16:03:55.629334+00:00", "session_id": "5858b336", "level": "INFO"}
{"event": "signal", "strategy": "mean_reversion", "symbol": "CAT", "direction": "SELL", "strength": 0.575952, "metadata": {"z": 1.6781, "rsi": 73.26, "rv": 0.1773}, "ts": "2026-06-21T16:03:55.631197+00:00", "session_id": "5858b336", "level": "INFO"}
{"event": "signal", "strategy": "mean_reversion", "symbol": "LIN", "direction": "SELL", "strength": 1.0, "metadata": {"z": 2.2493, "rsi": 80.56, "rv": 0.1319}, "ts": "2026-06-21T16:03:55.636429+00:00", "session_id": "5858b336", "level": "INFO"}
{"event": "info", "message": "SignalGenerator: 11 raw \u2192 8 combined signals", "metadata": {"regime": "SIDEWAYS", "n_strategies": 4, "allocations": {"stat_arb": 0.25, "momentum": 0.3, "factor_model": 0.25, "mean_reversion": 0.18}}, "ts": "2026-06-21T16:03:55.638916+00:00", "session_id": "5858b336", "level": "INFO"}
ExecutionManager: net exposure limit reached (87.4% vs ±80%) — skipping MSFT buy
ExecutionManager: net exposure limit reached (87.4% vs ±80%) — skipping NVDA buy
ExecutionManager: net exposure limit reached (87.4% vs ±80%) — skipping JPM buy
ExecutionManager: net exposure limit reached (87.4% vs ±80%) — skipping AMZN buy
{"event": "risk_event", "event_type": "trade_rejected", "details": {"symbol": "XOM", "side": "sell", "qty": 202, "reason": "Individual short position 19.72% exceeds limit 5%", "strategy": "combined"}, "ts": "2026-06-21T16:03:55.659171+00:00", "session_id": "5858b336", "level": "WARNING"}
{"event": "risk_event", "event_type": "trade_rejected", "details": {"symbol": "LIN", "side": "sell", "qty": 46, "reason": "Individual short position 19.96% exceeds limit 5%", "strategy": "combined"}, "ts": "2026-06-21T16:03:55.664335+00:00", "session_id": "5858b336", "level": "WARNING"}
  [bar 326] 2024-03-14 04:00:00+00:00 | 8 signals | equity=106,083 | regime=SIDEWAYS
StatArbStrategy.generate_signals: no pairs loaded. Call find_pairs() first.
{"event": "signal", "strategy": "momentum", "symbol": "MSFT", "direction": "BUY", "strength": 0.419763, "metadata": {"rank": 0.8, "sector": "Technology", "fallback": true}, "ts": "2026-06-21T16:03:55.943726+00:00", "session_id": "5858b336", "level": "INFO"}
{"event": "signal", "strategy": "momentum", "symbol": "NVDA", "direction": "BUY", "strength": 0.202187, "metadata": {"rank": 1.0, "sector": "Technology", "fallback": true}, "ts": "2026-06-21T16:03:55.944000+00:00", "session_id": "5858b336", "level": "INFO"}
{"event": "signal", "strategy": "momentum", "symbol": "JPM", "direction": "BUY", "strength": 0.741806, "metadata": {"rank": 0.9333333333333333, "sector": "Financials", "fallback": true}, "ts": "2026-06-21T16:03:55.944770+00:00", "session_id": "5858b336", "level": "INFO"}
{"event": "signal", "strategy": "momentum", "symbol": "AMZN", "direction": "BUY", "strength": 0.325072, "metadata": {"rank": 0.8666666666666667, "sector": "Consumer Discretionary", "fallback": true}, "ts": "2026-06-21T16:03:55.945281+00:00", "session_id": "5858b336", "level": "INFO"}
{"event": "signal", "strategy": "momentum", "symbol": "TSLA", "direction": "SELL", "strength": 0.186516, "metadata": {"rank": 0.13333333333333333, "sector": "Consumer Discretionary", "fallback": true}, "ts": "2026-06-21T16:03:55.945523+00:00", "session_id": "5858b336", "level": "INFO"}
{"event": "signal", "strategy": "momentum", "symbol": "XOM", "direction": "SELL", "strength": 0.429645, "metadata": {"rank": 0.2, "sector": "Energy", "fallback": true}, "ts": "2026-06-21T16:03:55.945962+00:00", "session_id": "5858b336", "level": "INFO"}
MeanReversion: no volume data supplied — volume filter bypassed
{"event": "signal", "strategy": "mean_reversion", "symbol": "TSLA", "direction": "BUY", "strength": 0.402655, "metadata": {"z": -1.5751, "rsi": 16.73, "rv": 0.4284}, "ts": "2026-06-21T16:03:55.980143+00:00", "session_id": "5858b336", "level": "INFO"}
{"event": "signal", "strategy": "mean_reversion", "symbol": "XOM", "direction": "SELL", "strength": 1.0, "metadata": {"z": 2.4598, "rsi": 78.72, "rv": 0.1462}, "ts": "2026-06-21T16:03:55.982102+00:00", "session_id": "5858b336", "level": "INFO"}
{"event": "signal", "strategy": "mean_reversion", "symbol": "CAT", "direction": "SELL", "strength": 0.724733, "metadata": {"z": 1.8493, "rsi": 75.5, "rv": 0.1719}, "ts": "2026-06-21T16:03:55.983956+00:00", "session_id": "5858b336", "level": "INFO"}
{"event": "signal", "strategy": "mean_reversion", "symbol": "LIN", "direction": "SELL", "strength": 0.796465, "metadata": {"z": 1.8997, "rsi": 75.41, "rv": 0.1296}, "ts": "2026-06-21T16:03:55.988903+00:00", "session_id": "5858b336", "level": "INFO"}
{"event": "info", "message": "SignalGenerator: 10 raw \u2192 5 combined signals", "metadata": {"regime": "BEAR", "n_strategies": 4, "allocations": {"stat_arb": 0.25, "momentum": 0.15, "factor_model": 0.25, "mean_reversion": 0.3}}, "ts": "2026-06-21T16:03:55.990848+00:00", "session_id": "5858b336", "level": "INFO"}
ExecutionManager: net exposure limit reached (87.3% vs ±80%) — skipping JPM buy
{"event": "risk_event", "event_type": "trade_rejected", "details": {"symbol": "XOM", "side": "sell", "qty": 184, "reason": "Individual short position 17.98% exceeds limit 5%", "strategy": "combined"}, "ts": "2026-06-21T16:03:56.005445+00:00", "session_id": "5858b336", "level": "WARNING"}
{"event": "risk_event", "event_type": "trade_rejected", "details": {"symbol": "LIN", "side": "sell", "qty": 44, "reason": "Individual short position 18.92% exceeds limit 5%", "strategy": "combined"}, "ts": "2026-06-21T16:03:56.009353+00:00", "session_id": "5858b336", "level": "WARNING"}
  [bar 327] 2024-03-15 04:00:00+00:00 | 5 signals | equity=105,755 | regime=BEAR
StatArbStrategy.generate_signals: no pairs loaded. Call find_pairs() first.
{"event": "signal", "strategy": "momentum", "symbol": "NVDA", "direction": "BUY", "strength": 0.405631, "metadata": {"rank": 1.0, "sector": "Technology", "fallback": true}, "ts": "2026-06-21T16:03:56.292761+00:00", "session_id": "5858b336", "level": "INFO"}
{"event": "signal", "strategy": "momentum", "symbol": "JPM", "direction": "BUY", "strength": 1.0, "metadata": {"rank": 0.9333333333333333, "sector": "Financials", "fallback": true}, "ts": "2026-06-21T16:03:56.293589+00:00", "session_id": "5858b336", "level": "INFO"}
{"event": "signal", "strategy": "momentum", "symbol": "AMZN", "direction": "BUY", "strength": 0.650382, "metadata": {"rank": 0.8666666666666667, "sector": "Consumer Discretionary", "fallback": true}, "ts": "2026-06-21T16:03:56.294084+00:00", "session_id": "5858b336", "level": "INFO"}
{"event": "signal", "strategy": "momentum", "symbol": "TSLA", "direction": "SELL", "strength": 0.359659, "metadata": {"rank": 0.13333333333333333, "sector": "Consumer Discretionary", "fallback": true}, "ts": "2026-06-21T16:03:56.294323+00:00", "session_id": "5858b336", "level": "INFO"}
{"event": "signal", "strategy": "momentum", "symbol": "XOM", "direction": "SELL", "strength": 0.863232, "metadata": {"rank": 0.2, "sector": "Energy", "fallback": true}, "ts": "2026-06-21T16:03:56.294784+00:00", "session_id": "5858b336", "level": "INFO"}
{"event": "signal", "strategy": "momentum", "symbol": "CAT", "direction": "BUY", "strength": 0.755958, "metadata": {"rank": 0.8, "sector": "Industrials", "fallback": true}, "ts": "2026-06-21T16:03:56.295418+00:00", "session_id": "5858b336", "level": "INFO"}
MeanReversion: no volume data supplied — volume filter bypassed
{"event": "signal", "strategy": "mean_reversion", "symbol": "JPM", "direction": "SELL", "strength": 0.920907, "metadata": {"z": 2.0329, "rsi": 72.04, "rv": 0.1216}, "ts": "2026-06-21T16:03:56.319205+00:00", "session_id": "5858b336", "level": "INFO"}
{"event": "signal", "strategy": "mean_reversion", "symbol": "XOM", "direction": "SELL", "strength": 1.0, "metadata": {"z": 2.5398, "rsi": 81.73, "rv": 0.1469}, "ts": "2026-06-21T16:03:56.325610+00:00", "session_id": "5858b336", "level": "INFO"}
{"event": "signal", "strategy": "mean_reversion", "symbol": "CAT", "direction": "SELL", "strength": 0.841959, "metadata": {"z": 1.9881, "rsi": 76.96, "rv": 0.1736}, "ts": "2026-06-21T16:03:56.327405+00:00", "session_id": "5858b336", "level": "INFO"}
{"event": "signal", "strategy": "mean_reversion", "symbol": "LIN", "direction": "SELL", "strength": 0.642659, "metadata": {"z": 1.7282, "rsi": 72.45, "rv": 0.1332}, "ts": "2026-06-21T16:03:56.332311+00:00", "session_id": "5858b336", "level": "INFO"}
{"event": "info", "message": "SignalGenerator: 10 raw \u2192 7 combined signals", "metadata": {"regime": "SIDEWAYS", "n_strategies": 4, "allocations": {"stat_arb": 0.25, "momentum": 0.3, "factor_model": 0.25, "mean_reversion": 0.18}}, "ts": "2026-06-21T16:03:56.334198+00:00", "session_id": "5858b336", "level": "INFO"}
ExecutionManager: net exposure limit reached (87.4% vs ±80%) — skipping NVDA buy
ExecutionManager: net exposure limit reached (87.4% vs ±80%) — skipping JPM buy
ExecutionManager: net exposure limit reached (87.4% vs ±80%) — skipping AMZN buy
{"event": "risk_event", "event_type": "trade_rejected", "details": {"symbol": "XOM", "side": "sell", "qty": 203, "reason": "Individual short position 19.97% exceeds limit 5%", "strategy": "combined"}, "ts": "2026-06-21T16:03:56.351446+00:00", "session_id": "5858b336", "level": "WARNING"}
{"event": "risk_event", "event_type": "trade_rejected", "details": {"symbol": "LIN", "side": "sell", "qty": 46, "reason": "Individual short position 19.64% exceeds limit 5%", "strategy": "combined"}, "ts": "2026-06-21T16:03:56.356492+00:00", "session_id": "5858b336", "level": "WARNING"}
  [bar 328] 2024-03-18 04:00:00+00:00 | 7 signals | equity=106,056 | regime=SIDEWAYS
StatArbStrategy.generate_signals: no pairs loaded. Call find_pairs() first.
{"event": "signal", "strategy": "momentum", "symbol": "MSFT", "direction": "BUY", "strength": 0.420349, "metadata": {"rank": 0.8, "sector": "Technology", "fallback": true}, "ts": "2026-06-21T16:03:56.598545+00:00", "session_id": "5858b336", "level": "INFO"}
{"event": "signal", "strategy": "momentum", "symbol": "NVDA", "direction": "BUY", "strength": 0.192088, "metadata": {"rank": 0.9333333333333333, "sector": "Technology", "fallback": true}, "ts": "2026-06-21T16:03:56.598811+00:00", "session_id": "5858b336", "level": "INFO"}
{"event": "signal", "strategy": "momentum", "symbol": "JPM", "direction": "BUY", "strength": 0.817093, "metadata": {"rank": 1.0, "sector": "Financials", "fallback": true}, "ts": "2026-06-21T16:03:56.599559+00:00", "session_id": "5858b336", "level": "INFO"}
{"event": "signal", "strategy": "momentum", "symbol": "AMZN", "direction": "BUY", "strength": 0.326564, "metadata": {"rank": 0.8666666666666667, "sector": "Consumer Discretionary", "fallback": true}, "ts": "2026-06-21T16:03:56.600057+00:00", "session_id": "5858b336", "level": "INFO"}
{"event": "signal", "strategy": "momentum", "symbol": "TSLA", "direction": "SELL", "strength": 0.181622, "metadata": {"rank": 0.13333333333333333, "sector": "Consumer Discretionary", "fallback": true}, "ts": "2026-06-21T16:03:56.600287+00:00", "session_id": "5858b336", "level": "INFO"}
{"event": "signal", "strategy": "momentum", "symbol": "XOM", "direction": "SELL", "strength": 0.440471, "metadata": {"rank": 0.2, "sector": "Energy", "fallback": true}, "ts": "2026-06-21T16:03:56.600742+00:00", "session_id": "5858b336", "level": "INFO"}
MeanReversion: no volume data supplied — volume filter bypassed
{"event": "signal", "strategy": "mean_reversion", "symbol": "JPM", "direction": "SELL", "strength": 0.956631, "metadata": {"z": 2.0732, "rsi": 72.31, "rv": 0.1219}, "ts": "2026-06-21T16:03:56.635636+00:00", "session_id": "5858b336", "level": "INFO"}
{"event": "signal", "strategy": "mean_reversion", "symbol": "TSLA", "direction": "BUY", "strength": 0.151818, "metadata": {"z": -1.2261, "rsi": 25.97, "rv": 0.4891}, "ts": "2026-06-21T16:03:56.647030+00:00", "session_id": "5858b336", "level": "INFO"}
{"event": "signal", "strategy": "mean_reversion", "symbol": "XOM", "direction": "SELL", "strength": 1.0, "metadata": {"z": 2.5406, "rsi": 82.41, "rv": 0.1383}, "ts": "2026-06-21T16:03:56.650847+00:00", "session_id": "5858b336", "level": "INFO"}
{"event": "signal", "strategy": "mean_reversion", "symbol": "CAT", "direction": "SELL", "strength": 0.867801, "metadata": {"z": 1.9824, "rsi": 77.0, "rv": 0.1321}, "ts": "2026-06-21T16:03:56.654849+00:00", "session_id": "5858b336", "level": "INFO"}
{"event": "signal", "strategy": "mean_reversion", "symbol": "NEE", "direction": "SELL", "strength": 0.435859, "metadata": {"z": 1.5304, "rsi": 88.22, "rv": 0.2168}, "ts": "2026-06-21T16:03:56.669936+00:00", "session_id": "5858b336", "level": "INFO"}
{"event": "info", "message": "SignalGenerator: 11 raw \u2192 5 combined signals", "metadata": {"regime": "BEAR", "n_strategies": 4, "allocations": {"stat_arb": 0.25, "momentum": 0.15, "factor_model": 0.25, "mean_reversion": 0.3}}, "ts": "2026-06-21T16:03:56.670401+00:00", "session_id": "5858b336", "level": "INFO"}
{"event": "risk_event", "event_type": "trade_rejected", "details": {"symbol": "XOM", "side": "sell", "qty": 203, "reason": "Individual short position 19.93% exceeds limit 5%", "strategy": "combined"}, "ts": "2026-06-21T16:03:56.710801+00:00", "session_id": "5858b336", "level": "WARNING"}
{"event": "risk_event", "event_type": "trade_rejected", "details": {"symbol": "CAT", "side": "sell", "qty": 37, "reason": "Individual short position 11.87% exceeds limit 5%", "strategy": "combined"}, "ts": "2026-06-21T16:03:56.716654+00:00", "session_id": "5858b336", "level": "WARNING"}
  [bar 329] 2024-03-19 04:00:00+00:00 | 5 signals | equity=107,000 | regime=BEAR
StatArbStrategy.generate_signals: no pairs loaded. Call find_pairs() first.
{"event": "signal", "strategy": "momentum", "symbol": "MSFT", "direction": "BUY", "strength": 0.83997, "metadata": {"rank": 0.8, "sector": "Technology", "fallback": true}, "ts": "2026-06-21T16:03:57.060595+00:00", "session_id": "5858b336", "level": "INFO"}
{"event": "signal", "strategy": "momentum", "symbol": "NVDA", "direction": "BUY", "strength": 0.384389, "metadata": {"rank": 0.9333333333333333, "sector": "Technology", "fallback": true}, "ts": "2026-06-21T16:03:57.060910+00:00", "session_id": "5858b336", "level": "INFO"}
{"event": "signal", "strategy": "momentum", "symbol": "JPM", "direction": "BUY", "strength": 1.0, "metadata": {"rank": 1.0, "sector": "Financials", "fallback": true}, "ts": "2026-06-21T16:03:57.061840+00:00", "session_id": "5858b336", "level": "INFO"}
{"event": "signal", "strategy": "momentum", "symbol": "AMZN", "direction": "BUY", "strength": 0.652575, "metadata": {"rank": 0.8666666666666667, "sector": "Consumer Discretionary", "fallback": true}, "ts": "2026-06-21T16:03:57.062442+00:00", "session_id": "5858b336", "level": "INFO"}
{"event": "signal", "strategy": "momentum", "symbol": "TSLA", "direction": "SELL", "strength": 0.364231, "metadata": {"rank": 0.13333333333333333, "sector": "Consumer Discretionary", "fallback": true}, "ts": "2026-06-21T16:03:57.062680+00:00", "session_id": "5858b336", "level": "INFO"}
{"event": "signal", "strategy": "momentum", "symbol": "XOM", "direction": "SELL", "strength": 0.880865, "metadata": {"rank": 0.2, "sector": "Energy", "fallback": true}, "ts": "2026-06-21T16:03:57.063198+00:00", "session_id": "5858b336", "level": "INFO"}
MeanReversion: no volume data supplied — volume filter bypassed
{"event": "signal", "strategy": "mean_reversion", "symbol": "JPM", "direction": "SELL", "strength": 1.0, "metadata": {"z": 2.2579, "rsi": 73.39, "rv": 0.1259}, "ts": "2026-06-21T16:03:57.090426+00:00", "session_id": "5858b336", "level": "INFO"}
{"event": "signal", "strategy": "mean_reversion", "symbol": "XOM", "direction": "SELL", "strength": 1.0, "metadata": {"z": 2.3505, "rsi": 81.53, "rv": 0.1268}, "ts": "2026-06-21T16:03:57.096853+00:00", "session_id": "5858b336", "level": "INFO"}
{"event": "signal", "strategy": "mean_reversion", "symbol": "CAT", "direction": "SELL", "strength": 0.882929, "metadata": {"z": 1.9985, "rsi": 76.01, "rv": 0.1309}, "ts": "2026-06-21T16:03:57.098661+00:00", "session_id": "5858b336", "level": "INFO"}
{"event": "signal", "strategy": "mean_reversion", "symbol": "LIN", "direction": "SELL", "strength": 0.540509, "metadata": {"z": 1.6113, "rsi": 72.8, "rv": 0.131}, "ts": "2026-06-21T16:03:57.103526+00:00", "session_id": "5858b336", "level": "INFO"}
{"event": "signal", "strategy": "mean_reversion", "symbol": "NEE", "direction": "SELL", "strength": 0.718732, "metadata": {"z": 1.8766, "rsi": 89.25, "rv": 0.2197}, "ts": "2026-06-21T16:03:57.105322+00:00", "session_id": "5858b336", "level": "INFO"}
{"event": "info", "message": "SignalGenerator: 11 raw \u2192 9 combined signals", "metadata": {"regime": "SIDEWAYS", "n_strategies": 4, "allocations": {"stat_arb": 0.25, "momentum": 0.3, "factor_model": 0.25, "mean_reversion": 0.18}}, "ts": "2026-06-21T16:03:57.105589+00:00", "session_id": "5858b336", "level": "INFO"}
ExecutionManager: net exposure limit reached (87.6% vs ±80%) — skipping MSFT buy
ExecutionManager: net exposure limit reached (87.6% vs ±80%) — skipping NVDA buy
ExecutionManager: net exposure limit reached (87.6% vs ±80%) — skipping JPM buy
ExecutionManager: net exposure limit reached (87.6% vs ±80%) — skipping AMZN buy
{"event": "risk_event", "event_type": "trade_rejected", "details": {"symbol": "XOM", "side": "sell", "qty": 168, "reason": "Individual short position 16.34% exceeds limit 5%", "strategy": "combined"}, "ts": "2026-06-21T16:03:57.124993+00:00", "session_id": "5858b336", "level": "WARNING"}
{"event": "risk_event", "event_type": "trade_rejected", "details": {"symbol": "LIN", "side": "sell", "qty": 47, "reason": "Individual short position 19.74% exceeds limit 5%", "strategy": "combined"}, "ts": "2026-06-21T16:03:57.129008+00:00", "session_id": "5858b336", "level": "WARNING"}
  [bar 330] 2024-03-20 04:00:00+00:00 | 9 signals | equity=107,937 | regime=SIDEWAYS
StatArbStrategy.generate_signals: no pairs loaded. Call find_pairs() first.
{"event": "signal", "strategy": "momentum", "symbol": "MSFT", "direction": "BUY", "strength": 0.41863, "metadata": {"rank": 0.8, "sector": "Technology", "fallback": true}, "ts": "2026-06-21T16:03:57.445940+00:00", "session_id": "5858b336", "level": "INFO"}
{"event": "signal", "strategy": "momentum", "symbol": "NVDA", "direction": "BUY", "strength": 0.206265, "metadata": {"rank": 1.0, "sector": "Technology", "fallback": true}, "ts": "2026-06-21T16:03:57.446215+00:00", "session_id": "5858b336", "level": "INFO"}
{"event": "signal", "strategy": "momentum", "symbol": "JPM", "direction": "BUY", "strength": 0.741217, "metadata": {"rank": 0.9333333333333333, "sector": "Financials", "fallback": true}, "ts": "2026-06-21T16:03:57.446975+00:00", "session_id": "5858b336", "level": "INFO"}
{"event": "signal", "strategy": "momentum", "symbol": "AMZN", "direction": "BUY", "strength": 0.326495, "metadata": {"rank": 0.8666666666666667, "sector": "Consumer Discretionary", "fallback": true}, "ts": "2026-06-21T16:03:57.447526+00:00", "session_id": "5858b336", "level": "INFO"}
{"event": "signal", "strategy": "momentum", "symbol": "TSLA", "direction": "SELL", "strength": 0.181946, "metadata": {"rank": 0.13333333333333333, "sector": "Consumer Discretionary", "fallback": true}, "ts": "2026-06-21T16:03:57.447769+00:00", "session_id": "5858b336", "level": "INFO"}
{"event": "signal", "strategy": "momentum", "symbol": "XOM", "direction": "SELL", "strength": 0.440257, "metadata": {"rank": 0.2, "sector": "Energy", "fallback": true}, "ts": "2026-06-21T16:03:57.448229+00:00", "session_id": "5858b336", "level": "INFO"}
MeanReversion: no volume data supplied — volume filter bypassed
{"event": "signal", "strategy": "mean_reversion", "symbol": "JNJ", "direction": "BUY", "strength": 0.213024, "metadata": {"z": -1.2368, "rsi": 27.84, "rv": 0.1115}, "ts": "2026-06-21T16:03:57.476651+00:00", "session_id": "5858b336", "level": "INFO"}
{"event": "signal", "strategy": "mean_reversion", "symbol": "JPM", "direction": "SELL", "strength": 1.0, "metadata": {"z": 2.4297, "rsi": 78.8, "rv": 0.1276}, "ts": "2026-06-21T16:03:57.480142+00:00", "session_id": "5858b336", "level": "INFO"}
{"event": "signal", "strategy": "mean_reversion", "symbol": "GS", "direction": "SELL", "strength": 1.0, "metadata": {"z": 4.5826, "rsi": 73.86, "rv": 0.1954}, "ts": "2026-06-21T16:03:57.481983+00:00", "session_id": "5858b336", "level": "INFO"}
{"event": "signal", "strategy": "mean_reversion", "symbol": "XOM", "direction": "SELL", "strength": 1.0, "metadata": {"z": 2.308, "rsi": 80.33, "rv": 0.1257}, "ts": "2026-06-21T16:03:57.486891+00:00", "session_id": "5858b336", "level": "INFO"}
{"event": "signal", "strategy": "mean_reversion", "symbol": "CAT", "direction": "SELL", "strength": 1.0, "metadata": {"z": 2.236, "rsi": 78.66, "rv": 0.1399}, "ts": "2026-06-21T16:03:57.488697+00:00", "session_id": "5858b336", "level": "INFO"}
{"event": "signal", "strategy": "mean_reversion", "symbol": "LIN", "direction": "SELL", "strength": 0.471336, "metadata": {"z": 1.5283, "rsi": 71.71, "rv": 0.1208}, "ts": "2026-06-21T16:03:57.493822+00:00", "session_id": "5858b336", "level": "INFO"}
{"event": "signal", "strategy": "mean_reversion", "symbol": "NEE", "direction": "SELL", "strength": 0.378336, "metadata": {"z": 1.4635, "rsi": 81.54, "rv": 0.2251}, "ts": "2026-06-21T16:03:57.495638+00:00", "session_id": "5858b336", "level": "INFO"}
{"event": "info", "message": "SignalGenerator: 13 raw \u2192 6 combined signals", "metadata": {"regime": "BEAR", "n_strategies": 4, "allocations": {"stat_arb": 0.25, "momentum": 0.15, "factor_model": 0.25, "mean_reversion": 0.3}}, "ts": "2026-06-21T16:03:57.495906+00:00", "session_id": "5858b336", "level": "INFO"}
{"event": "risk_event", "event_type": "trade_rejected", "details": {"symbol": "XOM", "side": "sell", "qty": 146, "reason": "Individual short position 14.31% exceeds limit 5%", "strategy": "combined"}, "ts": "2026-06-21T16:03:57.511489+00:00", "session_id": "5858b336", "level": "WARNING"}
{"event": "risk_event", "event_type": "trade_rejected", "details": {"symbol": "GS", "side": "sell", "qty": 28, "reason": "Individual short position 10.28% exceeds limit 5%", "strategy": "combined"}, "ts": "2026-06-21T16:03:57.515435+00:00", "session_id": "5858b336", "level": "WARNING"}
{"event": "risk_event", "event_type": "trade_rejected", "details": {"symbol": "CAT", "side": "sell", "qty": 34, "reason": "Individual short position 11.18% exceeds limit 5%", "strategy": "combined"}, "ts": "2026-06-21T16:03:57.519375+00:00", "session_id": "5858b336", "level": "WARNING"}
{"event": "risk_event", "event_type": "trade_rejected", "details": {"symbol": "LIN", "side": "sell", "qty": 47, "reason": "Individual short position 19.80% exceeds limit 5%", "strategy": "combined"}, "ts": "2026-06-21T16:03:57.523218+00:00", "session_id": "5858b336", "level": "WARNING"}
  [bar 331] 2024-03-21 04:00:00+00:00 | 6 signals | equity=107,524 | regime=BEAR
StatArbStrategy.generate_signals: no pairs loaded. Call find_pairs() first.
{"event": "signal", "strategy": "momentum", "symbol": "MSFT", "direction": "BUY", "strength": 0.83678, "metadata": {"rank": 0.8, "sector": "Technology", "fallback": true}, "ts": "2026-06-21T16:03:57.793328+00:00", "session_id": "5858b336", "level": "INFO"}
{"event": "signal", "strategy": "momentum", "symbol": "NVDA", "direction": "BUY", "strength": 0.411032, "metadata": {"rank": 1.0, "sector": "Technology", "fallback": true}, "ts": "2026-06-21T16:03:57.793667+00:00", "session_id": "5858b336", "level": "INFO"}
{"event": "signal", "strategy": "momentum", "symbol": "JPM", "direction": "BUY", "strength": 1.0, "metadata": {"rank": 0.9333333333333333, "sector": "Financials", "fallback": true}, "ts": "2026-06-21T16:03:57.794478+00:00", "session_id": "5858b336", "level": "INFO"}
{"event": "signal", "strategy": "momentum", "symbol": "AMZN", "direction": "BUY", "strength": 0.653077, "metadata": {"rank": 0.8666666666666667, "sector": "Consumer Discretionary", "fallback": true}, "ts": "2026-06-21T16:03:57.795006+00:00", "session_id": "5858b336", "level": "INFO"}
{"event": "signal", "strategy": "momentum", "symbol": "TSLA", "direction": "SELL", "strength": 0.365556, "metadata": {"rank": 0.13333333333333333, "sector": "Consumer Discretionary", "fallback": true}, "ts": "2026-06-21T16:03:57.795273+00:00", "session_id": "5858b336", "level": "INFO"}
{"event": "signal", "strategy": "momentum", "symbol": "XOM", "direction": "SELL", "strength": 0.880307, "metadata": {"rank": 0.2, "sector": "Energy", "fallback": true}, "ts": "2026-06-21T16:03:57.795759+00:00", "session_id": "5858b336", "level": "INFO"}
MeanReversion: no volume data supplied — volume filter bypassed
{"event": "signal", "strategy": "mean_reversion", "symbol": "GS", "direction": "CLOSE", "strength": 1.0, "metadata": {"z": 3.154, "action": "hard_stop"}, "ts": "2026-06-21T16:03:57.835305+00:00", "session_id": "5858b336", "level": "INFO"}
{"event": "signal", "strategy": "mean_reversion", "symbol": "XOM", "direction": "SELL", "strength": 1.0, "metadata": {"z": 2.1719, "rsi": 91.02, "rv": 0.1174}, "ts": "2026-06-21T16:03:57.845028+00:00", "session_id": "5858b336", "level": "INFO"}
{"event": "signal", "strategy": "mean_reversion", "symbol": "GOOGL", "direction": "SELL", "strength": 0.490496, "metadata": {"z": 1.65, "rsi": 80.31, "rv": 0.3253}, "ts": "2026-06-21T16:03:57.853786+00:00", "session_id": "5858b336", "level": "INFO"}
{"event": "signal", "strategy": "mean_reversion", "symbol": "NEE", "direction": "SELL", "strength": 0.491726, "metadata": {"z": 1.6024, "rsi": 84.29, "rv": 0.2251}, "ts": "2026-06-21T16:03:57.858818+00:00", "session_id": "5858b336", "level": "INFO"}
{"event": "info", "message": "SignalGenerator: 10 raw \u2192 9 combined signals", "metadata": {"regime": "SIDEWAYS", "n_strategies": 4, "allocations": {"stat_arb": 0.25, "momentum": 0.3, "factor_model": 0.25, "mean_reversion": 0.18}}, "ts": "2026-06-21T16:03:57.859133+00:00", "session_id": "5858b336", "level": "INFO"}
ExecutionManager: net exposure limit reached (87.5% vs ±80%) — skipping MSFT buy
ExecutionManager: net exposure limit reached (87.5% vs ±80%) — skipping NVDA buy
ExecutionManager: net exposure limit reached (87.5% vs ±80%) — skipping JPM buy
ExecutionManager: net exposure limit reached (87.5% vs ±80%) — skipping AMZN buy
{"event": "risk_event", "event_type": "trade_rejected", "details": {"symbol": "XOM", "side": "sell", "qty": 203, "reason": "Individual short position 19.95% exceeds limit 5%", "strategy": "combined"}, "ts": "2026-06-21T16:03:57.894685+00:00", "session_id": "5858b336", "level": "WARNING"}
  [bar 332] 2024-03-22 04:00:00+00:00 | 9 signals | equity=107,268 | regime=SIDEWAYS
StatArbStrategy.generate_signals: no pairs loaded. Call find_pairs() first.
{"event": "signal", "strategy": "momentum", "symbol": "NVDA", "direction": "BUY", "strength": 0.205616, "metadata": {"rank": 1.0, "sector": "Technology", "fallback": true}, "ts": "2026-06-21T16:03:58.139601+00:00", "session_id": "5858b336", "level": "INFO"}
{"event": "signal", "strategy": "momentum", "symbol": "JPM", "direction": "BUY", "strength": 0.708802, "metadata": {"rank": 0.9333333333333333, "sector": "Financials", "fallback": true}, "ts": "2026-06-21T16:03:58.140403+00:00", "session_id": "5858b336", "level": "INFO"}
{"event": "signal", "strategy": "momentum", "symbol": "AMZN", "direction": "BUY", "strength": 0.326588, "metadata": {"rank": 0.8666666666666667, "sector": "Consumer Discretionary", "fallback": true}, "ts": "2026-06-21T16:03:58.140999+00:00", "session_id": "5858b336", "level": "INFO"}
{"event": "signal", "strategy": "momentum", "symbol": "TSLA", "direction": "SELL", "strength": 0.183388, "metadata": {"rank": 0.13333333333333333, "sector": "Consumer Discretionary", "fallback": true}, "ts": "2026-06-21T16:03:58.141284+00:00", "session_id": "5858b336", "level": "INFO"}
{"event": "signal", "strategy": "momentum", "symbol": "XOM", "direction": "SELL", "strength": 0.439566, "metadata": {"rank": 0.2, "sector": "Energy", "fallback": true}, "ts": "2026-06-21T16:03:58.141742+00:00", "session_id": "5858b336", "level": "INFO"}
{"event": "signal", "strategy": "momentum", "symbol": "CAT", "direction": "BUY", "strength": 0.369932, "metadata": {"rank": 0.8, "sector": "Industrials", "fallback": true}, "ts": "2026-06-21T16:03:58.142187+00:00", "session_id": "5858b336", "level": "INFO"}
MeanReversion: no volume data supplied — volume filter bypassed
{"event": "signal", "strategy": "mean_reversion", "symbol": "XOM", "direction": "SELL", "strength": 1.0, "metadata": {"z": 2.2669, "rsi": 90.92, "rv": 0.1191}, "ts": "2026-06-21T16:03:58.177866+00:00", "session_id": "5858b336", "level": "INFO"}
{"event": "signal", "strategy": "mean_reversion", "symbol": "CAT", "direction": "SELL", "strength": 0.587922, "metadata": {"z": 1.687, "rsi": 72.36, "rv": 0.1685}, "ts": "2026-06-21T16:03:58.179704+00:00", "session_id": "5858b336", "level": "INFO"}
{"event": "signal", "strategy": "mean_reversion", "symbol": "GOOGL", "direction": "SELL", "strength": 0.357034, "metadata": {"z": 1.4549, "rsi": 80.25, "rv": 0.2741}, "ts": "2026-06-21T16:03:58.183026+00:00", "session_id": "5858b336", "level": "INFO"}
{"event": "signal", "strategy": "mean_reversion", "symbol": "NEE", "direction": "SELL", "strength": 0.738523, "metadata": {"z": 1.8914, "rsi": 84.9, "rv": 0.207}, "ts": "2026-06-21T16:03:58.186336+00:00", "session_id": "5858b336", "level": "INFO"}
{"event": "info", "message": "SignalGenerator: 10 raw \u2192 5 combined signals", "metadata": {"regime": "BEAR", "n_strategies": 4, "allocations": {"stat_arb": 0.25, "momentum": 0.15, "factor_model": 0.25, "mean_reversion": 0.3}}, "ts": "2026-06-21T16:03:58.186601+00:00", "session_id": "5858b336", "level": "INFO"}
ExecutionManager: net exposure limit reached (87.4% vs ±80%) — skipping JPM buy
{"event": "risk_event", "event_type": "trade_rejected", "details": {"symbol": "XOM", "side": "sell", "qty": 172, "reason": "Individual short position 17.21% exceeds limit 5%", "strategy": "combined"}, "ts": "2026-06-21T16:03:58.201227+00:00", "session_id": "5858b336", "level": "WARNING"}
{"event": "risk_event", "event_type": "trade_rejected", "details": {"symbol": "GOOGL", "side": "sell", "qty": 80, "reason": "Individual short position 11.18% exceeds limit 5%", "strategy": "combined"}, "ts": "2026-06-21T16:03:58.205140+00:00", "session_id": "5858b336", "level": "WARNING"}
{"event": "risk_event", "event_type": "trade_rejected", "details": {"symbol": "NEE", "side": "sell", "qty": 215, "reason": "Individual short position 11.86% exceeds limit 5%", "strategy": "combined"}, "ts": "2026-06-21T16:03:58.209186+00:00", "session_id": "5858b336", "level": "WARNING"}
  [bar 333] 2024-03-25 04:00:00+00:00 | 5 signals | equity=106,448 | regime=BEAR
StatArbStrategy.generate_signals: no pairs loaded. Call find_pairs() first.
{"event": "signal", "strategy": "momentum", "symbol": "MSFT", "direction": "BUY", "strength": 0.824172, "metadata": {"rank": 0.8, "sector": "Technology", "fallback": true}, "ts": "2026-06-21T16:03:58.505928+00:00", "session_id": "5858b336", "level": "INFO"}
{"event": "signal", "strategy": "momentum", "symbol": "NVDA", "direction": "BUY", "strength": 0.406585, "metadata": {"rank": 1.0, "sector": "Technology", "fallback": true}, "ts": "2026-06-21T16:03:58.506197+00:00", "session_id": "5858b336", "level": "INFO"}
{"event": "signal", "strategy": "momentum", "symbol": "JPM", "direction": "BUY", "strength": 1.0, "metadata": {"rank": 0.9333333333333333, "sector": "Financials", "fallback": true}, "ts": "2026-06-21T16:03:58.506957+00:00", "session_id": "5858b336", "level": "INFO"}
{"event": "signal", "strategy": "momentum", "symbol": "AMZN", "direction": "BUY", "strength": 0.651128, "metadata": {"rank": 0.8666666666666667, "sector": "Consumer Discretionary", "fallback": true}, "ts": "2026-06-21T16:03:58.507480+00:00", "session_id": "5858b336", "level": "INFO"}
{"event": "signal", "strategy": "momentum", "symbol": "TSLA", "direction": "SELL", "strength": 0.364766, "metadata": {"rank": 0.13333333333333333, "sector": "Consumer Discretionary", "fallback": true}, "ts": "2026-06-21T16:03:58.507699+00:00", "session_id": "5858b336", "level": "INFO"}
{"event": "signal", "strategy": "momentum", "symbol": "XOM", "direction": "SELL", "strength": 0.889907, "metadata": {"rank": 0.2, "sector": "Energy", "fallback": true}, "ts": "2026-06-21T16:03:58.508156+00:00", "session_id": "5858b336", "level": "INFO"}
MeanReversion: no volume data supplied — volume filter bypassed
{"event": "signal", "strategy": "mean_reversion", "symbol": "XOM", "direction": "SELL", "strength": 0.875996, "metadata": {"z": 1.9852, "rsi": 82.68, "rv": 0.1246}, "ts": "2026-06-21T16:03:58.538336+00:00", "session_id": "5858b336", "level": "INFO"}
{"event": "signal", "strategy": "mean_reversion", "symbol": "CAT", "direction": "SELL", "strength": 0.54331, "metadata": {"z": 1.635, "rsi": 71.41, "rv": 0.1687}, "ts": "2026-06-21T16:03:58.540201+00:00", "session_id": "5858b336", "level": "INFO"}
{"event": "signal", "strategy": "mean_reversion", "symbol": "GOOGL", "direction": "SELL", "strength": 0.400194, "metadata": {"z": 1.5096, "rsi": 84.3, "rv": 0.2735}, "ts": "2026-06-21T16:03:58.543672+00:00", "session_id": "5858b336", "level": "INFO"}
{"event": "signal", "strategy": "mean_reversion", "symbol": "NEE", "direction": "SELL", "strength": 0.309741, "metadata": {"z": 1.3796, "rsi": 75.92, "rv": 0.2256}, "ts": "2026-06-21T16:03:58.547069+00:00", "session_id": "5858b336", "level": "INFO"}
{"event": "info", "message": "SignalGenerator: 10 raw \u2192 8 combined signals", "metadata": {"regime": "SIDEWAYS", "n_strategies": 4, "allocations": {"stat_arb": 0.25, "momentum": 0.3, "factor_model": 0.25, "mean_reversion": 0.18}}, "ts": "2026-06-21T16:03:58.547356+00:00", "session_id": "5858b336", "level": "INFO"}
ExecutionManager: net exposure limit reached (87.4% vs ±80%) — skipping MSFT buy
ExecutionManager: net exposure limit reached (87.4% vs ±80%) — skipping NVDA buy
ExecutionManager: net exposure limit reached (87.4% vs ±80%) — skipping JPM buy
ExecutionManager: net exposure limit reached (87.4% vs ±80%) — skipping AMZN buy
{"event": "risk_event", "event_type": "trade_rejected", "details": {"symbol": "XOM", "side": "sell", "qty": 201, "reason": "Individual short position 19.94% exceeds limit 5%", "strategy": "combined"}, "ts": "2026-06-21T16:03:58.570476+00:00", "session_id": "5858b336", "level": "WARNING"}
  [bar 334] 2024-03-26 04:00:00+00:00 | 8 signals | equity=106,570 | regime=SIDEWAYS
StatArbStrategy.generate_signals: no pairs loaded. Call find_pairs() first.
{"event": "signal", "strategy": "momentum", "symbol": "MSFT", "direction": "BUY", "strength": 0.411943, "metadata": {"rank": 0.8, "sector": "Technology", "fallback": true}, "ts": "2026-06-21T16:03:58.809711+00:00", "session_id": "5858b336", "level": "INFO"}
{"event": "signal", "strategy": "momentum", "symbol": "NVDA", "direction": "BUY", "strength": 0.20125, "metadata": {"rank": 1.0, "sector": "Technology", "fallback": true}, "ts": "2026-06-21T16:03:58.809983+00:00", "session_id": "5858b336", "level": "INFO"}
{"event": "signal", "strategy": "momentum", "symbol": "JPM", "direction": "BUY", "strength": 0.687324, "metadata": {"rank": 0.9333333333333333, "sector": "Financials", "fallback": true}, "ts": "2026-06-21T16:03:58.810732+00:00", "session_id": "5858b336", "level": "INFO"}
{"event": "signal", "strategy": "momentum", "symbol": "AMZN", "direction": "BUY", "strength": 0.326664, "metadata": {"rank": 0.8666666666666667, "sector": "Consumer Discretionary", "fallback": true}, "ts": "2026-06-21T16:03:58.811222+00:00", "session_id": "5858b336", "level": "INFO"}
{"event": "signal", "strategy": "momentum", "symbol": "TSLA", "direction": "SELL", "strength": 0.168127, "metadata": {"rank": 0.2, "sector": "Consumer Discretionary", "fallback": true}, "ts": "2026-06-21T16:03:58.811504+00:00", "session_id": "5858b336", "level": "INFO"}
{"event": "signal", "strategy": "momentum", "symbol": "XOM", "direction": "SELL", "strength": 0.480671, "metadata": {"rank": 0.13333333333333333, "sector": "Energy", "fallback": true}, "ts": "2026-06-21T16:03:58.811984+00:00", "session_id": "5858b336", "level": "INFO"}
MeanReversion: no volume data supplied — volume filter bypassed
{"event": "signal", "strategy": "mean_reversion", "symbol": "JNJ", "direction": "CLOSE", "strength": 1.0, "metadata": {"z": -0.2704, "action": "mean_reversion_exit"}, "ts": "2026-06-21T16:03:58.833027+00:00", "session_id": "5858b336", "level": "INFO"}
{"event": "signal", "strategy": "mean_reversion", "symbol": "JPM", "direction": "SELL", "strength": 0.937568, "metadata": {"z": 2.0837, "rsi": 71.61, "rv": 0.1558}, "ts": "2026-06-21T16:03:58.836444+00:00", "session_id": "5858b336", "level": "INFO"}
{"event": "signal", "strategy": "mean_reversion", "symbol": "GS", "direction": "SELL", "strength": 1.0, "metadata": {"z": 3.3085, "rsi": 70.7, "rv": 0.2173}, "ts": "2026-06-21T16:03:58.838319+00:00", "session_id": "5858b336", "level": "INFO"}
{"event": "signal", "strategy": "mean_reversion", "symbol": "XOM", "direction": "SELL", "strength": 0.974267, "metadata": {"z": 2.0972, "rsi": 83.57, "rv": 0.1261}, "ts": "2026-06-21T16:03:58.843320+00:00", "session_id": "5858b336", "level": "INFO"}
{"event": "signal", "strategy": "mean_reversion", "symbol": "CAT", "direction": "SELL", "strength": 0.751003, "metadata": {"z": 1.8871, "rsi": 73.42, "rv": 0.1813}, "ts": "2026-06-21T16:03:58.845110+00:00", "session_id": "5858b336", "level": "INFO"}
{"event": "signal", "strategy": "mean_reversion", "symbol": "GOOGL", "direction": "SELL", "strength": 0.386575, "metadata": {"z": 1.4874, "rsi": 82.58, "rv": 0.2609}, "ts": "2026-06-21T16:03:58.848481+00:00", "session_id": "5858b336", "level": "INFO"}
{"event": "signal", "strategy": "mean_reversion", "symbol": "NEE", "direction": "SELL", "strength": 0.998865, "metadata": {"z": 2.2452, "rsi": 78.96, "rv": 0.2466}, "ts": "2026-06-21T16:03:58.852185+00:00", "session_id": "5858b336", "level": "INFO"}
{"event": "info", "message": "SignalGenerator: 13 raw \u2192 7 combined signals", "metadata": {"regime": "BEAR", "n_strategies": 4, "allocations": {"stat_arb": 0.25, "momentum": 0.15, "factor_model": 0.25, "mean_reversion": 0.3}}, "ts": "2026-06-21T16:03:58.852511+00:00", "session_id": "5858b336", "level": "INFO"}
{"event": "risk_event", "event_type": "trade_rejected", "details": {"symbol": "XOM", "side": "sell", "qty": 179, "reason": "Individual short position 17.78% exceeds limit 5%", "strategy": "combined"}, "ts": "2026-06-21T16:03:58.873886+00:00", "session_id": "5858b336", "level": "WARNING"}
{"event": "risk_event", "event_type": "trade_rejected", "details": {"symbol": "GOOGL", "side": "sell", "qty": 78, "reason": "Individual short position 10.85% exceeds limit 5%", "strategy": "combined"}, "ts": "2026-06-21T16:03:58.877903+00:00", "session_id": "5858b336", "level": "WARNING"}
{"event": "risk_event", "event_type": "trade_rejected", "details": {"symbol": "NEE", "side": "sell", "qty": 189, "reason": "Individual short position 10.51% exceeds limit 5%", "strategy": "combined"}, "ts": "2026-06-21T16:03:58.881780+00:00", "session_id": "5858b336", "level": "WARNING"}
  [bar 335] 2024-03-27 04:00:00+00:00 | 7 signals | equity=107,532 | regime=BEAR
StatArbStrategy.generate_signals: no pairs loaded. Call find_pairs() first.
{"event": "signal", "strategy": "momentum", "symbol": "MSFT", "direction": "BUY", "strength": 0.83523, "metadata": {"rank": 0.8, "sector": "Technology", "fallback": true}, "ts": "2026-06-21T16:03:59.178395+00:00", "session_id": "5858b336", "level": "INFO"}
{"event": "signal", "strategy": "momentum", "symbol": "NVDA", "direction": "BUY", "strength": 0.407316, "metadata": {"rank": 1.0, "sector": "Technology", "fallback": true}, "ts": "2026-06-21T16:03:59.178673+00:00", "session_id": "5858b336", "level": "INFO"}
{"event": "signal", "strategy": "momentum", "symbol": "JPM", "direction": "BUY", "strength": 1.0, "metadata": {"rank": 0.9333333333333333, "sector": "Financials", "fallback": true}, "ts": "2026-06-21T16:03:59.179441+00:00", "session_id": "5858b336", "level": "INFO"}
{"event": "signal", "strategy": "momentum", "symbol": "AMZN", "direction": "BUY", "strength": 0.658634, "metadata": {"rank": 0.8666666666666667, "sector": "Consumer Discretionary", "fallback": true}, "ts": "2026-06-21T16:03:59.179934+00:00", "session_id": "5858b336", "level": "INFO"}
{"event": "signal", "strategy": "momentum", "symbol": "TSLA", "direction": "SELL", "strength": 0.335414, "metadata": {"rank": 0.2, "sector": "Consumer Discretionary", "fallback": true}, "ts": "2026-06-21T16:03:59.180140+00:00", "session_id": "5858b336", "level": "INFO"}
{"event": "signal", "strategy": "momentum", "symbol": "XOM", "direction": "SELL", "strength": 0.985809, "metadata": {"rank": 0.13333333333333333, "sector": "Energy", "fallback": true}, "ts": "2026-06-21T16:03:59.180583+00:00", "session_id": "5858b336", "level": "INFO"}
MeanReversion: no volume data supplied — volume filter bypassed
{"event": "signal", "strategy": "mean_reversion", "symbol": "JPM", "direction": "SELL", "strength": 0.912306, "metadata": {"z": 2.0534, "rsi": 72.06, "rv": 0.1547}, "ts": "2026-06-21T16:03:59.204631+00:00", "session_id": "5858b336", "level": "INFO"}
{"event": "signal", "strategy": "mean_reversion", "symbol": "GS", "direction": "CLOSE", "strength": 1.0, "metadata": {"z": 3.1972, "action": "hard_stop"}, "ts": "2026-06-21T16:03:59.206495+00:00", "session_id": "5858b336", "level": "INFO"}
{"event": "signal", "strategy": "mean_reversion", "symbol": "XOM", "direction": "SELL", "strength": 1.0, "metadata": {"z": 2.1994, "rsi": 83.94, "rv": 0.1274}, "ts": "2026-06-21T16:03:59.211400+00:00", "session_id": "5858b336", "level": "INFO"}
{"event": "signal", "strategy": "mean_reversion", "symbol": "CAT", "direction": "SELL", "strength": 0.73851, "metadata": {"z": 1.8705, "rsi": 75.75, "rv": 0.1787}, "ts": "2026-06-21T16:03:59.213176+00:00", "session_id": "5858b336", "level": "INFO"}
{"event": "signal", "strategy": "mean_reversion", "symbol": "GOOGL", "direction": "SELL", "strength": 0.351456, "metadata": {"z": 1.4423, "rsi": 81.88, "rv": 0.2586}, "ts": "2026-06-21T16:03:59.216556+00:00", "session_id": "5858b336", "level": "INFO"}
{"event": "signal", "strategy": "mean_reversion", "symbol": "NEE", "direction": "SELL", "strength": 0.963555, "metadata": {"z": 2.2014, "rsi": 76.34, "rv": 0.2469}, "ts": "2026-06-21T16:03:59.219964+00:00", "session_id": "5858b336", "level": "INFO"}
{"event": "info", "message": "SignalGenerator: 12 raw \u2192 9 combined signals", "metadata": {"regime": "SIDEWAYS", "n_strategies": 4, "allocations": {"stat_arb": 0.25, "momentum": 0.3, "factor_model": 0.25, "mean_reversion": 0.18}}, "ts": "2026-06-21T16:03:59.220258+00:00", "session_id": "5858b336", "level": "INFO"}
ExecutionManager: net exposure limit reached (87.5% vs ±80%) — skipping MSFT buy
ExecutionManager: net exposure limit reached (87.5% vs ±80%) — skipping NVDA buy
ExecutionManager: net exposure limit reached (87.5% vs ±80%) — skipping JPM buy
ExecutionManager: net exposure limit reached (87.5% vs ±80%) — skipping AMZN buy
{"event": "risk_event", "event_type": "trade_rejected", "details": {"symbol": "XOM", "side": "sell", "qty": 199, "reason": "Individual short position 19.99% exceeds limit 5%", "strategy": "combined"}, "ts": "2026-06-21T16:03:59.239779+00:00", "session_id": "5858b336", "level": "WARNING"}
{"event": "risk_event", "event_type": "trade_rejected", "details": {"symbol": "CAT", "side": "sell", "qty": 30, "reason": "Individual short position 9.92% exceeds limit 5%", "strategy": "combined"}, "ts": "2026-06-21T16:03:59.243696+00:00", "session_id": "5858b336", "level": "WARNING"}
  [bar 336] 2024-03-28 04:00:00+00:00 | 9 signals | equity=107,468 | regime=SIDEWAYS
StatArbStrategy.generate_signals: no pairs loaded. Call find_pairs() first.
{"event": "signal", "strategy": "momentum", "symbol": "NVDA", "direction": "BUY", "strength": 0.204426, "metadata": {"rank": 1.0, "sector": "Technology", "fallback": true}, "ts": "2026-06-21T16:03:59.481217+00:00", "session_id": "5858b336", "level": "INFO"}
{"event": "signal", "strategy": "momentum", "symbol": "JPM", "direction": "BUY", "strength": 0.690305, "metadata": {"rank": 0.9333333333333333, "sector": "Financials", "fallback": true}, "ts": "2026-06-21T16:03:59.482074+00:00", "session_id": "5858b336", "level": "INFO"}
{"event": "signal", "strategy": "momentum", "symbol": "AMZN", "direction": "BUY", "strength": 0.33104, "metadata": {"rank": 0.8666666666666667, "sector": "Consumer Discretionary", "fallback": true}, "ts": "2026-06-21T16:03:59.482587+00:00", "session_id": "5858b336", "level": "INFO"}
{"event": "signal", "strategy": "momentum", "symbol": "TSLA", "direction": "SELL", "strength": 0.16972, "metadata": {"rank": 0.2, "sector": "Consumer Discretionary", "fallback": true}, "ts": "2026-06-21T16:03:59.482810+00:00", "session_id": "5858b336", "level": "INFO"}
{"event": "signal", "strategy": "momentum", "symbol": "XOM", "direction": "SELL", "strength": 0.493584, "metadata": {"rank": 0.13333333333333333, "sector": "Energy", "fallback": true}, "ts": "2026-06-21T16:03:59.483285+00:00", "session_id": "5858b336", "level": "INFO"}
{"event": "signal", "strategy": "momentum", "symbol": "CAT", "direction": "BUY", "strength": 0.385746, "metadata": {"rank": 0.8, "sector": "Industrials", "fallback": true}, "ts": "2026-06-21T16:03:59.483730+00:00", "session_id": "5858b336", "level": "INFO"}
MeanReversion: no volume data supplied — volume filter bypassed
{"event": "signal", "strategy": "mean_reversion", "symbol": "AMZN", "direction": "SELL", "strength": 0.234008, "metadata": {"z": 1.2792, "rsi": 71.99, "rv": 0.1933}, "ts": "2026-06-21T16:03:59.510930+00:00", "session_id": "5858b336", "level": "INFO"}
{"event": "signal", "strategy": "mean_reversion", "symbol": "XOM", "direction": "SELL", "strength": 1.0, "metadata": {"z": 2.1969, "rsi": 84.09, "rv": 0.1247}, "ts": "2026-06-21T16:03:59.514351+00:00", "session_id": "5858b336", "level": "INFO"}
{"event": "signal", "strategy": "mean_reversion", "symbol": "CAT", "direction": "SELL", "strength": 0.589821, "metadata": {"z": 1.6978, "rsi": 78.0, "rv": 0.1831}, "ts": "2026-06-21T16:03:59.516165+00:00", "session_id": "5858b336", "level": "INFO"}
{"event": "signal", "strategy": "mean_reversion", "symbol": "GOOGL", "direction": "SELL", "strength": 0.910889, "metadata": {"z": 2.1551, "rsi": 83.45, "rv": 0.2681}, "ts": "2026-06-21T16:03:59.519596+00:00", "session_id": "5858b336", "level": "INFO"}
{"event": "signal", "strategy": "mean_reversion", "symbol": "NEE", "direction": "SELL", "strength": 0.754207, "metadata": {"z": 1.9443, "rsi": 72.86, "rv": 0.252}, "ts": "2026-06-21T16:03:59.522956+00:00", "session_id": "5858b336", "level": "INFO"}
{"event": "info", "message": "SignalGenerator: 11 raw \u2192 6 combined signals", "metadata": {"regime": "BEAR", "n_strategies": 4, "allocations": {"stat_arb": 0.25, "momentum": 0.15, "factor_model": 0.25, "mean_reversion": 0.3}}, "ts": "2026-06-21T16:03:59.523212+00:00", "session_id": "5858b336", "level": "INFO"}
ExecutionManager: net exposure limit reached (87.5% vs ±80%) — skipping JPM buy
{"event": "order", "order_id": "6386087b-d41", "symbol": "AMZN", "side": "sell", "qty": 44, "price": 0.0, "status": "submitted", "metadata": {"order_type": "market", "strategy": "combined"}, "ts": "2026-06-21T16:03:59.535068+00:00", "session_id": "5858b336", "level": "INFO"}
{"event": "risk_event", "event_type": "trade_rejected", "details": {"symbol": "XOM", "side": "sell", "qty": 197, "reason": "Individual short position 19.98% exceeds limit 5%", "strategy": "combined"}, "ts": "2026-06-21T16:03:59.539256+00:00", "session_id": "5858b336", "level": "WARNING"}
{"event": "risk_event", "event_type": "trade_rejected", "details": {"symbol": "GOOGL", "side": "sell", "qty": 77, "reason": "Individual short position 11.08% exceeds limit 5%", "strategy": "combined"}, "ts": "2026-06-21T16:03:59.543420+00:00", "session_id": "5858b336", "level": "WARNING"}
{"event": "risk_event", "event_type": "trade_rejected", "details": {"symbol": "NEE", "side": "sell", "qty": 183, "reason": "Individual short position 10.15% exceeds limit 5%", "strategy": "combined"}, "ts": "2026-06-21T16:03:59.547343+00:00", "session_id": "5858b336", "level": "WARNING"}
  [bar 337] 2024-04-01 04:00:00+00:00 | 6 signals | equity=107,150 | regime=BEAR
{"event": "fill", "order_id": "6386087b-d41", "fill_price": 178.9444134904404, "fill_qty": 44, "slippage_bps": 7.0137, "metadata": {"symbol": "AMZN", "side": "sell", "commission": 0.22, "strategy": "combined"}, "ts": "2026-06-21T16:03:59.550726+00:00", "session_id": "5858b336", "level": "INFO"}
StatArbStrategy.generate_signals: no pairs loaded. Call find_pairs() first.
{"event": "signal", "strategy": "momentum", "symbol": "NVDA", "direction": "BUY", "strength": 0.407311, "metadata": {"rank": 1.0, "sector": "Technology", "fallback": true}, "ts": "2026-06-21T16:03:59.790624+00:00", "session_id": "5858b336", "level": "INFO"}
{"event": "signal", "strategy": "momentum", "symbol": "JPM", "direction": "BUY", "strength": 1.0, "metadata": {"rank": 0.9333333333333333, "sector": "Financials", "fallback": true}, "ts": "2026-06-21T16:03:59.791447+00:00", "session_id": "5858b336", "level": "INFO"}
{"event": "signal", "strategy": "momentum", "symbol": "AMZN", "direction": "BUY", "strength": 0.681064, "metadata": {"rank": 0.8666666666666667, "sector": "Consumer Discretionary", "fallback": true}, "ts": "2026-06-21T16:03:59.791955+00:00", "session_id": "5858b336", "level": "INFO"}
{"event": "signal", "strategy": "momentum", "symbol": "TSLA", "direction": "SELL", "strength": 0.36089, "metadata": {"rank": 0.13333333333333333, "sector": "Consumer Discretionary", "fallback": true}, "ts": "2026-06-21T16:03:59.792170+00:00", "session_id": "5858b336", "level": "INFO"}
{"event": "signal", "strategy": "momentum", "symbol": "XOM", "direction": "SELL", "strength": 0.901313, "metadata": {"rank": 0.2, "sector": "Energy", "fallback": true}, "ts": "2026-06-21T16:03:59.792657+00:00", "session_id": "5858b336", "level": "INFO"}
{"event": "signal", "strategy": "momentum", "symbol": "CAT", "direction": "BUY", "strength": 0.771618, "metadata": {"rank": 0.8, "sector": "Industrials", "fallback": true}, "ts": "2026-06-21T16:03:59.793093+00:00", "session_id": "5858b336", "level": "INFO"}
{"event": "signal", "strategy": "factor_model", "symbol": "TSLA", "direction": "SELL", "strength": 0.548073, "metadata": {"composite_score": -1.6442179023451624}, "ts": "2026-06-21T16:03:59.807168+00:00", "session_id": "5858b336", "level": "INFO"}
{"event": "signal", "strategy": "factor_model", "symbol": "JPM", "direction": "BUY", "strength": 0.31193, "metadata": {"composite_score": 0.9357904257519247}, "ts": "2026-06-21T16:03:59.807508+00:00", "session_id": "5858b336", "level": "INFO"}
MeanReversion: no volume data supplied — volume filter bypassed
{"event": "signal", "strategy": "mean_reversion", "symbol": "UNH", "direction": "BUY", "strength": 1.0, "metadata": {"z": -2.5512, "rsi": 27.33, "rv": 0.286}, "ts": "2026-06-21T16:03:59.816060+00:00", "session_id": "5858b336", "level": "INFO"}
{"event": "signal", "strategy": "mean_reversion", "symbol": "XOM", "direction": "SELL", "strength": 1.0, "metadata": {"z": 2.4207, "rsi": 91.27, "rv": 0.1127}, "ts": "2026-06-21T16:03:59.824144+00:00", "session_id": "5858b336", "level": "INFO"}
{"event": "signal", "strategy": "mean_reversion", "symbol": "CAT", "direction": "SELL", "strength": 0.572573, "metadata": {"z": 1.6773, "rsi": 77.49, "rv": 0.1829}, "ts": "2026-06-21T16:03:59.826104+00:00", "session_id": "5858b336", "level": "INFO"}
{"event": "signal", "strategy": "mean_reversion", "symbol": "GOOGL", "direction": "SELL", "strength": 0.725253, "metadata": {"z": 1.8998, "rsi": 80.03, "rv": 0.2407}, "ts": "2026-06-21T16:03:59.829544+00:00", "session_id": "5858b336", "level": "INFO"}
{"event": "signal", "strategy": "mean_reversion", "symbol": "NEE", "direction": "SELL", "strength": 0.572889, "metadata": {"z": 1.7186, "rsi": 74.22, "rv": 0.2544}, "ts": "2026-06-21T16:03:59.832935+00:00", "session_id": "5858b336", "level": "INFO"}
{"event": "info", "message": "SignalGenerator: 13 raw \u2192 9 combined signals", "metadata": {"regime": "SIDEWAYS", "n_strategies": 4, "allocations": {"stat_arb": 0.25, "momentum": 0.3, "factor_model": 0.25, "mean_reversion": 0.18}}, "ts": "2026-06-21T16:03:59.833223+00:00", "session_id": "5858b336", "level": "INFO"}
{"event": "order", "order_id": "ac8a9e4e-abe", "symbol": "NVDA", "side": "buy", "qty": 71, "price": 0.0, "status": "submitted", "metadata": {"order_type": "market", "strategy": "combined"}, "ts": "2026-06-21T16:03:59.851955+00:00", "session_id": "5858b336", "level": "INFO"}
{"event": "order", "order_id": "50e9d2a5-5f4", "symbol": "AMZN", "side": "buy", "qty": 64, "price": 0.0, "status": "submitted", "metadata": {"order_type": "market", "strategy": "combined"}, "ts": "2026-06-21T16:03:59.856493+00:00", "session_id": "5858b336", "level": "INFO"}
{"event": "risk_event", "event_type": "trade_rejected", "details": {"symbol": "XOM", "side": "sell", "qty": 170, "reason": "Individual short position 17.87% exceeds limit 5%", "strategy": "combined"}, "ts": "2026-06-21T16:03:59.860740+00:00", "session_id": "5858b336", "level": "WARNING"}
{"event": "order", "order_id": "24a32eac-543", "symbol": "CAT", "side": "buy", "qty": 25, "price": 0.0, "status": "submitted", "metadata": {"order_type": "market", "strategy": "combined"}, "ts": "2026-06-21T16:03:59.864927+00:00", "session_id": "5858b336", "level": "INFO"}
{"event": "order", "order_id": "bc3be179-2c8", "symbol": "UNH", "side": "buy", "qty": 4, "price": 0.0, "status": "submitted", "metadata": {"order_type": "market", "strategy": "combined"}, "ts": "2026-06-21T16:03:59.868340+00:00", "session_id": "5858b336", "level": "INFO"}
{"event": "risk_event", "event_type": "trade_rejected", "details": {"symbol": "NEE", "side": "sell", "qty": 210, "reason": "Individual short position 11.74% exceeds limit 5%", "strategy": "combined"}, "ts": "2026-06-21T16:03:59.872583+00:00", "session_id": "5858b336", "level": "WARNING"}
  [bar 338] 2024-04-02 04:00:00+00:00 | 9 signals | equity=105,432 | regime=SIDEWAYS
{"event": "fill", "order_id": "50e9d2a5-5f4", "fill_price": 180.0262003291982, "fill_qty": 64, "slippage_bps": 7.0154, "metadata": {"symbol": "AMZN", "side": "buy", "commission": 0.32, "strategy": "combined"}, "ts": "2026-06-21T16:03:59.876093+00:00", "session_id": "5858b336", "level": "INFO"}
{"event": "fill", "order_id": "24a32eac-543", "fill_price": 354.7545695299157, "fill_qty": 25, "slippage_bps": 7.0406, "metadata": {"symbol": "CAT", "side": "buy", "commission": 0.125, "strategy": "combined"}, "ts": "2026-06-21T16:03:59.876662+00:00", "session_id": "5858b336", "level": "INFO"}
{"event": "fill", "order_id": "ac8a9e4e-abe", "fill_price": 88.39307040483835, "fill_qty": 71, "slippage_bps": 7.0099, "metadata": {"symbol": "NVDA", "side": "buy", "commission": 0.355, "strategy": "combined"}, "ts": "2026-06-21T16:03:59.878521+00:00", "session_id": "5858b336", "level": "INFO"}
{"event": "fill", "order_id": "bc3be179-2c8", "fill_price": 440.0539936076897, "fill_qty": 4, "slippage_bps": 7.0172, "metadata": {"symbol": "UNH", "side": "buy", "commission": 0.02, "strategy": "combined"}, "ts": "2026-06-21T16:03:59.879608+00:00", "session_id": "5858b336", "level": "INFO"}
StatArbStrategy.generate_signals: no pairs loaded. Call find_pairs() first.
{"event": "signal", "strategy": "momentum", "symbol": "NVDA", "direction": "BUY", "strength": 0.203498, "metadata": {"rank": 1.0, "sector": "Technology", "fallback": true}, "ts": "2026-06-21T16:04:00.172674+00:00", "session_id": "5858b336", "level": "INFO"}
{"event": "signal", "strategy": "momentum", "symbol": "JPM", "direction": "BUY", "strength": 0.689291, "metadata": {"rank": 0.9333333333333333, "sector": "Financials", "fallback": true}, "ts": "2026-06-21T16:04:00.173599+00:00", "session_id": "5858b336", "level": "INFO"}
{"event": "signal", "strategy": "momentum", "symbol": "AMZN", "direction": "BUY", "strength": 0.340174, "metadata": {"rank": 0.8666666666666667, "sector": "Consumer Discretionary", "fallback": true}, "ts": "2026-06-21T16:04:00.174147+00:00", "session_id": "5858b336", "level": "INFO"}
{"event": "signal", "strategy": "momentum", "symbol": "TSLA", "direction": "SELL", "strength": 0.166182, "metadata": {"rank": 0.2, "sector": "Consumer Discretionary", "fallback": true}, "ts": "2026-06-21T16:04:00.174422+00:00", "session_id": "5858b336", "level": "INFO"}
{"event": "signal", "strategy": "momentum", "symbol": "XOM", "direction": "SELL", "strength": 0.488005, "metadata": {"rank": 0.13333333333333333, "sector": "Energy", "fallback": true}, "ts": "2026-06-21T16:04:00.174905+00:00", "session_id": "5858b336", "level": "INFO"}
{"event": "signal", "strategy": "momentum", "symbol": "CAT", "direction": "BUY", "strength": 0.374633, "metadata": {"rank": 0.8, "sector": "Industrials", "fallback": true}, "ts": "2026-06-21T16:04:00.175407+00:00", "session_id": "5858b336", "level": "INFO"}
MeanReversion: no volume data supplied — volume filter bypassed
{"event": "signal", "strategy": "mean_reversion", "symbol": "JNJ", "direction": "BUY", "strength": 0.754544, "metadata": {"z": -1.853, "rsi": 23.24, "rv": 0.1305}, "ts": "2026-06-21T16:04:00.196444+00:00", "session_id": "5858b336", "level": "INFO"}
{"event": "signal", "strategy": "mean_reversion", "symbol": "UNH", "direction": "BUY", "strength": 1.0, "metadata": {"z": -2.3381, "rsi": 29.55, "rv": 0.2802}, "ts": "2026-06-21T16:04:00.198367+00:00", "session_id": "5858b336", "level": "INFO"}
{"event": "signal", "strategy": "mean_reversion", "symbol": "XOM", "direction": "SELL", "strength": 1.0, "metadata": {"z": 2.2722, "rsi": 90.41, "rv": 0.113}, "ts": "2026-06-21T16:04:00.206433+00:00", "session_id": "5858b336", "level": "INFO"}
{"event": "signal", "strategy": "mean_reversion", "symbol": "CAT", "direction": "SELL", "strength": 0.851584, "metadata": {"z": 2.0137, "rsi": 80.13, "rv": 0.1904}, "ts": "2026-06-21T16:04:00.208286+00:00", "session_id": "5858b336", "level": "INFO"}
{"event": "signal", "strategy": "mean_reversion", "symbol": "PG", "direction": "CLOSE", "strength": 1.0, "metadata": {"z": -0.2793, "action": "mean_reversion_exit"}, "ts": "2026-06-21T16:04:00.210080+00:00", "session_id": "5858b336", "level": "INFO"}
{"event": "signal", "strategy": "mean_reversion", "symbol": "GOOGL", "direction": "SELL", "strength": 0.711272, "metadata": {"z": 1.8798, "rsi": 79.31, "rv": 0.237}, "ts": "2026-06-21T16:04:00.211959+00:00", "session_id": "5858b336", "level": "INFO"}
{"event": "info", "message": "SignalGenerator: 12 raw \u2192 7 combined signals", "metadata": {"regime": "BEAR", "n_strategies": 4, "allocations": {"stat_arb": 0.25, "momentum": 0.15, "factor_model": 0.25, "mean_reversion": 0.3}}, "ts": "2026-06-21T16:04:00.215453+00:00", "session_id": "5858b336", "level": "INFO"}
ExecutionManager: net exposure limit reached (106.8% vs ±80%) — skipping JPM buy
ExecutionManager: net exposure limit reached (106.8% vs ±80%) — skipping JNJ buy
ExecutionManager: net exposure limit reached (106.8% vs ±80%) — skipping UNH buy
  [bar 339] 2024-04-03 04:00:00+00:00 | 7 signals | equity=105,582 | regime=BEAR
StatArbStrategy.generate_signals: no pairs loaded. Call find_pairs() first.
{"event": "signal", "strategy": "momentum", "symbol": "NVDA", "direction": "BUY", "strength": 0.410225, "metadata": {"rank": 1.0, "sector": "Technology", "fallback": true}, "ts": "2026-06-21T16:04:00.468951+00:00", "session_id": "5858b336", "level": "INFO"}
{"event": "signal", "strategy": "momentum", "symbol": "JPM", "direction": "BUY", "strength": 1.0, "metadata": {"rank": 0.9333333333333333, "sector": "Financials", "fallback": true}, "ts": "2026-06-21T16:04:00.470020+00:00", "session_id": "5858b336", "level": "INFO"}
{"event": "signal", "strategy": "momentum", "symbol": "AMZN", "direction": "BUY", "strength": 0.632966, "metadata": {"rank": 0.8, "sector": "Consumer Discretionary", "fallback": true}, "ts": "2026-06-21T16:04:00.470691+00:00", "session_id": "5858b336", "level": "INFO"}
{"event": "signal", "strategy": "momentum", "symbol": "TSLA", "direction": "SELL", "strength": 0.331913, "metadata": {"rank": 0.2, "sector": "Consumer Discretionary", "fallback": true}, "ts": "2026-06-21T16:04:00.470963+00:00", "session_id": "5858b336", "level": "INFO"}
{"event": "signal", "strategy": "momentum", "symbol": "XOM", "direction": "SELL", "strength": 1.0, "metadata": {"rank": 0.13333333333333333, "sector": "Energy", "fallback": true}, "ts": "2026-06-21T16:04:00.471530+00:00", "session_id": "5858b336", "level": "INFO"}
{"event": "signal", "strategy": "momentum", "symbol": "CAT", "direction": "BUY", "strength": 0.798311, "metadata": {"rank": 0.8666666666666667, "sector": "Industrials", "fallback": true}, "ts": "2026-06-21T16:04:00.472094+00:00", "session_id": "5858b336", "level": "INFO"}
MeanReversion: no volume data supplied — volume filter bypassed
{"event": "signal", "strategy": "mean_reversion", "symbol": "JNJ", "direction": "BUY", "strength": 1.0, "metadata": {"z": -2.4628, "rsi": 23.48, "rv": 0.1348}, "ts": "2026-06-21T16:04:00.496318+00:00", "session_id": "5858b336", "level": "INFO"}
{"event": "signal", "strategy": "mean_reversion", "symbol": "UNH", "direction": "BUY", "strength": 1.0, "metadata": {"z": -2.4343, "rsi": 26.8, "rv": 0.2818}, "ts": "2026-06-21T16:04:00.498149+00:00", "session_id": "5858b336", "level": "INFO"}
{"event": "signal", "strategy": "mean_reversion", "symbol": "XOM", "direction": "SELL", "strength": 1.0, "metadata": {"z": 2.2016, "rsi": 89.03, "rv": 0.112}, "ts": "2026-06-21T16:04:00.506555+00:00", "session_id": "5858b336", "level": "INFO"}
{"event": "signal", "strategy": "mean_reversion", "symbol": "CAT", "direction": "SELL", "strength": 0.588676, "metadata": {"z": 1.7098, "rsi": 72.31, "rv": 0.2058}, "ts": "2026-06-21T16:04:00.508397+00:00", "session_id": "5858b336", "level": "INFO"}
{"event": "info", "message": "SignalGenerator: 10 raw \u2192 8 combined signals", "metadata": {"regime": "SIDEWAYS", "n_strategies": 4, "allocations": {"stat_arb": 0.25, "momentum": 0.3, "factor_model": 0.25, "mean_reversion": 0.18}}, "ts": "2026-06-21T16:04:00.515059+00:00", "session_id": "5858b336", "level": "INFO"}
ExecutionManager: net exposure limit reached (106.8% vs ±80%) — skipping NVDA buy
ExecutionManager: net exposure limit reached (106.8% vs ±80%) — skipping JPM buy
ExecutionManager: net exposure limit reached (106.8% vs ±80%) — skipping AMZN buy
{"event": "risk_event", "event_type": "trade_rejected", "details": {"symbol": "XOM", "side": "sell", "qty": 140, "reason": "Individual short position 14.86% exceeds limit 5%", "strategy": "combined"}, "ts": "2026-06-21T16:04:00.535125+00:00", "session_id": "5858b336", "level": "WARNING"}
ExecutionManager: net exposure limit reached (106.8% vs ±80%) — skipping CAT buy
ExecutionManager: net exposure limit reached (106.8% vs ±80%) — skipping JNJ buy
ExecutionManager: net exposure limit reached (106.8% vs ±80%) — skipping UNH buy
  [bar 340] 2024-04-04 04:00:00+00:00 | 8 signals | equity=104,765 | regime=SIDEWAYS
StatArbStrategy.generate_signals: no pairs loaded. Call find_pairs() first.
{"event": "signal", "strategy": "momentum", "symbol": "NVDA", "direction": "BUY", "strength": 0.204784, "metadata": {"rank": 1.0, "sector": "Technology", "fallback": true}, "ts": "2026-06-21T16:04:00.877458+00:00", "session_id": "5858b336", "level": "INFO"}
{"event": "signal", "strategy": "momentum", "symbol": "UNH", "direction": "SELL", "strength": 0.331861, "metadata": {"rank": 0.2, "sector": "Healthcare", "fallback": true}, "ts": "2026-06-21T16:04:00.878119+00:00", "session_id": "5858b336", "level": "INFO"}
{"event": "signal", "strategy": "momentum", "symbol": "JPM", "direction": "BUY", "strength": 0.687377, "metadata": {"rank": 0.9333333333333333, "sector": "Financials", "fallback": true}, "ts": "2026-06-21T16:04:00.878663+00:00", "session_id": "5858b336", "level": "INFO"}
{"event": "signal", "strategy": "momentum", "symbol": "AMZN", "direction": "BUY", "strength": 0.337692, "metadata": {"rank": 0.8666666666666667, "sector": "Consumer Discretionary", "fallback": true}, "ts": "2026-06-21T16:04:00.879264+00:00", "session_id": "5858b336", "level": "INFO"}
{"event": "signal", "strategy": "momentum", "symbol": "XOM", "direction": "SELL", "strength": 0.506203, "metadata": {"rank": 0.13333333333333333, "sector": "Energy", "fallback": true}, "ts": "2026-06-21T16:04:00.879861+00:00", "session_id": "5858b336", "level": "INFO"}
{"event": "signal", "strategy": "momentum", "symbol": "CAT", "direction": "BUY", "strength": 0.361444, "metadata": {"rank": 0.8, "sector": "Industrials", "fallback": true}, "ts": "2026-06-21T16:04:00.880405+00:00", "session_id": "5858b336", "level": "INFO"}
MeanReversion: no volume data supplied — volume filter bypassed
{"event": "signal", "strategy": "mean_reversion", "symbol": "JNJ", "direction": "BUY", "strength": 1.0, "metadata": {"z": -2.3504, "rsi": 25.32, "rv": 0.1349}, "ts": "2026-06-21T16:04:00.903647+00:00", "session_id": "5858b336", "level": "INFO"}
{"event": "signal", "strategy": "mean_reversion", "symbol": "UNH", "direction": "BUY", "strength": 1.0, "metadata": {"z": -2.3025, "rsi": 25.3, "rv": 0.2766}, "ts": "2026-06-21T16:04:00.905478+00:00", "session_id": "5858b336", "level": "INFO"}
{"event": "signal", "strategy": "mean_reversion", "symbol": "AMZN", "direction": "SELL", "strength": 0.506004, "metadata": {"z": 1.6069, "rsi": 78.25, "rv": 0.1993}, "ts": "2026-06-21T16:04:00.910450+00:00", "session_id": "5858b336", "level": "INFO"}
{"event": "signal", "strategy": "mean_reversion", "symbol": "XOM", "direction": "SELL", "strength": 1.0, "metadata": {"z": 2.3057, "rsi": 92.01, "rv": 0.1155}, "ts": "2026-06-21T16:04:00.913829+00:00", "session_id": "5858b336", "level": "INFO"}
{"event": "signal", "strategy": "mean_reversion", "symbol": "CAT", "direction": "SELL", "strength": 0.80492, "metadata": {"z": 1.9792, "rsi": 74.15, "rv": 0.2165}, "ts": "2026-06-21T16:04:00.915650+00:00", "session_id": "5858b336", "level": "INFO"}
{"event": "signal", "strategy": "mean_reversion", "symbol": "GOOGL", "direction": "SELL", "strength": 0.295229, "metadata": {"z": 1.3715, "rsi": 71.01, "rv": 0.2585}, "ts": "2026-06-21T16:04:00.919065+00:00", "session_id": "5858b336", "level": "INFO"}
{"event": "info", "message": "SignalGenerator: 12 raw \u2192 7 combined signals", "metadata": {"regime": "BEAR", "n_strategies": 4, "allocations": {"stat_arb": 0.25, "momentum": 0.15, "factor_model": 0.25, "mean_reversion": 0.3}}, "ts": "2026-06-21T16:04:00.922848+00:00", "session_id": "5858b336", "level": "INFO"}
{"event": "order", "order_id": "44ac89b0-090", "symbol": "UNH", "side": "sell", "qty": 48, "price": 0.0, "status": "submitted", "metadata": {"order_type": "market", "strategy": "combined"}, "ts": "2026-06-21T16:04:00.935882+00:00", "session_id": "5858b336", "level": "INFO"}
ExecutionManager: net exposure limit reached (106.7% vs ±80%) — skipping JPM buy
{"event": "risk_event", "event_type": "trade_rejected", "details": {"symbol": "XOM", "side": "sell", "qty": 122, "reason": "Individual short position 12.95% exceeds limit 5%", "strategy": "combined"}, "ts": "2026-06-21T16:04:00.941630+00:00", "session_id": "5858b336", "level": "WARNING"}
ExecutionManager: net exposure limit reached (106.7% vs ±80%) — skipping JNJ buy
  [bar 341] 2024-04-05 04:00:00+00:00 | 7 signals | equity=106,182 | regime=BEAR
{"event": "fill", "order_id": "44ac89b0-090", "fill_price": 433.6995076334745, "fill_qty": 48, "slippage_bps": 7.0589, "metadata": {"symbol": "UNH", "side": "sell", "commission": 0.24, "strategy": "combined"}, "ts": "2026-06-21T16:04:00.947664+00:00", "session_id": "5858b336", "level": "INFO"}
StatArbStrategy.generate_signals: no pairs loaded. Call find_pairs() first.
{"event": "signal", "strategy": "momentum", "symbol": "NVDA", "direction": "BUY", "strength": 0.409121, "metadata": {"rank": 1.0, "sector": "Technology", "fallback": true}, "ts": "2026-06-21T16:04:01.220371+00:00", "session_id": "5858b336", "level": "INFO"}
{"event": "signal", "strategy": "momentum", "symbol": "UNH", "direction": "SELL", "strength": 0.718798, "metadata": {"rank": 0.13333333333333333, "sector": "Healthcare", "fallback": true}, "ts": "2026-06-21T16:04:01.220956+00:00", "session_id": "5858b336", "level": "INFO"}
{"event": "signal", "strategy": "momentum", "symbol": "JPM", "direction": "BUY", "strength": 1.0, "metadata": {"rank": 0.9333333333333333, "sector": "Financials", "fallback": true}, "ts": "2026-06-21T16:04:01.221490+00:00", "session_id": "5858b336", "level": "INFO"}
{"event": "signal", "strategy": "momentum", "symbol": "AMZN", "direction": "BUY", "strength": 0.626348, "metadata": {"rank": 0.8, "sector": "Consumer Discretionary", "fallback": true}, "ts": "2026-06-21T16:04:01.222014+00:00", "session_id": "5858b336", "level": "INFO"}
{"event": "signal", "strategy": "momentum", "symbol": "XOM", "direction": "SELL", "strength": 0.93955, "metadata": {"rank": 0.2, "sector": "Energy", "fallback": true}, "ts": "2026-06-21T16:04:01.222536+00:00", "session_id": "5858b336", "level": "INFO"}
{"event": "signal", "strategy": "momentum", "symbol": "CAT", "direction": "BUY", "strength": 0.770155, "metadata": {"rank": 0.8666666666666667, "sector": "Industrials", "fallback": true}, "ts": "2026-06-21T16:04:01.223012+00:00", "session_id": "5858b336", "level": "INFO"}
MeanReversion: no volume data supplied — volume filter bypassed
{"event": "signal", "strategy": "mean_reversion", "symbol": "JNJ", "direction": "BUY", "strength": 1.0, "metadata": {"z": -2.4956, "rsi": 26.73, "rv": 0.1333}, "ts": "2026-06-21T16:04:01.243819+00:00", "session_id": "5858b336", "level": "INFO"}
{"event": "signal", "strategy": "mean_reversion", "symbol": "UNH", "direction": "BUY", "strength": 0.932656, "metadata": {"z": -2.1908, "rsi": 27.0, "rv": 0.2768}, "ts": "2026-06-21T16:04:01.245826+00:00", "session_id": "5858b336", "level": "INFO"}
{"event": "signal", "strategy": "mean_reversion", "symbol": "AMZN", "direction": "SELL", "strength": 0.478291, "metadata": {"z": 1.5718, "rsi": 78.32, "rv": 0.1955}, "ts": "2026-06-21T16:04:01.250792+00:00", "session_id": "5858b336", "level": "INFO"}
{"event": "signal", "strategy": "mean_reversion", "symbol": "XOM", "direction": "SELL", "strength": 0.955189, "metadata": {"z": 2.0731, "rsi": 84.93, "rv": 0.1235}, "ts": "2026-06-21T16:04:01.255467+00:00", "session_id": "5858b336", "level": "INFO"}
{"event": "signal", "strategy": "mean_reversion", "symbol": "NEE", "direction": "SELL", "strength": 0.972871, "metadata": {"z": 2.2152, "rsi": 70.48, "rv": 0.2491}, "ts": "2026-06-21T16:04:01.266750+00:00", "session_id": "5858b336", "level": "INFO"}
{"event": "info", "message": "SignalGenerator: 11 raw \u2192 8 combined signals", "metadata": {"regime": "SIDEWAYS", "n_strategies": 4, "allocations": {"stat_arb": 0.25, "momentum": 0.3, "factor_model": 0.25, "mean_reversion": 0.18}}, "ts": "2026-06-21T16:04:01.267096+00:00", "session_id": "5858b336", "level": "INFO"}
ExecutionManager: net exposure limit reached (87.1% vs ±80%) — skipping NVDA buy
ExecutionManager: net exposure limit reached (87.1% vs ±80%) — skipping JPM buy
{"event": "order", "order_id": "3ee9ded0-a07", "symbol": "AMZN", "side": "sell", "qty": 64, "price": 0.0, "status": "submitted", "metadata": {"order_type": "market", "strategy": "combined"}, "ts": "2026-06-21T16:04:01.285971+00:00", "session_id": "5858b336", "level": "INFO"}
{"event": "risk_event", "event_type": "trade_rejected", "details": {"symbol": "XOM", "side": "sell", "qty": 128, "reason": "Individual short position 13.53% exceeds limit 5%", "strategy": "combined"}, "ts": "2026-06-21T16:04:01.293324+00:00", "session_id": "5858b336", "level": "WARNING"}
ExecutionManager: net exposure limit reached (87.1% vs ±80%) — skipping CAT buy
ExecutionManager: net exposure limit reached (87.1% vs ±80%) — skipping JNJ buy
{"event": "risk_event", "event_type": "trade_rejected", "details": {"symbol": "NEE", "side": "sell", "qty": 178, "reason": "Individual short position 10.22% exceeds limit 5%", "strategy": "combined"}, "ts": "2026-06-21T16:04:01.300746+00:00", "session_id": "5858b336", "level": "WARNING"}
  [bar 342] 2024-04-08 04:00:00+00:00 | 8 signals | equity=105,928 | regime=SIDEWAYS
{"event": "fill", "order_id": "3ee9ded0-a07", "fill_price": 187.10865827641746, "fill_qty": 64, "slippage_bps": 7.0149, "metadata": {"symbol": "AMZN", "side": "sell", "commission": 0.32, "strategy": "combined"}, "ts": "2026-06-21T16:04:01.305999+00:00", "session_id": "5858b336", "level": "INFO"}
StatArbStrategy.generate_signals: no pairs loaded. Call find_pairs() first.
{"event": "signal", "strategy": "momentum", "symbol": "NVDA", "direction": "BUY", "strength": 0.203119, "metadata": {"rank": 1.0, "sector": "Technology", "fallback": true}, "ts": "2026-06-21T16:04:01.563456+00:00", "session_id": "5858b336", "level": "INFO"}
{"event": "signal", "strategy": "momentum", "symbol": "UNH", "direction": "SELL", "strength": 0.358419, "metadata": {"rank": 0.13333333333333333, "sector": "Healthcare", "fallback": true}, "ts": "2026-06-21T16:04:01.564213+00:00", "session_id": "5858b336", "level": "INFO"}
{"event": "signal", "strategy": "momentum", "symbol": "JPM", "direction": "BUY", "strength": 0.683662, "metadata": {"rank": 0.9333333333333333, "sector": "Financials", "fallback": true}, "ts": "2026-06-21T16:04:01.564804+00:00", "session_id": "5858b336", "level": "INFO"}
{"event": "signal", "strategy": "momentum", "symbol": "AMZN", "direction": "BUY", "strength": 0.339717, "metadata": {"rank": 0.8666666666666667, "sector": "Consumer Discretionary", "fallback": true}, "ts": "2026-06-21T16:04:01.565432+00:00", "session_id": "5858b336", "level": "INFO"}
{"event": "signal", "strategy": "momentum", "symbol": "XOM", "direction": "SELL", "strength": 0.470161, "metadata": {"rank": 0.2, "sector": "Energy", "fallback": true}, "ts": "2026-06-21T16:04:01.566025+00:00", "session_id": "5858b336", "level": "INFO"}
{"event": "signal", "strategy": "momentum", "symbol": "CAT", "direction": "BUY", "strength": 0.355505, "metadata": {"rank": 0.8, "sector": "Industrials", "fallback": true}, "ts": "2026-06-21T16:04:01.566568+00:00", "session_id": "5858b336", "level": "INFO"}
MeanReversion: no volume data supplied — volume filter bypassed
{"event": "signal", "strategy": "mean_reversion", "symbol": "UNH", "direction": "BUY", "strength": 0.744251, "metadata": {"z": -1.9372, "rsi": 24.13, "rv": 0.2593}, "ts": "2026-06-21T16:04:01.590639+00:00", "session_id": "5858b336", "level": "INFO"}
{"event": "signal", "strategy": "mean_reversion", "symbol": "AMZN", "direction": "SELL", "strength": 0.486447, "metadata": {"z": 1.5725, "rsi": 77.18, "rv": 0.177}, "ts": "2026-06-21T16:04:01.595657+00:00", "session_id": "5858b336", "level": "INFO"}
{"event": "signal", "strategy": "mean_reversion", "symbol": "XOM", "direction": "SELL", "strength": 0.939518, "metadata": {"z": 2.0555, "rsi": 84.72, "rv": 0.1234}, "ts": "2026-06-21T16:04:01.599076+00:00", "session_id": "5858b336", "level": "INFO"}
{"event": "signal", "strategy": "mean_reversion", "symbol": "GOOGL", "direction": "SELL", "strength": 0.7039, "metadata": {"z": 1.8858, "rsi": 70.03, "rv": 0.2584}, "ts": "2026-06-21T16:04:01.604042+00:00", "session_id": "5858b336", "level": "INFO"}
{"event": "info", "message": "SignalGenerator: 10 raw \u2192 5 combined signals", "metadata": {"regime": "BEAR", "n_strategies": 4, "allocations": {"stat_arb": 0.25, "momentum": 0.15, "factor_model": 0.25, "mean_reversion": 0.3}}, "ts": "2026-06-21T16:04:01.607693+00:00", "session_id": "5858b336", "level": "INFO"}
{"event": "risk_event", "event_type": "trade_rejected", "details": {"symbol": "XOM", "side": "sell", "qty": 136, "reason": "Individual short position 14.45% exceeds limit 5%", "strategy": "combined"}, "ts": "2026-06-21T16:04:01.622362+00:00", "session_id": "5858b336", "level": "WARNING"}
  [bar 343] 2024-04-09 04:00:00+00:00 | 5 signals | equity=105,953 | regime=BEAR
StatArbStrategy.generate_signals: no pairs loaded. Call find_pairs() first.
{"event": "signal", "strategy": "momentum", "symbol": "MSFT", "direction": "BUY", "strength": 0.842443, "metadata": {"rank": 0.8, "sector": "Technology", "fallback": true}, "ts": "2026-06-21T16:04:01.869440+00:00", "session_id": "5858b336", "level": "INFO"}
{"event": "signal", "strategy": "momentum", "symbol": "NVDA", "direction": "BUY", "strength": 0.406053, "metadata": {"rank": 1.0, "sector": "Technology", "fallback": true}, "ts": "2026-06-21T16:04:01.869829+00:00", "session_id": "5858b336", "level": "INFO"}
{"event": "signal", "strategy": "momentum", "symbol": "UNH", "direction": "SELL", "strength": 0.734658, "metadata": {"rank": 0.13333333333333333, "sector": "Healthcare", "fallback": true}, "ts": "2026-06-21T16:04:01.870469+00:00", "session_id": "5858b336", "level": "INFO"}
{"event": "signal", "strategy": "momentum", "symbol": "JPM", "direction": "BUY", "strength": 1.0, "metadata": {"rank": 0.9333333333333333, "sector": "Financials", "fallback": true}, "ts": "2026-06-21T16:04:01.871037+00:00", "session_id": "5858b336", "level": "INFO"}
{"event": "signal", "strategy": "momentum", "symbol": "AMZN", "direction": "BUY", "strength": 0.680369, "metadata": {"rank": 0.8666666666666667, "sector": "Consumer Discretionary", "fallback": true}, "ts": "2026-06-21T16:04:01.871677+00:00", "session_id": "5858b336", "level": "INFO"}
{"event": "signal", "strategy": "momentum", "symbol": "XOM", "direction": "SELL", "strength": 0.944789, "metadata": {"rank": 0.2, "sector": "Energy", "fallback": true}, "ts": "2026-06-21T16:04:01.872201+00:00", "session_id": "5858b336", "level": "INFO"}
MeanReversion: no volume data supplied — volume filter bypassed
{"event": "signal", "strategy": "mean_reversion", "symbol": "AAPL", "direction": "BUY", "strength": 0.341169, "metadata": {"z": -1.4147, "rsi": 28.64, "rv": 0.2155}, "ts": "2026-06-21T16:04:01.888787+00:00", "session_id": "5858b336", "level": "INFO"}
{"event": "signal", "strategy": "mean_reversion", "symbol": "JNJ", "direction": "BUY", "strength": 1.0, "metadata": {"z": -2.6766, "rsi": 28.45, "rv": 0.124}, "ts": "2026-06-21T16:04:01.893822+00:00", "session_id": "5858b336", "level": "INFO"}
{"event": "signal", "strategy": "mean_reversion", "symbol": "UNH", "direction": "BUY", "strength": 1.0, "metadata": {"z": -2.2884, "rsi": 20.03, "rv": 0.2667}, "ts": "2026-06-21T16:04:01.895709+00:00", "session_id": "5858b336", "level": "INFO"}
{"event": "signal", "strategy": "mean_reversion", "symbol": "AMZN", "direction": "SELL", "strength": 0.477057, "metadata": {"z": 1.5566, "rsi": 74.37, "rv": 0.1668}, "ts": "2026-06-21T16:04:01.900649+00:00", "session_id": "5858b336", "level": "INFO"}
{"event": "signal", "strategy": "mean_reversion", "symbol": "XOM", "direction": "SELL", "strength": 0.970555, "metadata": {"z": 2.0829, "rsi": 86.63, "rv": 0.1157}, "ts": "2026-06-21T16:04:01.904083+00:00", "session_id": "5858b336", "level": "INFO"}
{"event": "signal", "strategy": "mean_reversion", "symbol": "LIN", "direction": "CLOSE", "strength": 1.0, "metadata": {"z": 0.421, "action": "mean_reversion_exit"}, "ts": "2026-06-21T16:04:01.910540+00:00", "session_id": "5858b336", "level": "INFO"}
{"event": "info", "message": "SignalGenerator: 12 raw \u2192 9 combined signals", "metadata": {"regime": "SIDEWAYS", "n_strategies": 4, "allocations": {"stat_arb": 0.25, "momentum": 0.3, "factor_model": 0.25, "mean_reversion": 0.18}}, "ts": "2026-06-21T16:04:01.912502+00:00", "session_id": "5858b336", "level": "INFO"}
{"event": "order", "order_id": "d0049f95-52d", "symbol": "AMZN", "side": "buy", "qty": 30, "price": 0.0, "status": "submitted", "metadata": {"order_type": "market", "strategy": "combined"}, "ts": "2026-06-21T16:04:01.931652+00:00", "session_id": "5858b336", "level": "INFO"}
{"event": "risk_event", "event_type": "trade_rejected", "details": {"symbol": "XOM", "side": "sell", "qty": 185, "reason": "Individual short position 19.91% exceeds limit 5%", "strategy": "combined"}, "ts": "2026-06-21T16:04:01.936447+00:00", "session_id": "5858b336", "level": "WARNING"}
{"event": "order", "order_id": "a69a9750-d00", "symbol": "JNJ", "side": "buy", "qty": 132, "price": 0.0, "status": "submitted", "metadata": {"order_type": "market", "strategy": "combined"}, "ts": "2026-06-21T16:04:01.940427+00:00", "session_id": "5858b336", "level": "INFO"}
  [bar 344] 2024-04-10 04:00:00+00:00 | 9 signals | equity=105,500 | regime=SIDEWAYS
{"event": "fill", "order_id": "d0049f95-52d", "fill_price": 186.87090905133746, "fill_qty": 30, "slippage_bps": 7.0099, "metadata": {"symbol": "AMZN", "side": "buy", "commission": 0.15, "strategy": "combined"}, "ts": "2026-06-21T16:04:01.943958+00:00", "session_id": "5858b336", "level": "INFO"}
{"event": "fill", "order_id": "a69a9750-d00", "fill_price": 141.43850159829987, "fill_qty": 132, "slippage_bps": 7.0335, "metadata": {"symbol": "JNJ", "side": "buy", "commission": 0.66, "strategy": "combined"}, "ts": "2026-06-21T16:04:01.945067+00:00", "session_id": "5858b336", "level": "INFO"}
StatArbStrategy.generate_signals: no pairs loaded. Call find_pairs() first.
{"event": "signal", "strategy": "momentum", "symbol": "NVDA", "direction": "BUY", "strength": 0.202039, "metadata": {"rank": 1.0, "sector": "Technology", "fallback": true}, "ts": "2026-06-21T16:04:02.183543+00:00", "session_id": "5858b336", "level": "INFO"}
{"event": "signal", "strategy": "momentum", "symbol": "UNH", "direction": "SELL", "strength": 0.363753, "metadata": {"rank": 0.13333333333333333, "sector": "Healthcare", "fallback": true}, "ts": "2026-06-21T16:04:02.184110+00:00", "session_id": "5858b336", "level": "INFO"}
{"event": "signal", "strategy": "momentum", "symbol": "JPM", "direction": "BUY", "strength": 0.687277, "metadata": {"rank": 0.9333333333333333, "sector": "Financials", "fallback": true}, "ts": "2026-06-21T16:04:02.184585+00:00", "session_id": "5858b336", "level": "INFO"}
{"event": "signal", "strategy": "momentum", "symbol": "AMZN", "direction": "BUY", "strength": 0.34005, "metadata": {"rank": 0.8666666666666667, "sector": "Consumer Discretionary", "fallback": true}, "ts": "2026-06-21T16:04:02.185080+00:00", "session_id": "5858b336", "level": "INFO"}
{"event": "signal", "strategy": "momentum", "symbol": "TSLA", "direction": "SELL", "strength": 0.160853, "metadata": {"rank": 0.2, "sector": "Consumer Discretionary", "fallback": true}, "ts": "2026-06-21T16:04:02.185310+00:00", "session_id": "5858b336", "level": "INFO"}
{"event": "signal", "strategy": "momentum", "symbol": "CAT", "direction": "BUY", "strength": 0.360035, "metadata": {"rank": 0.8, "sector": "Industrials", "fallback": true}, "ts": "2026-06-21T16:04:02.185989+00:00", "session_id": "5858b336", "level": "INFO"}
MeanReversion: no volume data supplied — volume filter bypassed
{"event": "signal", "strategy": "mean_reversion", "symbol": "JNJ", "direction": "BUY", "strength": 1.0, "metadata": {"z": -2.8945, "rsi": 25.66, "rv": 0.1236}, "ts": "2026-06-21T16:04:02.206998+00:00", "session_id": "5858b336", "level": "INFO"}
{"event": "signal", "strategy": "mean_reversion", "symbol": "UNH", "direction": "BUY", "strength": 1.0, "metadata": {"z": -2.5128, "rsi": 18.57, "rv": 0.2715}, "ts": "2026-06-21T16:04:02.208861+00:00", "session_id": "5858b336", "level": "INFO"}
{"event": "signal", "strategy": "mean_reversion", "symbol": "AMZN", "direction": "SELL", "strength": 0.714744, "metadata": {"z": 1.8386, "rsi": 78.53, "rv": 0.1733}, "ts": "2026-06-21T16:04:02.213817+00:00", "session_id": "5858b336", "level": "INFO"}
{"event": "signal", "strategy": "mean_reversion", "symbol": "XOM", "direction": "SELL", "strength": 0.838077, "metadata": {"z": 1.9375, "rsi": 83.25, "rv": 0.1187}, "ts": "2026-06-21T16:04:02.217188+00:00", "session_id": "5858b336", "level": "INFO"}
{"event": "signal", "strategy": "mean_reversion", "symbol": "GOOGL", "direction": "SELL", "strength": 0.881826, "metadata": {"z": 2.116, "rsi": 73.84, "rv": 0.2656}, "ts": "2026-06-21T16:04:02.222150+00:00", "session_id": "5858b336", "level": "INFO"}
{"event": "info", "message": "SignalGenerator: 11 raw \u2192 6 combined signals", "metadata": {"regime": "BEAR", "n_strategies": 4, "allocations": {"stat_arb": 0.25, "momentum": 0.15, "factor_model": 0.25, "mean_reversion": 0.3}}, "ts": "2026-06-21T16:04:02.225638+00:00", "session_id": "5858b336", "level": "INFO"}
ExecutionManager: net exposure limit reached (98.7% vs ±80%) — skipping JPM buy
ExecutionManager: net exposure limit reached (98.7% vs ±80%) — skipping JNJ buy
{"event": "risk_event", "event_type": "trade_rejected", "details": {"symbol": "XOM", "side": "sell", "qty": 151, "reason": "Individual short position 15.99% exceeds limit 5%", "strategy": "combined"}, "ts": "2026-06-21T16:04:02.243266+00:00", "session_id": "5858b336", "level": "WARNING"}
  [bar 345] 2024-04-11 04:00:00+00:00 | 6 signals | equity=106,826 | regime=BEAR
StatArbStrategy.generate_signals: no pairs loaded. Call find_pairs() first.
{"event": "signal", "strategy": "momentum", "symbol": "NVDA", "direction": "BUY", "strength": 0.400483, "metadata": {"rank": 1.0, "sector": "Technology", "fallback": true}, "ts": "2026-06-21T16:04:02.494658+00:00", "session_id": "5858b336", "level": "INFO"}
{"event": "signal", "strategy": "momentum", "symbol": "UNH", "direction": "SELL", "strength": 0.676224, "metadata": {"rank": 0.2, "sector": "Healthcare", "fallback": true}, "ts": "2026-06-21T16:04:02.495275+00:00", "session_id": "5858b336", "level": "INFO"}
{"event": "signal", "strategy": "momentum", "symbol": "JPM", "direction": "BUY", "strength": 0.815214, "metadata": {"rank": 0.8, "sector": "Financials", "fallback": true}, "ts": "2026-06-21T16:04:02.495763+00:00", "session_id": "5858b336", "level": "INFO"}
{"event": "signal", "strategy": "momentum", "symbol": "AMZN", "direction": "BUY", "strength": 0.727795, "metadata": {"rank": 0.9333333333333333, "sector": "Consumer Discretionary", "fallback": true}, "ts": "2026-06-21T16:04:02.496304+00:00", "session_id": "5858b336", "level": "INFO"}
{"event": "signal", "strategy": "momentum", "symbol": "TSLA", "direction": "SELL", "strength": 0.348464, "metadata": {"rank": 0.13333333333333333, "sector": "Consumer Discretionary", "fallback": true}, "ts": "2026-06-21T16:04:02.496554+00:00", "session_id": "5858b336", "level": "INFO"}
{"event": "signal", "strategy": "momentum", "symbol": "CAT", "direction": "BUY", "strength": 0.80654, "metadata": {"rank": 0.8666666666666667, "sector": "Industrials", "fallback": true}, "ts": "2026-06-21T16:04:02.497279+00:00", "session_id": "5858b336", "level": "INFO"}
MeanReversion: no volume data supplied — volume filter bypassed
{"event": "signal", "strategy": "mean_reversion", "symbol": "AAPL", "direction": "CLOSE", "strength": 1.0, "metadata": {"z": -0.3405, "action": "mean_reversion_exit"}, "ts": "2026-06-21T16:04:02.513781+00:00", "session_id": "5858b336", "level": "INFO"}
{"event": "signal", "strategy": "mean_reversion", "symbol": "JNJ", "direction": "BUY", "strength": 1.0, "metadata": {"z": -2.9986, "rsi": 24.39, "rv": 0.1214}, "ts": "2026-06-21T16:04:02.518761+00:00", "session_id": "5858b336", "level": "INFO"}
{"event": "signal", "strategy": "mean_reversion", "symbol": "UNH", "direction": "BUY", "strength": 1.0, "metadata": {"z": -2.4641, "rsi": 18.36, "rv": 0.2702}, "ts": "2026-06-21T16:04:02.520566+00:00", "session_id": "5858b336", "level": "INFO"}
{"event": "signal", "strategy": "mean_reversion", "symbol": "JPM", "direction": "CLOSE", "strength": 1.0, "metadata": {"z": -0.111, "action": "mean_reversion_exit"}, "ts": "2026-06-21T16:04:02.522378+00:00", "session_id": "5858b336", "level": "INFO"}
{"event": "signal", "strategy": "mean_reversion", "symbol": "XOM", "direction": "SELL", "strength": 0.608806, "metadata": {"z": 1.6843, "rsi": 74.75, "rv": 0.124}, "ts": "2026-06-21T16:04:02.528811+00:00", "session_id": "5858b336", "level": "INFO"}
{"event": "info", "message": "SignalGenerator: 11 raw \u2192 9 combined signals", "metadata": {"regime": "SIDEWAYS", "n_strategies": 4, "allocations": {"stat_arb": 0.25, "momentum": 0.3, "factor_model": 0.25, "mean_reversion": 0.18}}, "ts": "2026-06-21T16:04:02.536924+00:00", "session_id": "5858b336", "level": "INFO"}
ExecutionManager: net exposure limit reached (98.7% vs ±80%) — skipping NVDA buy
{"event": "order", "order_id": "0a4e388e-210", "symbol": "JPM", "side": "sell", "qty": 126, "price": 0.0, "status": "submitted", "metadata": {"order_type": "market", "strategy": "combined"}, "ts": "2026-06-21T16:04:02.552602+00:00", "session_id": "5858b336", "level": "INFO"}
ExecutionManager: net exposure limit reached (98.7% vs ±80%) — skipping AMZN buy
ExecutionManager: net exposure limit reached (98.7% vs ±80%) — skipping CAT buy
{"event": "order", "order_id": "06f1d9fa-d45", "symbol": "AAPL", "side": "sell", "qty": 117, "price": 0.0, "status": "submitted", "metadata": {"order_type": "market", "strategy": "combined"}, "ts": "2026-06-21T16:04:02.552936+00:00", "session_id": "5858b336", "level": "INFO"}
ExecutionManager: net exposure limit reached (98.7% vs ±80%) — skipping JNJ buy
{"event": "risk_event", "event_type": "trade_rejected", "details": {"symbol": "XOM", "side": "sell", "qty": 186, "reason": "Individual short position 19.92% exceeds limit 5%", "strategy": "combined"}, "ts": "2026-06-21T16:04:02.560057+00:00", "session_id": "5858b336", "level": "WARNING"}
  [bar 346] 2024-04-12 04:00:00+00:00 | 9 signals | equity=104,398 | regime=SIDEWAYS
{"event": "fill", "order_id": "06f1d9fa-d45", "fill_price": 173.49655900046707, "fill_qty": 117, "slippage_bps": 7.0237, "metadata": {"symbol": "AAPL", "side": "sell", "commission": 0.585, "strategy": "combined"}, "ts": "2026-06-21T16:04:02.564409+00:00", "session_id": "5858b336", "level": "INFO"}
{"event": "fill", "order_id": "0a4e388e-210", "fill_price": 176.75321233269926, "fill_qty": 126, "slippage_bps": 7.0633, "metadata": {"symbol": "JPM", "side": "sell", "commission": 0.63, "strategy": "combined"}, "ts": "2026-06-21T16:04:02.566429+00:00", "session_id": "5858b336", "level": "INFO"}
StatArbStrategy.generate_signals: no pairs loaded. Call find_pairs() first.
{"event": "signal", "strategy": "momentum", "symbol": "MSFT", "direction": "BUY", "strength": 0.405984, "metadata": {"rank": 0.8, "sector": "Technology", "fallback": true}, "ts": "2026-06-21T16:04:02.806778+00:00", "session_id": "5858b336", "level": "INFO"}
{"event": "signal", "strategy": "momentum", "symbol": "NVDA", "direction": "BUY", "strength": 0.198697, "metadata": {"rank": 1.0, "sector": "Technology", "fallback": true}, "ts": "2026-06-21T16:04:02.807096+00:00", "session_id": "5858b336", "level": "INFO"}
{"event": "signal", "strategy": "momentum", "symbol": "JNJ", "direction": "SELL", "strength": 0.651552, "metadata": {"rank": 0.2, "sector": "Healthcare", "fallback": true}, "ts": "2026-06-21T16:04:02.807617+00:00", "session_id": "5858b336", "level": "INFO"}
{"event": "signal", "strategy": "momentum", "symbol": "AMZN", "direction": "BUY", "strength": 0.361458, "metadata": {"rank": 0.9333333333333333, "sector": "Consumer Discretionary", "fallback": true}, "ts": "2026-06-21T16:04:02.808464+00:00", "session_id": "5858b336", "level": "INFO"}
{"event": "signal", "strategy": "momentum", "symbol": "TSLA", "direction": "SELL", "strength": 0.170334, "metadata": {"rank": 0.13333333333333333, "sector": "Consumer Discretionary", "fallback": true}, "ts": "2026-06-21T16:04:02.808736+00:00", "session_id": "5858b336", "level": "INFO"}
{"event": "signal", "strategy": "momentum", "symbol": "CAT", "direction": "BUY", "strength": 0.402664, "metadata": {"rank": 0.8666666666666667, "sector": "Industrials", "fallback": true}, "ts": "2026-06-21T16:04:02.809467+00:00", "session_id": "5858b336", "level": "INFO"}
MeanReversion: no volume data supplied — volume filter bypassed
{"event": "signal", "strategy": "mean_reversion", "symbol": "MSFT", "direction": "CLOSE", "strength": 1.0, "metadata": {"z": 0.0868, "action": "mean_reversion_exit"}, "ts": "2026-06-21T16:04:02.827127+00:00", "session_id": "5858b336", "level": "INFO"}
{"event": "signal", "strategy": "mean_reversion", "symbol": "JNJ", "direction": "BUY", "strength": 1.0, "metadata": {"z": -2.7356, "rsi": 24.75, "rv": 0.1218}, "ts": "2026-06-21T16:04:02.830693+00:00", "session_id": "5858b336", "level": "INFO"}
{"event": "signal", "strategy": "mean_reversion", "symbol": "UNH", "direction": "BUY", "strength": 0.828355, "metadata": {"z": -2.0584, "rsi": 25.64, "rv": 0.2777}, "ts": "2026-06-21T16:04:02.832601+00:00", "session_id": "5858b336", "level": "INFO"}
{"event": "info", "message": "SignalGenerator: 9 raw \u2192 3 combined signals", "metadata": {"regime": "BEAR", "n_strategies": 4, "allocations": {"stat_arb": 0.25, "momentum": 0.15, "factor_model": 0.25, "mean_reversion": 0.3}}, "ts": "2026-06-21T16:04:02.850257+00:00", "session_id": "5858b336", "level": "INFO"}
{"event": "order", "order_id": "064a109b-4f2", "symbol": "MSFT", "side": "sell", "qty": 52, "price": 0.0, "status": "submitted", "metadata": {"order_type": "market", "strategy": "combined"}, "ts": "2026-06-21T16:04:02.861272+00:00", "session_id": "5858b336", "level": "INFO"}
{"event": "order", "order_id": "e6505a2c-f54", "symbol": "JNJ", "side": "sell", "qty": 132, "price": 0.0, "status": "submitted", "metadata": {"order_type": "market", "strategy": "combined"}, "ts": "2026-06-21T16:04:02.861960+00:00", "session_id": "5858b336", "level": "INFO"}
{"event": "order", "order_id": "9a3d8cff-712", "symbol": "UNH", "side": "buy", "qty": 29, "price": 0.0, "status": "submitted", "metadata": {"order_type": "market", "strategy": "combined"}, "ts": "2026-06-21T16:04:02.867206+00:00", "session_id": "5858b336", "level": "INFO"}
  [bar 347] 2024-04-15 04:00:00+00:00 | 3 signals | equity=103,750 | regime=BEAR
{"event": "fill", "order_id": "e6505a2c-f54", "fill_price": 135.81670671031694, "fill_qty": 132, "slippage_bps": 7.0368, "metadata": {"symbol": "JNJ", "side": "sell", "commission": 0.66, "strategy": "combined"}, "ts": "2026-06-21T16:04:02.873834+00:00", "session_id": "5858b336", "level": "INFO"}
{"event": "fill", "order_id": "064a109b-4f2", "fill_price": 407.13483562018644, "fill_qty": 52, "slippage_bps": 7.0165, "metadata": {"symbol": "MSFT", "side": "sell", "commission": 0.26, "strategy": "combined"}, "ts": "2026-06-21T16:04:02.877631+00:00", "session_id": "5858b336", "level": "INFO"}
{"event": "fill", "order_id": "9a3d8cff-712", "fill_price": 454.12399883646697, "fill_qty": 29, "slippage_bps": 7.0525, "metadata": {"symbol": "UNH", "side": "buy", "commission": 0.145, "strategy": "combined"}, "ts": "2026-06-21T16:04:02.884804+00:00", "session_id": "5858b336", "level": "INFO"}
StatArbStrategy.generate_signals: no pairs loaded. Call find_pairs() first.
{"event": "signal", "strategy": "momentum", "symbol": "MSFT", "direction": "BUY", "strength": 0.817677, "metadata": {"rank": 0.8, "sector": "Technology", "fallback": true}, "ts": "2026-06-21T16:04:03.216258+00:00", "session_id": "5858b336", "level": "INFO"}
{"event": "signal", "strategy": "momentum", "symbol": "NVDA", "direction": "BUY", "strength": 0.401067, "metadata": {"rank": 1.0, "sector": "Technology", "fallback": true}, "ts": "2026-06-21T16:04:03.216527+00:00", "session_id": "5858b336", "level": "INFO"}
{"event": "signal", "strategy": "momentum", "symbol": "JNJ", "direction": "SELL", "strength": 1.0, "metadata": {"rank": 0.13333333333333333, "sector": "Healthcare", "fallback": true}, "ts": "2026-06-21T16:04:03.216998+00:00", "session_id": "5858b336", "level": "INFO"}
{"event": "signal", "strategy": "momentum", "symbol": "AMZN", "direction": "BUY", "strength": 0.672605, "metadata": {"rank": 0.8666666666666667, "sector": "Consumer Discretionary", "fallback": true}, "ts": "2026-06-21T16:04:03.217767+00:00", "session_id": "5858b336", "level": "INFO"}
{"event": "signal", "strategy": "momentum", "symbol": "TSLA", "direction": "SELL", "strength": 0.313238, "metadata": {"rank": 0.2, "sector": "Consumer Discretionary", "fallback": true}, "ts": "2026-06-21T16:04:03.217991+00:00", "session_id": "5858b336", "level": "INFO"}
{"event": "signal", "strategy": "momentum", "symbol": "CAT", "direction": "BUY", "strength": 0.864195, "metadata": {"rank": 0.9333333333333333, "sector": "Industrials", "fallback": true}, "ts": "2026-06-21T16:04:03.218677+00:00", "session_id": "5858b336", "level": "INFO"}
MeanReversion: no volume data supplied — volume filter bypassed
{"event": "signal", "strategy": "mean_reversion", "symbol": "JNJ", "direction": "CLOSE", "strength": 1.0, "metadata": {"z": -3.2498, "action": "hard_stop"}, "ts": "2026-06-21T16:04:03.239517+00:00", "session_id": "5858b336", "level": "INFO"}
{"event": "info", "message": "SignalGenerator: 7 raw \u2192 6 combined signals", "metadata": {"regime": "SIDEWAYS", "n_strategies": 4, "allocations": {"stat_arb": 0.25, "momentum": 0.3, "factor_model": 0.25, "mean_reversion": 0.18}}, "ts": "2026-06-21T16:04:03.258945+00:00", "session_id": "5858b336", "level": "INFO"}
{"event": "order", "order_id": "30aa5185-462", "symbol": "MSFT", "side": "buy", "qty": 44, "price": 0.0, "status": "submitted", "metadata": {"order_type": "market", "strategy": "combined"}, "ts": "2026-06-21T16:04:03.276935+00:00", "session_id": "5858b336", "level": "INFO"}
{"event": "order", "order_id": "7e9909a2-709", "symbol": "AMZN", "side": "buy", "qty": 25, "price": 0.0, "status": "submitted", "metadata": {"order_type": "market", "strategy": "combined"}, "ts": "2026-06-21T16:04:03.279616+00:00", "session_id": "5858b336", "level": "INFO"}
{"event": "order", "order_id": "6c1c3f4b-ba0", "symbol": "CAT", "side": "buy", "qty": 22, "price": 0.0, "status": "submitted", "metadata": {"order_type": "market", "strategy": "combined"}, "ts": "2026-06-21T16:04:03.282072+00:00", "session_id": "5858b336", "level": "INFO"}
  [bar 348] 2024-04-16 04:00:00+00:00 | 6 signals | equity=103,444 | regime=SIDEWAYS
{"event": "fill", "order_id": "7e9909a2-709", "fill_price": 184.43918157868117, "fill_qty": 25, "slippage_bps": 7.0091, "metadata": {"symbol": "AMZN", "side": "buy", "commission": 0.125, "strategy": "combined"}, "ts": "2026-06-21T16:04:03.285520+00:00", "session_id": "5858b336", "level": "INFO"}
{"event": "fill", "order_id": "6c1c3f4b-ba0", "fill_price": 351.9981553497446, "fill_qty": 22, "slippage_bps": 7.0457, "metadata": {"symbol": "CAT", "side": "buy", "commission": 0.11, "strategy": "combined"}, "ts": "2026-06-21T16:04:03.286082+00:00", "session_id": "5858b336", "level": "INFO"}
{"event": "fill", "order_id": "30aa5185-462", "fill_price": 410.34202943700456, "fill_qty": 44, "slippage_bps": 7.015, "metadata": {"symbol": "MSFT", "side": "buy", "commission": 0.22, "strategy": "combined"}, "ts": "2026-06-21T16:04:03.287579+00:00", "session_id": "5858b336", "level": "INFO"}
StatArbStrategy.generate_signals: no pairs loaded. Call find_pairs() first.
{"event": "signal", "strategy": "momentum", "symbol": "MSFT", "direction": "BUY", "strength": 0.408472, "metadata": {"rank": 0.8, "sector": "Technology", "fallback": true}, "ts": "2026-06-21T16:04:03.520502+00:00", "session_id": "5858b336", "level": "INFO"}
{"event": "signal", "strategy": "momentum", "symbol": "NVDA", "direction": "BUY", "strength": 0.197079, "metadata": {"rank": 1.0, "sector": "Technology", "fallback": true}, "ts": "2026-06-21T16:04:03.520774+00:00", "session_id": "5858b336", "level": "INFO"}
{"event": "signal", "strategy": "momentum", "symbol": "UNH", "direction": "SELL", "strength": 0.310387, "metadata": {"rank": 0.2, "sector": "Healthcare", "fallback": true}, "ts": "2026-06-21T16:04:03.521320+00:00", "session_id": "5858b336", "level": "INFO"}
{"event": "signal", "strategy": "momentum", "symbol": "AMZN", "direction": "BUY", "strength": 0.334659, "metadata": {"rank": 0.8666666666666667, "sector": "Consumer Discretionary", "fallback": true}, "ts": "2026-06-21T16:04:03.522038+00:00", "session_id": "5858b336", "level": "INFO"}
{"event": "signal", "strategy": "momentum", "symbol": "TSLA", "direction": "SELL", "strength": 0.169799, "metadata": {"rank": 0.13333333333333333, "sector": "Consumer Discretionary", "fallback": true}, "ts": "2026-06-21T16:04:03.522268+00:00", "session_id": "5858b336", "level": "INFO"}
{"event": "signal", "strategy": "momentum", "symbol": "CAT", "direction": "BUY", "strength": 0.432096, "metadata": {"rank": 0.9333333333333333, "sector": "Industrials", "fallback": true}, "ts": "2026-06-21T16:04:03.522951+00:00", "session_id": "5858b336", "level": "INFO"}
MeanReversion: no volume data supplied — volume filter bypassed
{"event": "signal", "strategy": "mean_reversion", "symbol": "NVDA", "direction": "CLOSE", "strength": 1.0, "metadata": {"z": 0.3644, "action": "mean_reversion_exit"}, "ts": "2026-06-21T16:04:03.542168+00:00", "session_id": "5858b336", "level": "INFO"}
{"event": "signal", "strategy": "mean_reversion", "symbol": "JNJ", "direction": "BUY", "strength": 1.0, "metadata": {"z": -2.8954, "rsi": 8.34, "rv": 0.1384}, "ts": "2026-06-21T16:04:03.544048+00:00", "session_id": "5858b336", "level": "INFO"}
{"event": "info", "message": "SignalGenerator: 8 raw \u2192 3 combined signals", "metadata": {"regime": "BEAR", "n_strategies": 4, "allocations": {"stat_arb": 0.25, "momentum": 0.15, "factor_model": 0.25, "mean_reversion": 0.3}}, "ts": "2026-06-21T16:04:03.565357+00:00", "session_id": "5858b336", "level": "INFO"}
{"event": "order", "order_id": "3ffe9f89-833", "symbol": "NVDA", "side": "sell", "qty": 71, "price": 0.0, "status": "submitted", "metadata": {"order_type": "market", "strategy": "combined"}, "ts": "2026-06-21T16:04:03.575095+00:00", "session_id": "5858b336", "level": "INFO"}
{"event": "order", "order_id": "5872503f-77f", "symbol": "UNH", "side": "sell", "qty": 7, "price": 0.0, "status": "submitted", "metadata": {"order_type": "market", "strategy": "combined"}, "ts": "2026-06-21T16:04:03.578490+00:00", "session_id": "5858b336", "level": "INFO"}
{"event": "order", "order_id": "c3a5dc5e-3ed", "symbol": "JNJ", "side": "buy", "qty": 129, "price": 0.0, "status": "submitted", "metadata": {"order_type": "market", "strategy": "combined"}, "ts": "2026-06-21T16:04:03.582377+00:00", "session_id": "5858b336", "level": "INFO"}
  [bar 349] 2024-04-17 04:00:00+00:00 | 3 signals | equity=103,363 | regime=BEAR
{"event": "fill", "order_id": "c3a5dc5e-3ed", "fill_price": 135.97987332558807, "fill_qty": 129, "slippage_bps": 7.0375, "metadata": {"symbol": "JNJ", "side": "buy", "commission": 0.645, "strategy": "combined"}, "ts": "2026-06-21T16:04:03.586472+00:00", "session_id": "5858b336", "level": "INFO"}
{"event": "fill", "order_id": "3ffe9f89-833", "fill_price": 84.76375320820665, "fill_qty": 71, "slippage_bps": 7.0091, "metadata": {"symbol": "NVDA", "side": "sell", "commission": 0.355, "strategy": "combined"}, "ts": "2026-06-21T16:04:03.587780+00:00", "session_id": "5858b336", "level": "INFO"}
{"event": "fill", "order_id": "5872503f-77f", "fill_price": 462.38794012785496, "fill_qty": 7, "slippage_bps": 7.026, "metadata": {"symbol": "UNH", "side": "sell", "commission": 0.035, "strategy": "combined"}, "ts": "2026-06-21T16:04:03.588860+00:00", "session_id": "5858b336", "level": "INFO"}
StatArbStrategy.generate_signals: no pairs loaded. Call find_pairs() first.
{"event": "signal", "strategy": "momentum", "symbol": "MSFT", "direction": "BUY", "strength": 0.802312, "metadata": {"rank": 0.8, "sector": "Technology", "fallback": true}, "ts": "2026-06-21T16:04:03.825661+00:00", "session_id": "5858b336", "level": "INFO"}
{"event": "signal", "strategy": "momentum", "symbol": "NVDA", "direction": "BUY", "strength": 0.394162, "metadata": {"rank": 1.0, "sector": "Technology", "fallback": true}, "ts": "2026-06-21T16:04:03.826001+00:00", "session_id": "5858b336", "level": "INFO"}
{"event": "signal", "strategy": "momentum", "symbol": "JNJ", "direction": "SELL", "strength": 1.0, "metadata": {"rank": 0.13333333333333333, "sector": "Healthcare", "fallback": true}, "ts": "2026-06-21T16:04:03.826489+00:00", "session_id": "5858b336", "level": "INFO"}
{"event": "signal", "strategy": "momentum", "symbol": "AMZN", "direction": "BUY", "strength": 0.665873, "metadata": {"rank": 0.8666666666666667, "sector": "Consumer Discretionary", "fallback": true}, "ts": "2026-06-21T16:04:03.827272+00:00", "session_id": "5858b336", "level": "INFO"}
{"event": "signal", "strategy": "momentum", "symbol": "TSLA", "direction": "SELL", "strength": 0.311164, "metadata": {"rank": 0.2, "sector": "Consumer Discretionary", "fallback": true}, "ts": "2026-06-21T16:04:03.827495+00:00", "session_id": "5858b336", "level": "INFO"}
{"event": "signal", "strategy": "momentum", "symbol": "CAT", "direction": "BUY", "strength": 0.863691, "metadata": {"rank": 0.9333333333333333, "sector": "Industrials", "fallback": true}, "ts": "2026-06-21T16:04:03.828169+00:00", "session_id": "5858b336", "level": "INFO"}
MeanReversion: no volume data supplied — volume filter bypassed
{"event": "signal", "strategy": "mean_reversion", "symbol": "JNJ", "direction": "BUY", "strength": 1.0, "metadata": {"z": -2.4689, "rsi": 12.43, "rv": 0.1433}, "ts": "2026-06-21T16:04:03.848913+00:00", "session_id": "5858b336", "level": "INFO"}
{"event": "signal", "strategy": "mean_reversion", "symbol": "UNH", "direction": "CLOSE", "strength": 1.0, "metadata": {"z": 0.0877, "action": "mean_reversion_exit"}, "ts": "2026-06-21T16:04:03.850760+00:00", "session_id": "5858b336", "level": "INFO"}
{"event": "signal", "strategy": "mean_reversion", "symbol": "TSLA", "direction": "BUY", "strength": 0.959636, "metadata": {"z": -2.3854, "rsi": 29.94, "rv": 0.4437}, "ts": "2026-06-21T16:04:03.859490+00:00", "session_id": "5858b336", "level": "INFO"}
{"event": "info", "message": "SignalGenerator: 9 raw \u2192 7 combined signals", "metadata": {"regime": "SIDEWAYS", "n_strategies": 4, "allocations": {"stat_arb": 0.25, "momentum": 0.3, "factor_model": 0.25, "mean_reversion": 0.18}}, "ts": "2026-06-21T16:04:03.872324+00:00", "session_id": "5858b336", "level": "INFO"}
{"event": "order", "order_id": "356eb18d-44d", "symbol": "NVDA", "side": "buy", "qty": 53, "price": 0.0, "status": "submitted", "metadata": {"order_type": "market", "strategy": "combined"}, "ts": "2026-06-21T16:04:03.889172+00:00", "session_id": "5858b336", "level": "INFO"}
{"event": "order", "order_id": "52d0ef0f-b0f", "symbol": "JNJ", "side": "sell", "qty": 129, "price": 0.0, "status": "submitted", "metadata": {"order_type": "market", "strategy": "combined"}, "ts": "2026-06-21T16:04:03.889367+00:00", "session_id": "5858b336", "level": "INFO"}
{"event": "order", "order_id": "2468b137-122", "symbol": "UNH", "side": "sell", "qty": 22, "price": 0.0, "status": "submitted", "metadata": {"order_type": "market", "strategy": "combined"}, "ts": "2026-06-21T16:04:03.889551+00:00", "session_id": "5858b336", "level": "INFO"}
  [bar 350] 2024-04-18 04:00:00+00:00 | 7 signals | equity=102,523 | regime=SIDEWAYS
  [bar 350/399] 2024-04-18 04:00:00+00:00 | equity=102,523 | regime=SIDEWAYS | positions=5
{"event": "fill", "order_id": "52d0ef0f-b0f", "fill_price": 136.8843998721444, "fill_qty": 129, "slippage_bps": 7.0405, "metadata": {"symbol": "JNJ", "side": "sell", "commission": 0.645, "strategy": "combined"}, "ts": "2026-06-21T16:04:03.893697+00:00", "session_id": "5858b336", "level": "INFO"}
{"event": "fill", "order_id": "356eb18d-44d", "fill_price": 83.06456767875567, "fill_qty": 53, "slippage_bps": 7.0107, "metadata": {"symbol": "NVDA", "side": "buy", "commission": 0.265, "strategy": "combined"}, "ts": "2026-06-21T16:04:03.894994+00:00", "session_id": "5858b336", "level": "INFO"}
{"event": "fill", "order_id": "2468b137-122", "fill_price": 472.72616062300574, "fill_qty": 22, "slippage_bps": 7.046, "metadata": {"symbol": "UNH", "side": "sell", "commission": 0.11, "strategy": "combined"}, "ts": "2026-06-21T16:04:03.896081+00:00", "session_id": "5858b336", "level": "INFO"}
StatArbStrategy.generate_signals: no pairs loaded. Call find_pairs() first.
{"event": "signal", "strategy": "momentum", "symbol": "MSFT", "direction": "BUY", "strength": 0.399357, "metadata": {"rank": 0.8, "sector": "Technology", "fallback": true}, "ts": "2026-06-21T16:04:04.130769+00:00", "session_id": "5858b336", "level": "INFO"}
{"event": "signal", "strategy": "momentum", "symbol": "NVDA", "direction": "BUY", "strength": 0.180318, "metadata": {"rank": 1.0, "sector": "Technology", "fallback": true}, "ts": "2026-06-21T16:04:04.131050+00:00", "session_id": "5858b336", "level": "INFO"}
{"event": "signal", "strategy": "momentum", "symbol": "JNJ", "direction": "SELL", "strength": 0.665878, "metadata": {"rank": 0.13333333333333333, "sector": "Healthcare", "fallback": true}, "ts": "2026-06-21T16:04:04.131540+00:00", "session_id": "5858b336", "level": "INFO"}
{"event": "signal", "strategy": "momentum", "symbol": "UNH", "direction": "SELL", "strength": 0.299718, "metadata": {"rank": 0.2, "sector": "Healthcare", "fallback": true}, "ts": "2026-06-21T16:04:04.131762+00:00", "session_id": "5858b336", "level": "INFO"}
{"event": "signal", "strategy": "momentum", "symbol": "AMZN", "direction": "BUY", "strength": 0.325118, "metadata": {"rank": 0.8666666666666667, "sector": "Consumer Discretionary", "fallback": true}, "ts": "2026-06-21T16:04:04.132545+00:00", "session_id": "5858b336", "level": "INFO"}
{"event": "signal", "strategy": "momentum", "symbol": "CAT", "direction": "BUY", "strength": 0.430415, "metadata": {"rank": 0.9333333333333333, "sector": "Industrials", "fallback": true}, "ts": "2026-06-21T16:04:04.133304+00:00", "session_id": "5858b336", "level": "INFO"}
MeanReversion: no volume data supplied — volume filter bypassed
{"event": "signal", "strategy": "mean_reversion", "symbol": "MSFT", "direction": "BUY", "strength": 0.589548, "metadata": {"z": -1.6803, "rsi": 27.0, "rv": 0.154}, "ts": "2026-06-21T16:04:04.154351+00:00", "session_id": "5858b336", "level": "INFO"}
{"event": "signal", "strategy": "mean_reversion", "symbol": "JNJ", "direction": "BUY", "strength": 0.749888, "metadata": {"z": -1.8675, "rsi": 23.08, "rv": 0.1568}, "ts": "2026-06-21T16:04:04.159485+00:00", "session_id": "5858b336", "level": "INFO"}
{"event": "signal", "strategy": "mean_reversion", "symbol": "AMZN", "direction": "CLOSE", "strength": 1.0, "metadata": {"z": -0.032, "action": "mean_reversion_exit"}, "ts": "2026-06-21T16:04:04.169173+00:00", "session_id": "5858b336", "level": "INFO"}
{"event": "signal", "strategy": "mean_reversion", "symbol": "TSLA", "direction": "BUY", "strength": 1.0, "metadata": {"z": -2.4831, "rsi": 28.91, "rv": 0.4446}, "ts": "2026-06-21T16:04:04.171868+00:00", "session_id": "5858b336", "level": "INFO"}
{"event": "info", "message": "SignalGenerator: 10 raw \u2192 5 combined signals", "metadata": {"regime": "BEAR", "n_strategies": 4, "allocations": {"stat_arb": 0.25, "momentum": 0.15, "factor_model": 0.25, "mean_reversion": 0.3}}, "ts": "2026-06-21T16:04:04.185906+00:00", "session_id": "5858b336", "level": "INFO"}
{"event": "risk_event", "event_type": "trade_rejected", "details": {"symbol": "UNH", "side": "sell", "qty": 33, "reason": "Individual short position 15.39% exceeds limit 5%", "strategy": "combined"}, "ts": "2026-06-21T16:04:04.203873+00:00", "session_id": "5858b336", "level": "WARNING"}
{"event": "order", "order_id": "101c47d2-34d", "symbol": "AMZN", "side": "sell", "qty": 55, "price": 0.0, "status": "submitted", "metadata": {"order_type": "market", "strategy": "combined"}, "ts": "2026-06-21T16:04:04.204221+00:00", "session_id": "5858b336", "level": "INFO"}
{"event": "order", "order_id": "2c51e21f-27b", "symbol": "TSLA", "side": "buy", "qty": 34, "price": 0.0, "status": "submitted", "metadata": {"order_type": "market", "strategy": "combined"}, "ts": "2026-06-21T16:04:04.207995+00:00", "session_id": "5858b336", "level": "INFO"}
  [bar 351] 2024-04-19 04:00:00+00:00 | 5 signals | equity=102,301 | regime=BEAR
{"event": "fill", "order_id": "101c47d2-34d", "fill_price": 176.81586913061443, "fill_qty": 55, "slippage_bps": 7.0156, "metadata": {"symbol": "AMZN", "side": "sell", "commission": 0.275, "strategy": "combined"}, "ts": "2026-06-21T16:04:04.211616+00:00", "session_id": "5858b336", "level": "INFO"}
{"event": "fill", "order_id": "2c51e21f-27b", "fill_price": 140.65862929930782, "fill_qty": 34, "slippage_bps": 7.0171, "metadata": {"symbol": "TSLA", "side": "buy", "commission": 0.17, "strategy": "combined"}, "ts": "2026-06-21T16:04:04.214285+00:00", "session_id": "5858b336", "level": "INFO"}
StatArbStrategy.generate_signals: no pairs loaded. Call find_pairs() first.
{"event": "signal", "strategy": "momentum", "symbol": "MSFT", "direction": "BUY", "strength": 0.43291, "metadata": {"rank": 0.8666666666666667, "sector": "Technology", "fallback": true}, "ts": "2026-06-21T16:04:04.448422+00:00", "session_id": "5858b336", "level": "INFO"}
{"event": "signal", "strategy": "momentum", "symbol": "NVDA", "direction": "BUY", "strength": 0.178473, "metadata": {"rank": 1.0, "sector": "Technology", "fallback": true}, "ts": "2026-06-21T16:04:04.448703+00:00", "session_id": "5858b336", "level": "INFO"}
{"event": "signal", "strategy": "momentum", "symbol": "JNJ", "direction": "SELL", "strength": 0.660793, "metadata": {"rank": 0.13333333333333333, "sector": "Healthcare", "fallback": true}, "ts": "2026-06-21T16:04:04.449167+00:00", "session_id": "5858b336", "level": "INFO"}
{"event": "signal", "strategy": "momentum", "symbol": "AMZN", "direction": "BUY", "strength": 0.29874, "metadata": {"rank": 0.8, "sector": "Consumer Discretionary", "fallback": true}, "ts": "2026-06-21T16:04:04.449973+00:00", "session_id": "5858b336", "level": "INFO"}
{"event": "signal", "strategy": "momentum", "symbol": "TSLA", "direction": "SELL", "strength": 0.177568, "metadata": {"rank": 0.2, "sector": "Consumer Discretionary", "fallback": true}, "ts": "2026-06-21T16:04:04.450194+00:00", "session_id": "5858b336", "level": "INFO"}
{"event": "signal", "strategy": "momentum", "symbol": "CAT", "direction": "BUY", "strength": 0.449888, "metadata": {"rank": 0.9333333333333333, "sector": "Industrials", "fallback": true}, "ts": "2026-06-21T16:04:04.450977+00:00", "session_id": "5858b336", "level": "INFO"}
MeanReversion: no volume data supplied — volume filter bypassed
{"event": "signal", "strategy": "mean_reversion", "symbol": "JNJ", "direction": "BUY", "strength": 0.456565, "metadata": {"z": -1.5302, "rsi": 27.91, "rv": 0.1613}, "ts": "2026-06-21T16:04:04.477708+00:00", "session_id": "5858b336", "level": "INFO"}
{"event": "info", "message": "SignalGenerator: 7 raw \u2192 1 combined signals", "metadata": {"regime": "BEAR", "n_strategies": 4, "allocations": {"stat_arb": 0.25, "momentum": 0.15, "factor_model": 0.25, "mean_reversion": 0.3}}, "ts": "2026-06-21T16:04:04.495078+00:00", "session_id": "5858b336", "level": "INFO"}
  [bar 352] 2024-04-22 04:00:00+00:00 | 1 signals | equity=102,440 | regime=BEAR
StatArbStrategy.generate_signals: no pairs loaded. Call find_pairs() first.
{"event": "signal", "strategy": "momentum", "symbol": "MSFT", "direction": "BUY", "strength": 0.394165, "metadata": {"rank": 0.8, "sector": "Technology", "fallback": true}, "ts": "2026-06-21T16:04:04.743484+00:00", "session_id": "5858b336", "level": "INFO"}
{"event": "signal", "strategy": "momentum", "symbol": "NVDA", "direction": "BUY", "strength": 0.177539, "metadata": {"rank": 1.0, "sector": "Technology", "fallback": true}, "ts": "2026-06-21T16:04:04.743819+00:00", "session_id": "5858b336", "level": "INFO"}
{"event": "signal", "strategy": "momentum", "symbol": "JNJ", "direction": "SELL", "strength": 0.659565, "metadata": {"rank": 0.13333333333333333, "sector": "Healthcare", "fallback": true}, "ts": "2026-06-21T16:04:04.744444+00:00", "session_id": "5858b336", "level": "INFO"}
{"event": "signal", "strategy": "momentum", "symbol": "AMZN", "direction": "BUY", "strength": 0.322906, "metadata": {"rank": 0.8666666666666667, "sector": "Consumer Discretionary", "fallback": true}, "ts": "2026-06-21T16:04:04.745589+00:00", "session_id": "5858b336", "level": "INFO"}
{"event": "signal", "strategy": "momentum", "symbol": "XOM", "direction": "SELL", "strength": 0.513057, "metadata": {"rank": 0.2, "sector": "Energy", "fallback": true}, "ts": "2026-06-21T16:04:04.746476+00:00", "session_id": "5858b336", "level": "INFO"}
{"event": "signal", "strategy": "momentum", "symbol": "CAT", "direction": "BUY", "strength": 0.447679, "metadata": {"rank": 0.9333333333333333, "sector": "Industrials", "fallback": true}, "ts": "2026-06-21T16:04:04.747116+00:00", "session_id": "5858b336", "level": "INFO"}
MeanReversion: no volume data supplied — volume filter bypassed
{"event": "signal", "strategy": "mean_reversion", "symbol": "PG", "direction": "SELL", "strength": 0.505386, "metadata": {"z": 1.5795, "rsi": 77.24, "rv": 0.1467}, "ts": "2026-06-21T16:04:04.786191+00:00", "session_id": "5858b336", "level": "INFO"}
{"event": "info", "message": "SignalGenerator: 7 raw \u2192 3 combined signals", "metadata": {"regime": "BEAR", "n_strategies": 4, "allocations": {"stat_arb": 0.25, "momentum": 0.15, "factor_model": 0.25, "mean_reversion": 0.3}}, "ts": "2026-06-21T16:04:04.791275+00:00", "session_id": "5858b336", "level": "INFO"}
{"event": "risk_event", "event_type": "trade_rejected", "details": {"symbol": "JNJ", "side": "sell", "qty": 95, "reason": "Individual short position 12.89% exceeds limit 5%", "strategy": "combined"}, "ts": "2026-06-21T16:04:04.802753+00:00", "session_id": "5858b336", "level": "WARNING"}
{"event": "risk_event", "event_type": "trade_rejected", "details": {"symbol": "XOM", "side": "sell", "qty": 117, "reason": "Individual short position 12.74% exceeds limit 5%", "strategy": "combined"}, "ts": "2026-06-21T16:04:04.806003+00:00", "session_id": "5858b336", "level": "WARNING"}
{"event": "risk_event", "event_type": "trade_rejected", "details": {"symbol": "PG", "side": "sell", "qty": 90, "reason": "Individual short position 13.35% exceeds limit 5%", "strategy": "combined"}, "ts": "2026-06-21T16:04:04.809195+00:00", "session_id": "5858b336", "level": "WARNING"}
  [bar 353] 2024-04-23 04:00:00+00:00 | 3 signals | equity=103,275 | regime=BEAR
StatArbStrategy.generate_signals: no pairs loaded. Call find_pairs() first.
{"event": "signal", "strategy": "momentum", "symbol": "MSFT", "direction": "BUY", "strength": 0.398049, "metadata": {"rank": 0.8, "sector": "Technology", "fallback": true}, "ts": "2026-06-21T16:04:05.043218+00:00", "session_id": "5858b336", "level": "INFO"}
{"event": "signal", "strategy": "momentum", "symbol": "NVDA", "direction": "BUY", "strength": 0.176208, "metadata": {"rank": 1.0, "sector": "Technology", "fallback": true}, "ts": "2026-06-21T16:04:05.043516+00:00", "session_id": "5858b336", "level": "INFO"}
{"event": "signal", "strategy": "momentum", "symbol": "JNJ", "direction": "SELL", "strength": 0.656732, "metadata": {"rank": 0.13333333333333333, "sector": "Healthcare", "fallback": true}, "ts": "2026-06-21T16:04:05.043981+00:00", "session_id": "5858b336", "level": "INFO"}
{"event": "signal", "strategy": "momentum", "symbol": "UNH", "direction": "SELL", "strength": 0.313615, "metadata": {"rank": 0.2, "sector": "Healthcare", "fallback": true}, "ts": "2026-06-21T16:04:05.044197+00:00", "session_id": "5858b336", "level": "INFO"}
{"event": "signal", "strategy": "momentum", "symbol": "AMZN", "direction": "BUY", "strength": 0.320994, "metadata": {"rank": 0.8666666666666667, "sector": "Consumer Discretionary", "fallback": true}, "ts": "2026-06-21T16:04:05.044923+00:00", "session_id": "5858b336", "level": "INFO"}
{"event": "signal", "strategy": "momentum", "symbol": "CAT", "direction": "BUY", "strength": 0.449543, "metadata": {"rank": 0.9333333333333333, "sector": "Industrials", "fallback": true}, "ts": "2026-06-21T16:04:05.045649+00:00", "session_id": "5858b336", "level": "INFO"}
MeanReversion: no volume data supplied — volume filter bypassed
{"event": "signal", "strategy": "mean_reversion", "symbol": "PG", "direction": "SELL", "strength": 0.858479, "metadata": {"z": 1.9857, "rsi": 83.77, "rv": 0.1482}, "ts": "2026-06-21T16:04:05.096130+00:00", "session_id": "5858b336", "level": "INFO"}
{"event": "info", "message": "SignalGenerator: 7 raw \u2192 3 combined signals", "metadata": {"regime": "BEAR", "n_strategies": 4, "allocations": {"stat_arb": 0.25, "momentum": 0.15, "factor_model": 0.25, "mean_reversion": 0.3}}, "ts": "2026-06-21T16:04:05.103823+00:00", "session_id": "5858b336", "level": "INFO"}
{"event": "risk_event", "event_type": "trade_rejected", "details": {"symbol": "JNJ", "side": "sell", "qty": 104, "reason": "Individual short position 13.95% exceeds limit 5%", "strategy": "combined"}, "ts": "2026-06-21T16:04:05.122205+00:00", "session_id": "5858b336", "level": "WARNING"}
{"event": "risk_event", "event_type": "trade_rejected", "details": {"symbol": "UNH", "side": "sell", "qty": 22, "reason": "Individual short position 9.83% exceeds limit 5%", "strategy": "combined"}, "ts": "2026-06-21T16:04:05.130732+00:00", "session_id": "5858b336", "level": "WARNING"}
{"event": "risk_event", "event_type": "trade_rejected", "details": {"symbol": "PG", "side": "sell", "qty": 104, "reason": "Individual short position 15.46% exceeds limit 5%", "strategy": "combined"}, "ts": "2026-06-21T16:04:05.138320+00:00", "session_id": "5858b336", "level": "WARNING"}
  [bar 354] 2024-04-24 04:00:00+00:00 | 3 signals | equity=103,799 | regime=BEAR
StatArbStrategy.generate_signals: no pairs loaded. Call find_pairs() first.
{"event": "signal", "strategy": "momentum", "symbol": "NVDA", "direction": "BUY", "strength": 0.175017, "metadata": {"rank": 1.0, "sector": "Technology", "fallback": true}, "ts": "2026-06-21T16:04:05.482046+00:00", "session_id": "5858b336", "level": "INFO"}
{"event": "signal", "strategy": "momentum", "symbol": "JNJ", "direction": "SELL", "strength": 0.648604, "metadata": {"rank": 0.13333333333333333, "sector": "Healthcare", "fallback": true}, "ts": "2026-06-21T16:04:05.482740+00:00", "session_id": "5858b336", "level": "INFO"}
{"event": "signal", "strategy": "momentum", "symbol": "UNH", "direction": "SELL", "strength": 0.311706, "metadata": {"rank": 0.2, "sector": "Healthcare", "fallback": true}, "ts": "2026-06-21T16:04:05.482972+00:00", "session_id": "5858b336", "level": "INFO"}
{"event": "signal", "strategy": "momentum", "symbol": "JPM", "direction": "BUY", "strength": 0.400108, "metadata": {"rank": 0.8, "sector": "Financials", "fallback": true}, "ts": "2026-06-21T16:04:05.483679+00:00", "session_id": "5858b336", "level": "INFO"}
{"event": "signal", "strategy": "momentum", "symbol": "AMZN", "direction": "BUY", "strength": 0.320184, "metadata": {"rank": 0.8666666666666667, "sector": "Consumer Discretionary", "fallback": true}, "ts": "2026-06-21T16:04:05.484351+00:00", "session_id": "5858b336", "level": "INFO"}
{"event": "signal", "strategy": "momentum", "symbol": "CAT", "direction": "BUY", "strength": 0.359918, "metadata": {"rank": 0.9333333333333333, "sector": "Industrials", "fallback": true}, "ts": "2026-06-21T16:04:05.485391+00:00", "session_id": "5858b336", "level": "INFO"}
MeanReversion: no volume data supplied — volume filter bypassed
{"event": "signal", "strategy": "mean_reversion", "symbol": "MSFT", "direction": "BUY", "strength": 0.541448, "metadata": {"z": -1.6424, "rsi": 28.28, "rv": 0.1865}, "ts": "2026-06-21T16:04:05.504648+00:00", "session_id": "5858b336", "level": "INFO"}
{"event": "signal", "strategy": "mean_reversion", "symbol": "CAT", "direction": "CLOSE", "strength": 1.0, "metadata": {"z": -0.2022, "action": "mean_reversion_exit"}, "ts": "2026-06-21T16:04:05.519173+00:00", "session_id": "5858b336", "level": "INFO"}
{"event": "signal", "strategy": "mean_reversion", "symbol": "PG", "direction": "SELL", "strength": 0.760926, "metadata": {"z": 1.8686, "rsi": 82.49, "rv": 0.1415}, "ts": "2026-06-21T16:04:05.521056+00:00", "session_id": "5858b336", "level": "INFO"}
{"event": "info", "message": "SignalGenerator: 9 raw \u2192 5 combined signals", "metadata": {"regime": "BEAR", "n_strategies": 4, "allocations": {"stat_arb": 0.25, "momentum": 0.15, "factor_model": 0.25, "mean_reversion": 0.3}}, "ts": "2026-06-21T16:04:05.526134+00:00", "session_id": "5858b336", "level": "INFO"}
{"event": "risk_event", "event_type": "trade_rejected", "details": {"symbol": "JNJ", "side": "sell", "qty": 128, "reason": "Individual short position 17.16% exceeds limit 5%", "strategy": "combined"}, "ts": "2026-06-21T16:04:05.539924+00:00", "session_id": "5858b336", "level": "WARNING"}
{"event": "order", "order_id": "597bfd61-0ca", "symbol": "CAT", "side": "sell", "qty": 47, "price": 0.0, "status": "submitted", "metadata": {"order_type": "market", "strategy": "combined"}, "ts": "2026-06-21T16:04:05.540167+00:00", "session_id": "5858b336", "level": "INFO"}
{"event": "risk_event", "event_type": "trade_rejected", "details": {"symbol": "PG", "side": "sell", "qty": 122, "reason": "Individual short position 18.33% exceeds limit 5%", "strategy": "combined"}, "ts": "2026-06-21T16:04:05.543480+00:00", "session_id": "5858b336", "level": "WARNING"}
  [bar 355] 2024-04-25 04:00:00+00:00 | 5 signals | equity=102,629 | regime=BEAR
{"event": "fill", "order_id": "597bfd61-0ca", "fill_price": 329.23109819606617, "fill_qty": 47, "slippage_bps": 7.089, "metadata": {"symbol": "CAT", "side": "sell", "commission": 0.23500000000000001, "strategy": "combined"}, "ts": "2026-06-21T16:04:05.547208+00:00", "session_id": "5858b336", "level": "INFO"}
StatArbStrategy.generate_signals: no pairs loaded. Call find_pairs() first.
{"event": "signal", "strategy": "momentum", "symbol": "NVDA", "direction": "BUY", "strength": 0.172388, "metadata": {"rank": 1.0, "sector": "Technology", "fallback": true}, "ts": "2026-06-21T16:04:05.799877+00:00", "session_id": "5858b336", "level": "INFO"}
{"event": "signal", "strategy": "momentum", "symbol": "JNJ", "direction": "SELL", "strength": 0.648022, "metadata": {"rank": 0.13333333333333333, "sector": "Healthcare", "fallback": true}, "ts": "2026-06-21T16:04:05.800464+00:00", "session_id": "5858b336", "level": "INFO"}
{"event": "signal", "strategy": "momentum", "symbol": "UNH", "direction": "SELL", "strength": 0.314336, "metadata": {"rank": 0.2, "sector": "Healthcare", "fallback": true}, "ts": "2026-06-21T16:04:05.800728+00:00", "session_id": "5858b336", "level": "INFO"}
{"event": "signal", "strategy": "momentum", "symbol": "JPM", "direction": "BUY", "strength": 0.437162, "metadata": {"rank": 0.8666666666666667, "sector": "Financials", "fallback": true}, "ts": "2026-06-21T16:04:05.801203+00:00", "session_id": "5858b336", "level": "INFO"}
{"event": "signal", "strategy": "momentum", "symbol": "AMZN", "direction": "BUY", "strength": 0.292806, "metadata": {"rank": 0.8, "sector": "Consumer Discretionary", "fallback": true}, "ts": "2026-06-21T16:04:05.801739+00:00", "session_id": "5858b336", "level": "INFO"}
{"event": "signal", "strategy": "momentum", "symbol": "CAT", "direction": "BUY", "strength": 0.360967, "metadata": {"rank": 0.9333333333333333, "sector": "Industrials", "fallback": true}, "ts": "2026-06-21T16:04:05.802514+00:00", "session_id": "5858b336", "level": "INFO"}
MeanReversion: no volume data supplied — volume filter bypassed
{"event": "signal", "strategy": "mean_reversion", "symbol": "PG", "direction": "SELL", "strength": 0.238186, "metadata": {"z": 1.2725, "rsi": 74.68, "rv": 0.1442}, "ts": "2026-06-21T16:04:05.835319+00:00", "session_id": "5858b336", "level": "INFO"}
{"event": "signal", "strategy": "mean_reversion", "symbol": "GOOGL", "direction": "SELL", "strength": 1.0, "metadata": {"z": 2.9861, "rsi": 72.42, "rv": 0.4121}, "ts": "2026-06-21T16:04:05.837195+00:00", "session_id": "5858b336", "level": "INFO"}
{"event": "info", "message": "SignalGenerator: 8 raw \u2192 4 combined signals", "metadata": {"regime": "BEAR", "n_strategies": 4, "allocations": {"stat_arb": 0.25, "momentum": 0.15, "factor_model": 0.25, "mean_reversion": 0.3}}, "ts": "2026-06-21T16:04:05.840702+00:00", "session_id": "5858b336", "level": "INFO"}
{"event": "risk_event", "event_type": "trade_rejected", "details": {"symbol": "JNJ", "side": "sell", "qty": 121, "reason": "Individual short position 16.07% exceeds limit 5%", "strategy": "combined"}, "ts": "2026-06-21T16:04:05.852997+00:00", "session_id": "5858b336", "level": "WARNING"}
{"event": "risk_event", "event_type": "trade_rejected", "details": {"symbol": "UNH", "side": "sell", "qty": 24, "reason": "Individual short position 10.97% exceeds limit 5%", "strategy": "combined"}, "ts": "2026-06-21T16:04:05.856334+00:00", "session_id": "5858b336", "level": "WARNING"}
  [bar 356] 2024-04-26 04:00:00+00:00 | 4 signals | equity=103,158 | regime=BEAR
Model is not converging.  Current: 2002.2965254661242 is not greater than 2002.3291828977372. Delta is -0.03265743161296086
StatArbStrategy.generate_signals: no pairs loaded. Call find_pairs() first.
{"event": "signal", "strategy": "momentum", "symbol": "AAPL", "direction": "SELL", "strength": 0.384696, "metadata": {"rank": 0.2, "sector": "Technology", "fallback": true}, "ts": "2026-06-21T16:04:06.123416+00:00", "session_id": "5858b336", "level": "INFO"}
{"event": "signal", "strategy": "momentum", "symbol": "NVDA", "direction": "BUY", "strength": 0.172726, "metadata": {"rank": 1.0, "sector": "Technology", "fallback": true}, "ts": "2026-06-21T16:04:06.123783+00:00", "session_id": "5858b336", "level": "INFO"}
{"event": "signal", "strategy": "momentum", "symbol": "JNJ", "direction": "SELL", "strength": 0.645766, "metadata": {"rank": 0.13333333333333333, "sector": "Healthcare", "fallback": true}, "ts": "2026-06-21T16:04:06.124299+00:00", "session_id": "5858b336", "level": "INFO"}
{"event": "signal", "strategy": "momentum", "symbol": "JPM", "direction": "BUY", "strength": 0.404003, "metadata": {"rank": 0.8, "sector": "Financials", "fallback": true}, "ts": "2026-06-21T16:04:06.124857+00:00", "session_id": "5858b336", "level": "INFO"}
{"event": "signal", "strategy": "momentum", "symbol": "AMZN", "direction": "BUY", "strength": 0.322162, "metadata": {"rank": 0.8666666666666667, "sector": "Consumer Discretionary", "fallback": true}, "ts": "2026-06-21T16:04:06.125431+00:00", "session_id": "5858b336", "level": "INFO"}
{"event": "signal", "strategy": "momentum", "symbol": "CAT", "direction": "BUY", "strength": 0.363536, "metadata": {"rank": 0.9333333333333333, "sector": "Industrials", "fallback": true}, "ts": "2026-06-21T16:04:06.126166+00:00", "session_id": "5858b336", "level": "INFO"}
MeanReversion: no volume data supplied — volume filter bypassed
{"event": "signal", "strategy": "mean_reversion", "symbol": "PG", "direction": "SELL", "strength": 0.337441, "metadata": {"z": 1.3844, "rsi": 74.17, "rv": 0.139}, "ts": "2026-06-21T16:04:06.163003+00:00", "session_id": "5858b336", "level": "INFO"}
{"event": "info", "message": "SignalGenerator: 7 raw \u2192 3 combined signals", "metadata": {"regime": "BEAR", "n_strategies": 4, "allocations": {"stat_arb": 0.25, "momentum": 0.15, "factor_model": 0.25, "mean_reversion": 0.3}}, "ts": "2026-06-21T16:04:06.169796+00:00", "session_id": "5858b336", "level": "INFO"}
{"event": "risk_event", "event_type": "trade_rejected", "details": {"symbol": "AAPL", "side": "sell", "qty": 72, "reason": "Individual short position 11.91% exceeds limit 5%", "strategy": "combined"}, "ts": "2026-06-21T16:04:06.181091+00:00", "session_id": "5858b336", "level": "WARNING"}
{"event": "risk_event", "event_type": "trade_rejected", "details": {"symbol": "JNJ", "side": "sell", "qty": 99, "reason": "Individual short position 13.12% exceeds limit 5%", "strategy": "combined"}, "ts": "2026-06-21T16:04:06.183818+00:00", "session_id": "5858b336", "level": "WARNING"}
{"event": "risk_event", "event_type": "trade_rejected", "details": {"symbol": "PG", "side": "sell", "qty": 89, "reason": "Individual short position 13.14% exceeds limit 5%", "strategy": "combined"}, "ts": "2026-06-21T16:04:06.186375+00:00", "session_id": "5858b336", "level": "WARNING"}
  [bar 357] 2024-04-29 04:00:00+00:00 | 3 signals | equity=103,859 | regime=BEAR
StatArbStrategy.generate_signals: no pairs loaded. Call find_pairs() first.
{"event": "signal", "strategy": "momentum", "symbol": "NVDA", "direction": "BUY", "strength": 0.348739, "metadata": {"rank": 1.0, "sector": "Technology", "fallback": true}, "ts": "2026-06-21T16:04:06.458675+00:00", "session_id": "5858b336", "level": "INFO"}
{"event": "signal", "strategy": "momentum", "symbol": "JNJ", "direction": "SELL", "strength": 1.0, "metadata": {"rank": 0.2, "sector": "Healthcare", "fallback": true}, "ts": "2026-06-21T16:04:06.459518+00:00", "session_id": "5858b336", "level": "INFO"}
{"event": "signal", "strategy": "momentum", "symbol": "UNH", "direction": "SELL", "strength": 0.677951, "metadata": {"rank": 0.13333333333333333, "sector": "Healthcare", "fallback": true}, "ts": "2026-06-21T16:04:06.459878+00:00", "session_id": "5858b336", "level": "INFO"}
{"event": "signal", "strategy": "momentum", "symbol": "JPM", "direction": "BUY", "strength": 0.804533, "metadata": {"rank": 0.8, "sector": "Financials", "fallback": true}, "ts": "2026-06-21T16:04:06.460550+00:00", "session_id": "5858b336", "level": "INFO"}
{"event": "signal", "strategy": "momentum", "symbol": "AMZN", "direction": "BUY", "strength": 0.804759, "metadata": {"rank": 0.9333333333333333, "sector": "Consumer Discretionary", "fallback": true}, "ts": "2026-06-21T16:04:06.461290+00:00", "session_id": "5858b336", "level": "INFO"}
{"event": "signal", "strategy": "momentum", "symbol": "CAT", "direction": "BUY", "strength": 0.641904, "metadata": {"rank": 0.8666666666666667, "sector": "Industrials", "fallback": true}, "ts": "2026-06-21T16:04:06.462285+00:00", "session_id": "5858b336", "level": "INFO"}
MeanReversion: no volume data supplied — volume filter bypassed
{"event": "signal", "strategy": "mean_reversion", "symbol": "MSFT", "direction": "BUY", "strength": 1.0, "metadata": {"z": -2.631, "rsi": 28.68, "rv": 0.2248}, "ts": "2026-06-21T16:04:06.483491+00:00", "session_id": "5858b336", "level": "INFO"}
{"event": "signal", "strategy": "mean_reversion", "symbol": "TSLA", "direction": "CLOSE", "strength": 1.0, "metadata": {"z": 0.3877, "action": "mean_reversion_exit"}, "ts": "2026-06-21T16:04:06.494764+00:00", "session_id": "5858b336", "level": "INFO"}
{"event": "signal", "strategy": "mean_reversion", "symbol": "PG", "direction": "SELL", "strength": 0.820561, "metadata": {"z": 1.9375, "rsi": 76.03, "rv": 0.1425}, "ts": "2026-06-21T16:04:06.499694+00:00", "session_id": "5858b336", "level": "INFO"}
{"event": "info", "message": "SignalGenerator: 9 raw \u2192 9 combined signals", "metadata": {"regime": "SIDEWAYS", "n_strategies": 4, "allocations": {"stat_arb": 0.25, "momentum": 0.3, "factor_model": 0.25, "mean_reversion": 0.18}}, "ts": "2026-06-21T16:04:06.505049+00:00", "session_id": "5858b336", "level": "INFO"}
{"event": "risk_event", "event_type": "trade_rejected", "details": {"symbol": "JNJ", "side": "sell", "qty": 151, "reason": "Individual short position 19.89% exceeds limit 5%", "strategy": "combined"}, "ts": "2026-06-21T16:04:06.523032+00:00", "session_id": "5858b336", "level": "WARNING"}
{"event": "risk_event", "event_type": "trade_rejected", "details": {"symbol": "UNH", "side": "sell", "qty": 31, "reason": "Individual short position 13.88% exceeds limit 5%", "strategy": "combined"}, "ts": "2026-06-21T16:04:06.525687+00:00", "session_id": "5858b336", "level": "WARNING"}
{"event": "order", "order_id": "1d708802-213", "symbol": "JPM", "side": "buy", "qty": 79, "price": 0.0, "status": "submitted", "metadata": {"order_type": "market", "strategy": "combined"}, "ts": "2026-06-21T16:04:06.528256+00:00", "session_id": "5858b336", "level": "INFO"}
{"event": "order", "order_id": "ec4c00d1-474", "symbol": "AMZN", "side": "buy", "qty": 47, "price": 0.0, "status": "submitted", "metadata": {"order_type": "market", "strategy": "combined"}, "ts": "2026-06-21T16:04:06.530828+00:00", "session_id": "5858b336", "level": "INFO"}
{"event": "order", "order_id": "1479824e-2f3", "symbol": "CAT", "side": "buy", "qty": 20, "price": 0.0, "status": "submitted", "metadata": {"order_type": "market", "strategy": "combined"}, "ts": "2026-06-21T16:04:06.533377+00:00", "session_id": "5858b336", "level": "INFO"}
{"event": "order", "order_id": "77b24021-629", "symbol": "TSLA", "side": "sell", "qty": 34, "price": 0.0, "status": "submitted", "metadata": {"order_type": "market", "strategy": "combined"}, "ts": "2026-06-21T16:04:06.533592+00:00", "session_id": "5858b336", "level": "INFO"}
{"event": "risk_event", "event_type": "trade_rejected", "details": {"symbol": "PG", "side": "sell", "qty": 132, "reason": "Individual short position 19.87% exceeds limit 5%", "strategy": "combined"}, "ts": "2026-06-21T16:04:06.536076+00:00", "session_id": "5858b336", "level": "WARNING"}
  [bar 358] 2024-04-30 04:00:00+00:00 | 9 signals | equity=102,862 | regime=SIDEWAYS
{"event": "fill", "order_id": "ec4c00d1-474", "fill_price": 181.76748277579833, "fill_qty": 47, "slippage_bps": 7.0185, "metadata": {"symbol": "AMZN", "side": "buy", "commission": 0.23500000000000001, "strategy": "combined"}, "ts": "2026-06-21T16:04:06.539682+00:00", "session_id": "5858b336", "level": "INFO"}
{"event": "fill", "order_id": "1479824e-2f3", "fill_price": 324.7679093997101, "fill_qty": 20, "slippage_bps": 7.0593, "metadata": {"symbol": "CAT", "side": "buy", "commission": 0.1, "strategy": "combined"}, "ts": "2026-06-21T16:04:06.540295+00:00", "session_id": "5858b336", "level": "INFO"}
{"event": "fill", "order_id": "1d708802-213", "fill_price": 184.45710846285692, "fill_qty": 79, "slippage_bps": 7.0497, "metadata": {"symbol": "JPM", "side": "buy", "commission": 0.395, "strategy": "combined"}, "ts": "2026-06-21T16:04:06.541425+00:00", "session_id": "5858b336", "level": "INFO"}
{"event": "fill", "order_id": "77b24021-629", "fill_price": 181.87207925739108, "fill_qty": 34, "slippage_bps": 7.0286, "metadata": {"symbol": "TSLA", "side": "sell", "commission": 0.17, "strategy": "combined"}, "ts": "2026-06-21T16:04:06.543057+00:00", "session_id": "5858b336", "level": "INFO"}
StatArbStrategy.generate_signals: no pairs loaded. Call find_pairs() first.
{"event": "signal", "strategy": "momentum", "symbol": "NVDA", "direction": "BUY", "strength": 0.17434, "metadata": {"rank": 1.0, "sector": "Technology", "fallback": true}, "ts": "2026-06-21T16:04:06.900047+00:00", "session_id": "5858b336", "level": "INFO"}
{"event": "signal", "strategy": "momentum", "symbol": "JNJ", "direction": "SELL", "strength": 0.525996, "metadata": {"rank": 0.13333333333333333, "sector": "Healthcare", "fallback": true}, "ts": "2026-06-21T16:04:06.900740+00:00", "session_id": "5858b336", "level": "INFO"}
{"event": "signal", "strategy": "momentum", "symbol": "UNH", "direction": "SELL", "strength": 0.314799, "metadata": {"rank": 0.2, "sector": "Healthcare", "fallback": true}, "ts": "2026-06-21T16:04:06.901008+00:00", "session_id": "5858b336", "level": "INFO"}
{"event": "signal", "strategy": "momentum", "symbol": "JPM", "direction": "BUY", "strength": 0.402436, "metadata": {"rank": 0.8, "sector": "Financials", "fallback": true}, "ts": "2026-06-21T16:04:06.901603+00:00", "session_id": "5858b336", "level": "INFO"}
{"event": "signal", "strategy": "momentum", "symbol": "AMZN", "direction": "BUY", "strength": 0.396166, "metadata": {"rank": 0.9333333333333333, "sector": "Consumer Discretionary", "fallback": true}, "ts": "2026-06-21T16:04:06.902264+00:00", "session_id": "5858b336", "level": "INFO"}
{"event": "signal", "strategy": "momentum", "symbol": "CAT", "direction": "BUY", "strength": 0.32317, "metadata": {"rank": 0.8666666666666667, "sector": "Industrials", "fallback": true}, "ts": "2026-06-21T16:04:06.903292+00:00", "session_id": "5858b336", "level": "INFO"}
{"event": "signal", "strategy": "factor_model", "symbol": "TSLA", "direction": "SELL", "strength": 0.601251, "metadata": {"composite_score": -1.803754344771758}, "ts": "2026-06-21T16:04:06.926664+00:00", "session_id": "5858b336", "level": "INFO"}
{"event": "signal", "strategy": "factor_model", "symbol": "JPM", "direction": "BUY", "strength": 0.270408, "metadata": {"composite_score": 0.8112235575900262}, "ts": "2026-06-21T16:04:06.927079+00:00", "session_id": "5858b336", "level": "INFO"}
MeanReversion: no volume data supplied — volume filter bypassed
{"event": "signal", "strategy": "mean_reversion", "symbol": "MSFT", "direction": "BUY", "strength": 0.762053, "metadata": {"z": -1.9403, "rsi": 29.52, "rv": 0.234}, "ts": "2026-06-21T16:04:06.932892+00:00", "session_id": "5858b336", "level": "INFO"}
{"event": "signal", "strategy": "mean_reversion", "symbol": "GS", "direction": "SELL", "strength": 0.739098, "metadata": {"z": 1.9202, "rsi": 70.7, "rv": 0.245}, "ts": "2026-06-21T16:04:06.951616+00:00", "session_id": "5858b336", "level": "INFO"}
{"event": "signal", "strategy": "mean_reversion", "symbol": "PG", "direction": "SELL", "strength": 0.840889, "metadata": {"z": 1.9186, "rsi": 85.1, "rv": 0.0924}, "ts": "2026-06-21T16:04:06.966701+00:00", "session_id": "5858b336", "level": "INFO"}
{"event": "info", "message": "SignalGenerator: 11 raw \u2192 6 combined signals", "metadata": {"regime": "BEAR", "n_strategies": 4, "allocations": {"stat_arb": 0.25, "momentum": 0.15, "factor_model": 0.25, "mean_reversion": 0.3}}, "ts": "2026-06-21T16:04:06.980102+00:00", "session_id": "5858b336", "level": "INFO"}
{"event": "risk_event", "event_type": "trade_rejected", "details": {"symbol": "JNJ", "side": "sell", "qty": 129, "reason": "Individual short position 17.77% exceeds limit 5%", "strategy": "combined"}, "ts": "2026-06-21T16:04:07.011084+00:00", "session_id": "5858b336", "level": "WARNING"}
{"event": "risk_event", "event_type": "trade_rejected", "details": {"symbol": "UNH", "side": "sell", "qty": 23, "reason": "Individual short position 10.30% exceeds limit 5%", "strategy": "combined"}, "ts": "2026-06-21T16:04:07.019098+00:00", "session_id": "5858b336", "level": "WARNING"}
{"event": "risk_event", "event_type": "trade_rejected", "details": {"symbol": "GS", "side": "sell", "qty": 26, "reason": "Individual short position 10.30% exceeds limit 5%", "strategy": "combined"}, "ts": "2026-06-21T16:04:07.026980+00:00", "session_id": "5858b336", "level": "WARNING"}
{"event": "risk_event", "event_type": "trade_rejected", "details": {"symbol": "PG", "side": "sell", "qty": 132, "reason": "Individual short position 19.89% exceeds limit 5%", "strategy": "combined"}, "ts": "2026-06-21T16:04:07.034233+00:00", "session_id": "5858b336", "level": "WARNING"}
  [bar 359] 2024-05-01 04:00:00+00:00 | 6 signals | equity=102,878 | regime=BEAR
StatArbStrategy.generate_signals: no pairs loaded. Call find_pairs() first.
{"event": "signal", "strategy": "momentum", "symbol": "NVDA", "direction": "BUY", "strength": 0.347584, "metadata": {"rank": 1.0, "sector": "Technology", "fallback": true}, "ts": "2026-06-21T16:04:07.382743+00:00", "session_id": "5858b336", "level": "INFO"}
{"event": "signal", "strategy": "momentum", "symbol": "JNJ", "direction": "SELL", "strength": 0.983774, "metadata": {"rank": 0.2, "sector": "Healthcare", "fallback": true}, "ts": "2026-06-21T16:04:07.383541+00:00", "session_id": "5858b336", "level": "INFO"}
{"event": "signal", "strategy": "momentum", "symbol": "UNH", "direction": "SELL", "strength": 0.679805, "metadata": {"rank": 0.13333333333333333, "sector": "Healthcare", "fallback": true}, "ts": "2026-06-21T16:04:07.383779+00:00", "session_id": "5858b336", "level": "INFO"}
{"event": "signal", "strategy": "momentum", "symbol": "JPM", "direction": "BUY", "strength": 0.804699, "metadata": {"rank": 0.8, "sector": "Financials", "fallback": true}, "ts": "2026-06-21T16:04:07.384387+00:00", "session_id": "5858b336", "level": "INFO"}
{"event": "signal", "strategy": "momentum", "symbol": "AMZN", "direction": "BUY", "strength": 0.767492, "metadata": {"rank": 0.9333333333333333, "sector": "Consumer Discretionary", "fallback": true}, "ts": "2026-06-21T16:04:07.385019+00:00", "session_id": "5858b336", "level": "INFO"}
{"event": "signal", "strategy": "momentum", "symbol": "CAT", "direction": "BUY", "strength": 0.643598, "metadata": {"rank": 0.8666666666666667, "sector": "Industrials", "fallback": true}, "ts": "2026-06-21T16:04:07.386081+00:00", "session_id": "5858b336", "level": "INFO"}
MeanReversion: no volume data supplied — volume filter bypassed
{"event": "signal", "strategy": "mean_reversion", "symbol": "GS", "direction": "SELL", "strength": 0.949843, "metadata": {"z": 2.1737, "rsi": 81.3, "rv": 0.2357}, "ts": "2026-06-21T16:04:07.412610+00:00", "session_id": "5858b336", "level": "INFO"}
{"event": "signal", "strategy": "mean_reversion", "symbol": "PG", "direction": "SELL", "strength": 0.905723, "metadata": {"z": 1.9859, "rsi": 89.2, "rv": 0.0885}, "ts": "2026-06-21T16:04:07.421878+00:00", "session_id": "5858b336", "level": "INFO"}
{"event": "signal", "strategy": "mean_reversion", "symbol": "LIN", "direction": "BUY", "strength": 0.692821, "metadata": {"z": -1.842, "rsi": 15.53, "rv": 0.2153}, "ts": "2026-06-21T16:04:07.425333+00:00", "session_id": "5858b336", "level": "INFO"}
{"event": "signal", "strategy": "mean_reversion", "symbol": "NEE", "direction": "SELL", "strength": 0.746063, "metadata": {"z": 1.9132, "rsi": 75.64, "rv": 0.224}, "ts": "2026-06-21T16:04:07.427155+00:00", "session_id": "5858b336", "level": "INFO"}
{"event": "info", "message": "SignalGenerator: 10 raw \u2192 10 combined signals", "metadata": {"regime": "SIDEWAYS", "n_strategies": 4, "allocations": {"stat_arb": 0.25, "momentum": 0.3, "factor_model": 0.25, "mean_reversion": 0.18}}, "ts": "2026-06-21T16:04:07.427462+00:00", "session_id": "5858b336", "level": "INFO"}
{"event": "risk_event", "event_type": "trade_rejected", "details": {"symbol": "JNJ", "side": "sell", "qty": 146, "reason": "Individual short position 19.87% exceeds limit 5%", "strategy": "combined"}, "ts": "2026-06-21T16:04:07.453965+00:00", "session_id": "5858b336", "level": "WARNING"}
{"event": "risk_event", "event_type": "trade_rejected", "details": {"symbol": "UNH", "side": "sell", "qty": 26, "reason": "Individual short position 11.81% exceeds limit 5%", "strategy": "combined"}, "ts": "2026-06-21T16:04:07.459156+00:00", "session_id": "5858b336", "level": "WARNING"}
{"event": "order", "order_id": "6c9aa1c0-a16", "symbol": "JPM", "side": "buy", "qty": 2, "price": 0.0, "status": "submitted", "metadata": {"order_type": "market", "strategy": "combined"}, "ts": "2026-06-21T16:04:07.477202+00:00", "session_id": "5858b336", "level": "INFO"}
{"event": "order", "order_id": "8a51b359-7d7", "symbol": "AMZN", "side": "buy", "qty": 11, "price": 0.0, "status": "submitted", "metadata": {"order_type": "market", "strategy": "combined"}, "ts": "2026-06-21T16:04:07.482227+00:00", "session_id": "5858b336", "level": "INFO"}
{"event": "risk_event", "event_type": "trade_rejected", "details": {"symbol": "PG", "side": "sell", "qty": 132, "reason": "Individual short position 19.87% exceeds limit 5%", "strategy": "combined"}, "ts": "2026-06-21T16:04:07.491894+00:00", "session_id": "5858b336", "level": "WARNING"}
{"event": "order", "order_id": "da8af032-d12", "symbol": "LIN", "side": "buy", "qty": 45, "price": 0.0, "status": "submitted", "metadata": {"order_type": "market", "strategy": "combined"}, "ts": "2026-06-21T16:04:07.498056+00:00", "session_id": "5858b336", "level": "INFO"}
{"event": "risk_event", "event_type": "trade_rejected", "details": {"symbol": "NEE", "side": "sell", "qty": 160, "reason": "Individual short position 10.00% exceeds limit 5%", "strategy": "combined"}, "ts": "2026-06-21T16:04:07.504832+00:00", "session_id": "5858b336", "level": "WARNING"}
  [bar 360] 2024-05-02 04:00:00+00:00 | 10 signals | equity=103,269 | regime=SIDEWAYS
{"event": "fill", "order_id": "8a51b359-7d7", "fill_price": 187.1210662601449, "fill_qty": 11, "slippage_bps": 7.009, "metadata": {"symbol": "AMZN", "side": "buy", "commission": 0.055, "strategy": "combined"}, "ts": "2026-06-21T16:04:07.511328+00:00", "session_id": "5858b336", "level": "INFO"}
{"event": "fill", "order_id": "6c9aa1c0-a16", "fill_price": 184.19729069164157, "fill_qty": 2, "slippage_bps": 7.0078, "metadata": {"symbol": "JPM", "side": "buy", "commission": 0.01, "strategy": "combined"}, "ts": "2026-06-21T16:04:07.513534+00:00", "session_id": "5858b336", "level": "INFO"}
{"event": "fill", "order_id": "da8af032-d12", "fill_price": 406.3939202019671, "fill_qty": 45, "slippage_bps": 7.0645, "metadata": {"symbol": "LIN", "side": "buy", "commission": 0.225, "strategy": "combined"}, "ts": "2026-06-21T16:04:07.514327+00:00", "session_id": "5858b336", "level": "INFO"}
StatArbStrategy.generate_signals: no pairs loaded. Call find_pairs() first.
{"event": "signal", "strategy": "momentum", "symbol": "NVDA", "direction": "BUY", "strength": 0.173379, "metadata": {"rank": 1.0, "sector": "Technology", "fallback": true}, "ts": "2026-06-21T16:04:07.812571+00:00", "session_id": "5858b336", "level": "INFO"}
{"event": "signal", "strategy": "momentum", "symbol": "JNJ", "direction": "SELL", "strength": 0.491388, "metadata": {"rank": 0.2, "sector": "Healthcare", "fallback": true}, "ts": "2026-06-21T16:04:07.813113+00:00", "session_id": "5858b336", "level": "INFO"}
{"event": "signal", "strategy": "momentum", "symbol": "UNH", "direction": "SELL", "strength": 0.343415, "metadata": {"rank": 0.13333333333333333, "sector": "Healthcare", "fallback": true}, "ts": "2026-06-21T16:04:07.813357+00:00", "session_id": "5858b336", "level": "INFO"}
{"event": "signal", "strategy": "momentum", "symbol": "JPM", "direction": "BUY", "strength": 0.401117, "metadata": {"rank": 0.8, "sector": "Financials", "fallback": true}, "ts": "2026-06-21T16:04:07.813817+00:00", "session_id": "5858b336", "level": "INFO"}
{"event": "signal", "strategy": "momentum", "symbol": "AMZN", "direction": "BUY", "strength": 0.383763, "metadata": {"rank": 0.9333333333333333, "sector": "Consumer Discretionary", "fallback": true}, "ts": "2026-06-21T16:04:07.814342+00:00", "session_id": "5858b336", "level": "INFO"}
{"event": "signal", "strategy": "momentum", "symbol": "CAT", "direction": "BUY", "strength": 0.32174, "metadata": {"rank": 0.8666666666666667, "sector": "Industrials", "fallback": true}, "ts": "2026-06-21T16:04:07.815072+00:00", "session_id": "5858b336", "level": "INFO"}
MeanReversion: no volume data supplied — volume filter bypassed
{"event": "signal", "strategy": "mean_reversion", "symbol": "GS", "direction": "SELL", "strength": 1.0, "metadata": {"z": 2.3795, "rsi": 79.58, "rv": 0.2382}, "ts": "2026-06-21T16:04:07.840561+00:00", "session_id": "5858b336", "level": "INFO"}
{"event": "signal", "strategy": "mean_reversion", "symbol": "PG", "direction": "SELL", "strength": 1.0, "metadata": {"z": 2.1014, "rsi": 89.63, "rv": 0.0885}, "ts": "2026-06-21T16:04:07.848824+00:00", "session_id": "5858b336", "level": "INFO"}
{"event": "signal", "strategy": "mean_reversion", "symbol": "LIN", "direction": "BUY", "strength": 0.523546, "metadata": {"z": -1.6324, "rsi": 24.6, "rv": 0.208}, "ts": "2026-06-21T16:04:07.852645+00:00", "session_id": "5858b336", "level": "INFO"}
{"event": "signal", "strategy": "mean_reversion", "symbol": "NEE", "direction": "SELL", "strength": 0.892929, "metadata": {"z": 2.0982, "rsi": 80.26, "rv": 0.2299}, "ts": "2026-06-21T16:04:07.855004+00:00", "session_id": "5858b336", "level": "INFO"}
{"event": "info", "message": "SignalGenerator: 10 raw \u2192 6 combined signals", "metadata": {"regime": "BEAR", "n_strategies": 4, "allocations": {"stat_arb": 0.25, "momentum": 0.15, "factor_model": 0.25, "mean_reversion": 0.3}}, "ts": "2026-06-21T16:04:07.855307+00:00", "session_id": "5858b336", "level": "INFO"}
{"event": "risk_event", "event_type": "trade_rejected", "details": {"symbol": "JNJ", "side": "sell", "qty": 143, "reason": "Individual short position 19.24% exceeds limit 5%", "strategy": "combined"}, "ts": "2026-06-21T16:04:07.876015+00:00", "session_id": "5858b336", "level": "WARNING"}
{"event": "risk_event", "event_type": "trade_rejected", "details": {"symbol": "UNH", "side": "sell", "qty": 22, "reason": "Individual short position 9.92% exceeds limit 5%", "strategy": "combined"}, "ts": "2026-06-21T16:04:07.880928+00:00", "session_id": "5858b336", "level": "WARNING"}
{"event": "risk_event", "event_type": "trade_rejected", "details": {"symbol": "PG", "side": "sell", "qty": 133, "reason": "Individual short position 19.96% exceeds limit 5%", "strategy": "combined"}, "ts": "2026-06-21T16:04:07.885650+00:00", "session_id": "5858b336", "level": "WARNING"}
  [bar 361] 2024-05-03 04:00:00+00:00 | 6 signals | equity=103,981 | regime=BEAR
StatArbStrategy.generate_signals: no pairs loaded. Call find_pairs() first.
{"event": "signal", "strategy": "momentum", "symbol": "NVDA", "direction": "BUY", "strength": 0.344653, "metadata": {"rank": 1.0, "sector": "Technology", "fallback": true}, "ts": "2026-06-21T16:04:08.167153+00:00", "session_id": "5858b336", "level": "INFO"}
{"event": "signal", "strategy": "momentum", "symbol": "JNJ", "direction": "SELL", "strength": 0.988462, "metadata": {"rank": 0.2, "sector": "Healthcare", "fallback": true}, "ts": "2026-06-21T16:04:08.167808+00:00", "session_id": "5858b336", "level": "INFO"}
{"event": "signal", "strategy": "momentum", "symbol": "UNH", "direction": "SELL", "strength": 0.686424, "metadata": {"rank": 0.13333333333333333, "sector": "Healthcare", "fallback": true}, "ts": "2026-06-21T16:04:08.168053+00:00", "session_id": "5858b336", "level": "INFO"}
{"event": "signal", "strategy": "momentum", "symbol": "JPM", "direction": "BUY", "strength": 0.801714, "metadata": {"rank": 0.8, "sector": "Financials", "fallback": true}, "ts": "2026-06-21T16:04:08.168621+00:00", "session_id": "5858b336", "level": "INFO"}
{"event": "signal", "strategy": "momentum", "symbol": "AMZN", "direction": "BUY", "strength": 0.764655, "metadata": {"rank": 0.9333333333333333, "sector": "Consumer Discretionary", "fallback": true}, "ts": "2026-06-21T16:04:08.169215+00:00", "session_id": "5858b336", "level": "INFO"}
{"event": "signal", "strategy": "momentum", "symbol": "CAT", "direction": "BUY", "strength": 0.639967, "metadata": {"rank": 0.8666666666666667, "sector": "Industrials", "fallback": true}, "ts": "2026-06-21T16:04:08.170132+00:00", "session_id": "5858b336", "level": "INFO"}
MeanReversion: no volume data supplied — volume filter bypassed
{"event": "signal", "strategy": "mean_reversion", "symbol": "MSFT", "direction": "CLOSE", "strength": 1.0, "metadata": {"z": 0.0855, "action": "mean_reversion_exit"}, "ts": "2026-06-21T16:04:08.189735+00:00", "session_id": "5858b336", "level": "INFO"}
{"event": "signal", "strategy": "mean_reversion", "symbol": "GS", "direction": "SELL", "strength": 1.0, "metadata": {"z": 2.5368, "rsi": 86.28, "rv": 0.2402}, "ts": "2026-06-21T16:04:08.197732+00:00", "session_id": "5858b336", "level": "INFO"}
{"event": "signal", "strategy": "mean_reversion", "symbol": "PG", "direction": "SELL", "strength": 0.904328, "metadata": {"z": 1.9842, "rsi": 89.05, "rv": 0.0884}, "ts": "2026-06-21T16:04:08.205640+00:00", "session_id": "5858b336", "level": "INFO"}
{"event": "signal", "strategy": "mean_reversion", "symbol": "LIN", "direction": "BUY", "strength": 0.413605, "metadata": {"z": -1.5013, "rsi": 28.04, "rv": 0.212}, "ts": "2026-06-21T16:04:08.209060+00:00", "session_id": "5858b336", "level": "INFO"}
{"event": "signal", "strategy": "mean_reversion", "symbol": "NEE", "direction": "SELL", "strength": 0.9885, "metadata": {"z": 2.2182, "rsi": 88.92, "rv": 0.2324}, "ts": "2026-06-21T16:04:08.210898+00:00", "session_id": "5858b336", "level": "INFO"}
{"event": "info", "message": "SignalGenerator: 11 raw \u2192 11 combined signals", "metadata": {"regime": "SIDEWAYS", "n_strategies": 4, "allocations": {"stat_arb": 0.25, "momentum": 0.3, "factor_model": 0.25, "mean_reversion": 0.18}}, "ts": "2026-06-21T16:04:08.211179+00:00", "session_id": "5858b336", "level": "INFO"}
{"event": "risk_event", "event_type": "trade_rejected", "details": {"symbol": "JNJ", "side": "sell", "qty": 150, "reason": "Individual short position 19.89% exceeds limit 5%", "strategy": "combined"}, "ts": "2026-06-21T16:04:08.233191+00:00", "session_id": "5858b336", "level": "WARNING"}
{"event": "risk_event", "event_type": "trade_rejected", "details": {"symbol": "UNH", "side": "sell", "qty": 28, "reason": "Individual short position 12.55% exceeds limit 5%", "strategy": "combined"}, "ts": "2026-06-21T16:04:08.237935+00:00", "session_id": "5858b336", "level": "WARNING"}
{"event": "order", "order_id": "8c39659a-db4", "symbol": "JPM", "side": "buy", "qty": 9, "price": 0.0, "status": "submitted", "metadata": {"order_type": "market", "strategy": "combined"}, "ts": "2026-06-21T16:04:08.241876+00:00", "session_id": "5858b336", "level": "INFO"}
{"event": "order", "order_id": "da6ace98-ea4", "symbol": "MSFT", "side": "sell", "qty": 44, "price": 0.0, "status": "submitted", "metadata": {"order_type": "market", "strategy": "combined"}, "ts": "2026-06-21T16:04:08.242079+00:00", "session_id": "5858b336", "level": "INFO"}
{"event": "risk_event", "event_type": "trade_rejected", "details": {"symbol": "PG", "side": "sell", "qty": 134, "reason": "Individual short position 19.91% exceeds limit 5%", "strategy": "combined"}, "ts": "2026-06-21T16:04:08.246775+00:00", "session_id": "5858b336", "level": "WARNING"}
  [bar 362] 2024-05-06 04:00:00+00:00 | 11 signals | equity=105,002 | regime=SIDEWAYS
{"event": "fill", "order_id": "8c39659a-db4", "fill_price": 183.90965836960987, "fill_qty": 9, "slippage_bps": 7.0166, "metadata": {"symbol": "JPM", "side": "buy", "commission": 0.045, "strategy": "combined"}, "ts": "2026-06-21T16:04:08.251371+00:00", "session_id": "5858b336", "level": "INFO"}
{"event": "fill", "order_id": "da6ace98-ea4", "fill_price": 407.22292842316205, "fill_qty": 44, "slippage_bps": 7.0229, "metadata": {"symbol": "MSFT", "side": "sell", "commission": 0.22, "strategy": "combined"}, "ts": "2026-06-21T16:04:08.252227+00:00", "session_id": "5858b336", "level": "INFO"}
StatArbStrategy.generate_signals: no pairs loaded. Call find_pairs() first.
{"event": "signal", "strategy": "momentum", "symbol": "NVDA", "direction": "BUY", "strength": 0.34573, "metadata": {"rank": 1.0, "sector": "Technology", "fallback": true}, "ts": "2026-06-21T16:04:08.488479+00:00", "session_id": "5858b336", "level": "INFO"}
{"event": "signal", "strategy": "momentum", "symbol": "JNJ", "direction": "SELL", "strength": 0.988979, "metadata": {"rank": 0.2, "sector": "Healthcare", "fallback": true}, "ts": "2026-06-21T16:04:08.489018+00:00", "session_id": "5858b336", "level": "INFO"}
{"event": "signal", "strategy": "momentum", "symbol": "UNH", "direction": "SELL", "strength": 0.682248, "metadata": {"rank": 0.13333333333333333, "sector": "Healthcare", "fallback": true}, "ts": "2026-06-21T16:04:08.489252+00:00", "session_id": "5858b336", "level": "INFO"}
{"event": "signal", "strategy": "momentum", "symbol": "JPM", "direction": "BUY", "strength": 0.80135, "metadata": {"rank": 0.8, "sector": "Financials", "fallback": true}, "ts": "2026-06-21T16:04:08.489699+00:00", "session_id": "5858b336", "level": "INFO"}
{"event": "signal", "strategy": "momentum", "symbol": "AMZN", "direction": "BUY", "strength": 0.7827, "metadata": {"rank": 0.9333333333333333, "sector": "Consumer Discretionary", "fallback": true}, "ts": "2026-06-21T16:04:08.490169+00:00", "session_id": "5858b336", "level": "INFO"}
{"event": "signal", "strategy": "momentum", "symbol": "CAT", "direction": "BUY", "strength": 0.644065, "metadata": {"rank": 0.8666666666666667, "sector": "Industrials", "fallback": true}, "ts": "2026-06-21T16:04:08.490897+00:00", "session_id": "5858b336", "level": "INFO"}
MeanReversion: no volume data supplied — volume filter bypassed
{"event": "signal", "strategy": "mean_reversion", "symbol": "AAPL", "direction": "SELL", "strength": 0.274186, "metadata": {"z": 1.3637, "rsi": 71.61, "rv": 0.3265}, "ts": "2026-06-21T16:04:08.507123+00:00", "session_id": "5858b336", "level": "INFO"}
{"event": "signal", "strategy": "mean_reversion", "symbol": "GS", "direction": "SELL", "strength": 1.0, "metadata": {"z": 2.3866, "rsi": 84.63, "rv": 0.2402}, "ts": "2026-06-21T16:04:08.517428+00:00", "session_id": "5858b336", "level": "INFO"}
{"event": "signal", "strategy": "mean_reversion", "symbol": "XOM", "direction": "CLOSE", "strength": 1.0, "metadata": {"z": 0.4763, "action": "mean_reversion_exit"}, "ts": "2026-06-21T16:04:08.522295+00:00", "session_id": "5858b336", "level": "INFO"}
{"event": "signal", "strategy": "mean_reversion", "symbol": "PG", "direction": "SELL", "strength": 1.0, "metadata": {"z": 2.3077, "rsi": 89.33, "rv": 0.0901}, "ts": "2026-06-21T16:04:08.525639+00:00", "session_id": "5858b336", "level": "INFO"}
{"event": "signal", "strategy": "mean_reversion", "symbol": "NEE", "direction": "SELL", "strength": 1.0, "metadata": {"z": 2.2361, "rsi": 87.5, "rv": 0.2328}, "ts": "2026-06-21T16:04:08.530462+00:00", "session_id": "5858b336", "level": "INFO"}
{"event": "info", "message": "SignalGenerator: 11 raw \u2192 7 combined signals", "metadata": {"regime": "BULL", "n_strategies": 4, "allocations": {"stat_arb": 0.05, "momentum": 0.5, "factor_model": 0.3, "mean_reversion": 0.13}}, "ts": "2026-06-21T16:04:08.530721+00:00", "session_id": "5858b336", "level": "INFO"}
{"event": "risk_event", "event_type": "trade_rejected", "details": {"symbol": "JNJ", "side": "sell", "qty": 150, "reason": "Individual short position 19.88% exceeds limit 5%", "strategy": "combined"}, "ts": "2026-06-21T16:04:08.547572+00:00", "session_id": "5858b336", "level": "WARNING"}
{"event": "risk_event", "event_type": "trade_rejected", "details": {"symbol": "UNH", "side": "sell", "qty": 30, "reason": "Individual short position 13.60% exceeds limit 5%", "strategy": "combined"}, "ts": "2026-06-21T16:04:08.551748+00:00", "session_id": "5858b336", "level": "WARNING"}
{"event": "order", "order_id": "4c60244d-cae", "symbol": "JPM", "side": "buy", "qty": 22, "price": 0.0, "status": "submitted", "metadata": {"order_type": "market", "strategy": "combined"}, "ts": "2026-06-21T16:04:08.555880+00:00", "session_id": "5858b336", "level": "INFO"}
{"event": "order", "order_id": "ac94d437-127", "symbol": "AMZN", "side": "buy", "qty": 1, "price": 0.0, "status": "submitted", "metadata": {"order_type": "market", "strategy": "combined"}, "ts": "2026-06-21T16:04:08.560139+00:00", "session_id": "5858b336", "level": "INFO"}
{"event": "order", "order_id": "46c34c42-504", "symbol": "CAT", "side": "buy", "qty": 11, "price": 0.0, "status": "submitted", "metadata": {"order_type": "market", "strategy": "combined"}, "ts": "2026-06-21T16:04:08.564384+00:00", "session_id": "5858b336", "level": "INFO"}
  [bar 363] 2024-05-07 04:00:00+00:00 | 7 signals | equity=105,148 | regime=BULL
{"event": "fill", "order_id": "ac94d437-127", "fill_price": 187.57126231576427, "fill_qty": 1, "slippage_bps": 7.0028, "metadata": {"symbol": "AMZN", "side": "buy", "commission": 0.005, "strategy": "combined"}, "ts": "2026-06-21T16:04:08.568863+00:00", "session_id": "5858b336", "level": "INFO"}
{"event": "fill", "order_id": "46c34c42-504", "fill_price": 331.2163474793558, "fill_qty": 11, "slippage_bps": 7.0441, "metadata": {"symbol": "CAT", "side": "buy", "commission": 0.055, "strategy": "combined"}, "ts": "2026-06-21T16:04:08.569554+00:00", "session_id": "5858b336", "level": "INFO"}
{"event": "fill", "order_id": "4c60244d-cae", "fill_price": 183.2382717436484, "fill_qty": 22, "slippage_bps": 7.0267, "metadata": {"symbol": "JPM", "side": "buy", "commission": 0.11, "strategy": "combined"}, "ts": "2026-06-21T16:04:08.570692+00:00", "session_id": "5858b336", "level": "INFO"}
StatArbStrategy.generate_signals: no pairs loaded. Call find_pairs() first.
{"event": "signal", "strategy": "momentum", "symbol": "NVDA", "direction": "BUY", "strength": 0.345678, "metadata": {"rank": 1.0, "sector": "Technology", "fallback": true}, "ts": "2026-06-21T16:04:08.808688+00:00", "session_id": "5858b336", "level": "INFO"}
{"event": "signal", "strategy": "momentum", "symbol": "JNJ", "direction": "SELL", "strength": 0.993382, "metadata": {"rank": 0.2, "sector": "Healthcare", "fallback": true}, "ts": "2026-06-21T16:04:08.809193+00:00", "session_id": "5858b336", "level": "INFO"}
{"event": "signal", "strategy": "momentum", "symbol": "UNH", "direction": "SELL", "strength": 0.681709, "metadata": {"rank": 0.13333333333333333, "sector": "Healthcare", "fallback": true}, "ts": "2026-06-21T16:04:08.809435+00:00", "session_id": "5858b336", "level": "INFO"}
{"event": "signal", "strategy": "momentum", "symbol": "JPM", "direction": "BUY", "strength": 0.787519, "metadata": {"rank": 0.8, "sector": "Financials", "fallback": true}, "ts": "2026-06-21T16:04:08.809879+00:00", "session_id": "5858b336", "level": "INFO"}
{"event": "signal", "strategy": "momentum", "symbol": "AMZN", "direction": "BUY", "strength": 0.787274, "metadata": {"rank": 0.9333333333333333, "sector": "Consumer Discretionary", "fallback": true}, "ts": "2026-06-21T16:04:08.810387+00:00", "session_id": "5858b336", "level": "INFO"}
{"event": "signal", "strategy": "momentum", "symbol": "CAT", "direction": "BUY", "strength": 0.646981, "metadata": {"rank": 0.8666666666666667, "sector": "Industrials", "fallback": true}, "ts": "2026-06-21T16:04:08.811096+00:00", "session_id": "5858b336", "level": "INFO"}
MeanReversion: no volume data supplied — volume filter bypassed
{"event": "signal", "strategy": "mean_reversion", "symbol": "AAPL", "direction": "SELL", "strength": 0.35256, "metadata": {"z": 1.466, "rsi": 74.01, "rv": 0.3219}, "ts": "2026-06-21T16:04:08.827174+00:00", "session_id": "5858b336", "level": "INFO"}
{"event": "signal", "strategy": "mean_reversion", "symbol": "GS", "direction": "SELL", "strength": 1.0, "metadata": {"z": 2.3965, "rsi": 86.57, "rv": 0.2156}, "ts": "2026-06-21T16:04:08.836903+00:00", "session_id": "5858b336", "level": "INFO"}
{"event": "signal", "strategy": "mean_reversion", "symbol": "PG", "direction": "SELL", "strength": 0.884066, "metadata": {"z": 1.9669, "rsi": 82.91, "rv": 0.0937}, "ts": "2026-06-21T16:04:08.844990+00:00", "session_id": "5858b336", "level": "INFO"}
{"event": "signal", "strategy": "mean_reversion", "symbol": "NEE", "direction": "SELL", "strength": 1.0, "metadata": {"z": 2.2797, "rsi": 88.24, "rv": 0.2128}, "ts": "2026-06-21T16:04:08.850087+00:00", "session_id": "5858b336", "level": "INFO"}
{"event": "info", "message": "SignalGenerator: 10 raw \u2192 6 combined signals", "metadata": {"regime": "BULL", "n_strategies": 4, "allocations": {"stat_arb": 0.05, "momentum": 0.5, "factor_model": 0.3, "mean_reversion": 0.13}}, "ts": "2026-06-21T16:04:08.850367+00:00", "session_id": "5858b336", "level": "INFO"}
{"event": "order", "order_id": "6a74019b-2ee", "symbol": "NVDA", "side": "buy", "qty": 3, "price": 0.0, "status": "submitted", "metadata": {"order_type": "market", "strategy": "combined"}, "ts": "2026-06-21T16:04:08.869823+00:00", "session_id": "5858b336", "level": "INFO"}
{"event": "risk_event", "event_type": "trade_rejected", "details": {"symbol": "JNJ", "side": "sell", "qty": 150, "reason": "Individual short position 19.98% exceeds limit 5%", "strategy": "combined"}, "ts": "2026-06-21T16:04:08.874462+00:00", "session_id": "5858b336", "level": "WARNING"}
{"event": "risk_event", "event_type": "trade_rejected", "details": {"symbol": "UNH", "side": "sell", "qty": 29, "reason": "Individual short position 13.25% exceeds limit 5%", "strategy": "combined"}, "ts": "2026-06-21T16:04:08.878645+00:00", "session_id": "5858b336", "level": "WARNING"}
{"event": "order", "order_id": "16e6d07b-338", "symbol": "JPM", "side": "buy", "qty": 2, "price": 0.0, "status": "submitted", "metadata": {"order_type": "market", "strategy": "combined"}, "ts": "2026-06-21T16:04:08.881993+00:00", "session_id": "5858b336", "level": "INFO"}
{"event": "order", "order_id": "80c6b111-14c", "symbol": "AMZN", "side": "buy", "qty": 28, "price": 0.0, "status": "submitted", "metadata": {"order_type": "market", "strategy": "combined"}, "ts": "2026-06-21T16:04:08.885264+00:00", "session_id": "5858b336", "level": "INFO"}
{"event": "order", "order_id": "e94b83aa-6cf", "symbol": "CAT", "side": "buy", "qty": 4, "price": 0.0, "status": "submitted", "metadata": {"order_type": "market", "strategy": "combined"}, "ts": "2026-06-21T16:04:08.888417+00:00", "session_id": "5858b336", "level": "INFO"}
  [bar 364] 2024-05-08 04:00:00+00:00 | 6 signals | equity=104,818 | regime=BULL
{"event": "fill", "order_id": "80c6b111-14c", "fill_price": 189.01249268417396, "fill_qty": 28, "slippage_bps": 7.0144, "metadata": {"symbol": "AMZN", "side": "buy", "commission": 0.14, "strategy": "combined"}, "ts": "2026-06-21T16:04:08.891968+00:00", "session_id": "5858b336", "level": "INFO"}
{"event": "fill", "order_id": "e94b83aa-6cf", "fill_price": 336.9828659888455, "fill_qty": 4, "slippage_bps": 7.0272, "metadata": {"symbol": "CAT", "side": "buy", "commission": 0.02, "strategy": "combined"}, "ts": "2026-06-21T16:04:08.892536+00:00", "session_id": "5858b336", "level": "INFO"}
{"event": "fill", "order_id": "16e6d07b-338", "fill_price": 187.2384749822315, "fill_qty": 2, "slippage_bps": 7.0081, "metadata": {"symbol": "JPM", "side": "buy", "commission": 0.01, "strategy": "combined"}, "ts": "2026-06-21T16:04:08.893665+00:00", "session_id": "5858b336", "level": "INFO"}
{"event": "fill", "order_id": "6a74019b-2ee", "fill_price": 90.43590563215488, "fill_qty": 3, "slippage_bps": 7.0032, "metadata": {"symbol": "NVDA", "side": "buy", "commission": 0.015, "strategy": "combined"}, "ts": "2026-06-21T16:04:08.894776+00:00", "session_id": "5858b336", "level": "INFO"}
StatArbStrategy.generate_signals: no pairs loaded. Call find_pairs() first.
{"event": "signal", "strategy": "momentum", "symbol": "NVDA", "direction": "BUY", "strength": 0.344658, "metadata": {"rank": 1.0, "sector": "Technology", "fallback": true}, "ts": "2026-06-21T16:04:09.126045+00:00", "session_id": "5858b336", "level": "INFO"}
{"event": "signal", "strategy": "momentum", "symbol": "JNJ", "direction": "SELL", "strength": 0.994985, "metadata": {"rank": 0.2, "sector": "Healthcare", "fallback": true}, "ts": "2026-06-21T16:04:09.126605+00:00", "session_id": "5858b336", "level": "INFO"}
{"event": "signal", "strategy": "momentum", "symbol": "UNH", "direction": "SELL", "strength": 0.680342, "metadata": {"rank": 0.13333333333333333, "sector": "Healthcare", "fallback": true}, "ts": "2026-06-21T16:04:09.126833+00:00", "session_id": "5858b336", "level": "INFO"}
{"event": "signal", "strategy": "momentum", "symbol": "JPM", "direction": "BUY", "strength": 0.790042, "metadata": {"rank": 0.8, "sector": "Financials", "fallback": true}, "ts": "2026-06-21T16:04:09.127324+00:00", "session_id": "5858b336", "level": "INFO"}
{"event": "signal", "strategy": "momentum", "symbol": "AMZN", "direction": "BUY", "strength": 0.802935, "metadata": {"rank": 0.9333333333333333, "sector": "Consumer Discretionary", "fallback": true}, "ts": "2026-06-21T16:04:09.127852+00:00", "session_id": "5858b336", "level": "INFO"}
{"event": "signal", "strategy": "momentum", "symbol": "CAT", "direction": "BUY", "strength": 0.656568, "metadata": {"rank": 0.8666666666666667, "sector": "Industrials", "fallback": true}, "ts": "2026-06-21T16:04:09.128624+00:00", "session_id": "5858b336", "level": "INFO"}
MeanReversion: no volume data supplied — volume filter bypassed
{"event": "signal", "strategy": "mean_reversion", "symbol": "AAPL", "direction": "SELL", "strength": 0.608278, "metadata": {"z": 1.7847, "rsi": 80.12, "rv": 0.29}, "ts": "2026-06-21T16:04:09.144919+00:00", "session_id": "5858b336", "level": "INFO"}
{"event": "signal", "strategy": "mean_reversion", "symbol": "JPM", "direction": "SELL", "strength": 0.191414, "metadata": {"z": 1.2477, "rsi": 81.79, "rv": 0.2943}, "ts": "2026-06-21T16:04:09.153730+00:00", "session_id": "5858b336", "level": "INFO"}
{"event": "signal", "strategy": "mean_reversion", "symbol": "GS", "direction": "SELL", "strength": 1.0, "metadata": {"z": 2.6716, "rsi": 88.1, "rv": 0.2144}, "ts": "2026-06-21T16:04:09.156738+00:00", "session_id": "5858b336", "level": "INFO"}
{"event": "signal", "strategy": "mean_reversion", "symbol": "PG", "direction": "SELL", "strength": 1.0, "metadata": {"z": 2.1748, "rsi": 83.08, "rv": 0.0834}, "ts": "2026-06-21T16:04:09.170378+00:00", "session_id": "5858b336", "level": "INFO"}
{"event": "signal", "strategy": "mean_reversion", "symbol": "NEE", "direction": "SELL", "strength": 1.0, "metadata": {"z": 2.4698, "rsi": 89.54, "rv": 0.219}, "ts": "2026-06-21T16:04:09.177782+00:00", "session_id": "5858b336", "level": "INFO"}
{"event": "info", "message": "SignalGenerator: 11 raw \u2192 6 combined signals", "metadata": {"regime": "BULL", "n_strategies": 4, "allocations": {"stat_arb": 0.05, "momentum": 0.5, "factor_model": 0.3, "mean_reversion": 0.13}}, "ts": "2026-06-21T16:04:09.178096+00:00", "session_id": "5858b336", "level": "INFO"}
{"event": "risk_event", "event_type": "trade_rejected", "details": {"symbol": "JNJ", "side": "sell", "qty": 150, "reason": "Individual short position 19.94% exceeds limit 5%", "strategy": "combined"}, "ts": "2026-06-21T16:04:09.197485+00:00", "session_id": "5858b336", "level": "WARNING"}
{"event": "risk_event", "event_type": "trade_rejected", "details": {"symbol": "UNH", "side": "sell", "qty": 33, "reason": "Individual short position 15.08% exceeds limit 5%", "strategy": "combined"}, "ts": "2026-06-21T16:04:09.203893+00:00", "session_id": "5858b336", "level": "WARNING"}
{"event": "order", "order_id": "b98495d7-b1e", "symbol": "CAT", "side": "buy", "qty": 5, "price": 0.0, "status": "submitted", "metadata": {"order_type": "market", "strategy": "combined"}, "ts": "2026-06-21T16:04:09.207288+00:00", "session_id": "5858b336", "level": "INFO"}
  [bar 365] 2024-05-09 04:00:00+00:00 | 6 signals | equity=105,633 | regime=BULL
{"event": "fill", "order_id": "b98495d7-b1e", "fill_price": 345.82838803146427, "fill_qty": 5, "slippage_bps": 7.0302, "metadata": {"symbol": "CAT", "side": "buy", "commission": 0.025, "strategy": "combined"}, "ts": "2026-06-21T16:04:09.210939+00:00", "session_id": "5858b336", "level": "INFO"}
StatArbStrategy.generate_signals: no pairs loaded. Call find_pairs() first.
{"event": "signal", "strategy": "momentum", "symbol": "NVDA", "direction": "BUY", "strength": 0.345427, "metadata": {"rank": 1.0, "sector": "Technology", "fallback": true}, "ts": "2026-06-21T16:04:09.453516+00:00", "session_id": "5858b336", "level": "INFO"}
{"event": "signal", "strategy": "momentum", "symbol": "JNJ", "direction": "SELL", "strength": 1.0, "metadata": {"rank": 0.13333333333333333, "sector": "Healthcare", "fallback": true}, "ts": "2026-06-21T16:04:09.454112+00:00", "session_id": "5858b336", "level": "INFO"}
{"event": "signal", "strategy": "momentum", "symbol": "UNH", "direction": "SELL", "strength": 0.625298, "metadata": {"rank": 0.2, "sector": "Healthcare", "fallback": true}, "ts": "2026-06-21T16:04:09.454384+00:00", "session_id": "5858b336", "level": "INFO"}
{"event": "signal", "strategy": "momentum", "symbol": "JPM", "direction": "BUY", "strength": 0.791905, "metadata": {"rank": 0.8, "sector": "Financials", "fallback": true}, "ts": "2026-06-21T16:04:09.454920+00:00", "session_id": "5858b336", "level": "INFO"}
{"event": "signal", "strategy": "momentum", "symbol": "AMZN", "direction": "BUY", "strength": 0.745283, "metadata": {"rank": 0.8666666666666667, "sector": "Consumer Discretionary", "fallback": true}, "ts": "2026-06-21T16:04:09.455519+00:00", "session_id": "5858b336", "level": "INFO"}
{"event": "signal", "strategy": "momentum", "symbol": "CAT", "direction": "BUY", "strength": 0.708455, "metadata": {"rank": 0.9333333333333333, "sector": "Industrials", "fallback": true}, "ts": "2026-06-21T16:04:09.456445+00:00", "session_id": "5858b336", "level": "INFO"}
MeanReversion: no volume data supplied — volume filter bypassed
{"event": "signal", "strategy": "mean_reversion", "symbol": "AAPL", "direction": "SELL", "strength": 0.445823, "metadata": {"z": 1.5755, "rsi": 76.51, "rv": 0.291}, "ts": "2026-06-21T16:04:09.477045+00:00", "session_id": "5858b336", "level": "INFO"}
{"event": "signal", "strategy": "mean_reversion", "symbol": "JPM", "direction": "SELL", "strength": 0.368966, "metadata": {"z": 1.4253, "rsi": 79.14, "rv": 0.1526}, "ts": "2026-06-21T16:04:09.485393+00:00", "session_id": "5858b336", "level": "INFO"}
{"event": "signal", "strategy": "mean_reversion", "symbol": "GS", "direction": "SELL", "strength": 1.0, "metadata": {"z": 2.4711, "rsi": 83.9, "rv": 0.1923}, "ts": "2026-06-21T16:04:09.487214+00:00", "session_id": "5858b336", "level": "INFO"}
{"event": "signal", "strategy": "mean_reversion", "symbol": "PG", "direction": "SELL", "strength": 1.0, "metadata": {"z": 2.312, "rsi": 80.48, "rv": 0.0795}, "ts": "2026-06-21T16:04:09.495345+00:00", "session_id": "5858b336", "level": "INFO"}
{"event": "signal", "strategy": "mean_reversion", "symbol": "NEE", "direction": "SELL", "strength": 0.97944, "metadata": {"z": 2.1905, "rsi": 83.18, "rv": 0.2155}, "ts": "2026-06-21T16:04:09.500199+00:00", "session_id": "5858b336", "level": "INFO"}
{"event": "info", "message": "SignalGenerator: 11 raw \u2192 10 combined signals", "metadata": {"regime": "SIDEWAYS", "n_strategies": 4, "allocations": {"stat_arb": 0.25, "momentum": 0.3, "factor_model": 0.25, "mean_reversion": 0.18}}, "ts": "2026-06-21T16:04:09.500494+00:00", "session_id": "5858b336", "level": "INFO"}
{"event": "risk_event", "event_type": "trade_rejected", "details": {"symbol": "JNJ", "side": "sell", "qty": 151, "reason": "Individual short position 19.95% exceeds limit 5%", "strategy": "combined"}, "ts": "2026-06-21T16:04:09.521323+00:00", "session_id": "5858b336", "level": "WARNING"}
{"event": "risk_event", "event_type": "trade_rejected", "details": {"symbol": "UNH", "side": "sell", "qty": 26, "reason": "Individual short position 11.93% exceeds limit 5%", "strategy": "combined"}, "ts": "2026-06-21T16:04:09.525264+00:00", "session_id": "5858b336", "level": "WARNING"}
{"event": "risk_event", "event_type": "trade_rejected", "details": {"symbol": "AAPL", "side": "sell", "qty": 60, "reason": "Individual short position 10.24% exceeds limit 5%", "strategy": "combined"}, "ts": "2026-06-21T16:04:09.529178+00:00", "session_id": "5858b336", "level": "WARNING"}
{"event": "risk_event", "event_type": "trade_rejected", "details": {"symbol": "PG", "side": "sell", "qty": 134, "reason": "Individual short position 19.95% exceeds limit 5%", "strategy": "combined"}, "ts": "2026-06-21T16:04:09.532999+00:00", "session_id": "5858b336", "level": "WARNING"}
  [bar 366] 2024-05-10 04:00:00+00:00 | 10 signals | equity=106,346 | regime=SIDEWAYS
StatArbStrategy.generate_signals: no pairs loaded. Call find_pairs() first.
{"event": "signal", "strategy": "momentum", "symbol": "NVDA", "direction": "BUY", "strength": 0.173167, "metadata": {"rank": 1.0, "sector": "Technology", "fallback": true}, "ts": "2026-06-21T16:04:09.832611+00:00", "session_id": "5858b336", "level": "INFO"}
{"event": "signal", "strategy": "momentum", "symbol": "JNJ", "direction": "SELL", "strength": 0.545263, "metadata": {"rank": 0.13333333333333333, "sector": "Healthcare", "fallback": true}, "ts": "2026-06-21T16:04:09.833166+00:00", "session_id": "5858b336", "level": "INFO"}
{"event": "signal", "strategy": "momentum", "symbol": "UNH", "direction": "SELL", "strength": 0.313223, "metadata": {"rank": 0.2, "sector": "Healthcare", "fallback": true}, "ts": "2026-06-21T16:04:09.833440+00:00", "session_id": "5858b336", "level": "INFO"}
{"event": "signal", "strategy": "momentum", "symbol": "JPM", "direction": "BUY", "strength": 0.404092, "metadata": {"rank": 0.8, "sector": "Financials", "fallback": true}, "ts": "2026-06-21T16:04:09.833934+00:00", "session_id": "5858b336", "level": "INFO"}
{"event": "signal", "strategy": "momentum", "symbol": "AMZN", "direction": "BUY", "strength": 0.373094, "metadata": {"rank": 0.8666666666666667, "sector": "Consumer Discretionary", "fallback": true}, "ts": "2026-06-21T16:04:09.834463+00:00", "session_id": "5858b336", "level": "INFO"}
{"event": "signal", "strategy": "momentum", "symbol": "CAT", "direction": "BUY", "strength": 0.357696, "metadata": {"rank": 0.9333333333333333, "sector": "Industrials", "fallback": true}, "ts": "2026-06-21T16:04:09.835202+00:00", "session_id": "5858b336", "level": "INFO"}
MeanReversion: no volume data supplied — volume filter bypassed
{"event": "signal", "strategy": "mean_reversion", "symbol": "AAPL", "direction": "SELL", "strength": 0.853471, "metadata": {"z": 2.0937, "rsi": 77.97, "rv": 0.2815}, "ts": "2026-06-21T16:04:09.851336+00:00", "session_id": "5858b336", "level": "INFO"}
{"event": "signal", "strategy": "mean_reversion", "symbol": "JPM", "direction": "SELL", "strength": 0.330822, "metadata": {"z": 1.3814, "rsi": 74.64, "rv": 0.1529}, "ts": "2026-06-21T16:04:09.862421+00:00", "session_id": "5858b336", "level": "INFO"}
{"event": "signal", "strategy": "mean_reversion", "symbol": "GS", "direction": "SELL", "strength": 1.0, "metadata": {"z": 2.2723, "rsi": 79.76, "rv": 0.1784}, "ts": "2026-06-21T16:04:09.864855+00:00", "session_id": "5858b336", "level": "INFO"}
{"event": "signal", "strategy": "mean_reversion", "symbol": "PG", "direction": "SELL", "strength": 0.834098, "metadata": {"z": 1.906, "rsi": 71.07, "rv": 0.0863}, "ts": "2026-06-21T16:04:09.874914+00:00", "session_id": "5858b336", "level": "INFO"}
{"event": "signal", "strategy": "mean_reversion", "symbol": "NEE", "direction": "SELL", "strength": 0.998435, "metadata": {"z": 2.2081, "rsi": 83.04, "rv": 0.21}, "ts": "2026-06-21T16:04:09.879869+00:00", "session_id": "5858b336", "level": "INFO"}
{"event": "info", "message": "SignalGenerator: 11 raw \u2192 7 combined signals", "metadata": {"regime": "BEAR", "n_strategies": 4, "allocations": {"stat_arb": 0.25, "momentum": 0.15, "factor_model": 0.25, "mean_reversion": 0.3}}, "ts": "2026-06-21T16:04:09.880164+00:00", "session_id": "5858b336", "level": "INFO"}
{"event": "risk_event", "event_type": "trade_rejected", "details": {"symbol": "JNJ", "side": "sell", "qty": 121, "reason": "Individual short position 16.12% exceeds limit 5%", "strategy": "combined"}, "ts": "2026-06-21T16:04:09.897206+00:00", "session_id": "5858b336", "level": "WARNING"}
{"event": "risk_event", "event_type": "trade_rejected", "details": {"symbol": "UNH", "side": "sell", "qty": 24, "reason": "Individual short position 10.99% exceeds limit 5%", "strategy": "combined"}, "ts": "2026-06-21T16:04:09.901139+00:00", "session_id": "5858b336", "level": "WARNING"}
{"event": "order", "order_id": "9922927a-95a", "symbol": "JPM", "side": "sell", "qty": 114, "price": 0.0, "status": "submitted", "metadata": {"order_type": "market", "strategy": "combined"}, "ts": "2026-06-21T16:04:09.901363+00:00", "session_id": "5858b336", "level": "INFO"}
{"event": "risk_event", "event_type": "trade_rejected", "details": {"symbol": "AAPL", "side": "sell", "qty": 86, "reason": "Individual short position 14.93% exceeds limit 5%", "strategy": "combined"}, "ts": "2026-06-21T16:04:09.905395+00:00", "session_id": "5858b336", "level": "WARNING"}
{"event": "risk_event", "event_type": "trade_rejected", "details": {"symbol": "PG", "side": "sell", "qty": 135, "reason": "Individual short position 19.98% exceeds limit 5%", "strategy": "combined"}, "ts": "2026-06-21T16:04:09.909272+00:00", "session_id": "5858b336", "level": "WARNING"}
  [bar 367] 2024-05-13 04:00:00+00:00 | 7 signals | equity=106,365 | regime=BEAR
{"event": "fill", "order_id": "9922927a-95a", "fill_price": 190.64496492568082, "fill_qty": 114, "slippage_bps": 7.0336, "metadata": {"symbol": "JPM", "side": "sell", "commission": 0.5700000000000001, "strategy": "combined"}, "ts": "2026-06-21T16:04:09.913706+00:00", "session_id": "5858b336", "level": "INFO"}
StatArbStrategy.generate_signals: no pairs loaded. Call find_pairs() first.
{"event": "signal", "strategy": "momentum", "symbol": "NVDA", "direction": "BUY", "strength": 0.346275, "metadata": {"rank": 1.0, "sector": "Technology", "fallback": true}, "ts": "2026-06-21T16:04:10.147612+00:00", "session_id": "5858b336", "level": "INFO"}
{"event": "signal", "strategy": "momentum", "symbol": "JNJ", "direction": "SELL", "strength": 1.0, "metadata": {"rank": 0.13333333333333333, "sector": "Healthcare", "fallback": true}, "ts": "2026-06-21T16:04:10.148139+00:00", "session_id": "5858b336", "level": "INFO"}
{"event": "signal", "strategy": "momentum", "symbol": "JPM", "direction": "BUY", "strength": 0.803815, "metadata": {"rank": 0.8, "sector": "Financials", "fallback": true}, "ts": "2026-06-21T16:04:10.148651+00:00", "session_id": "5858b336", "level": "INFO"}
{"event": "signal", "strategy": "momentum", "symbol": "AMZN", "direction": "BUY", "strength": 0.746479, "metadata": {"rank": 0.8666666666666667, "sector": "Consumer Discretionary", "fallback": true}, "ts": "2026-06-21T16:04:10.149140+00:00", "session_id": "5858b336", "level": "INFO"}
{"event": "signal", "strategy": "momentum", "symbol": "TSLA", "direction": "SELL", "strength": 0.270645, "metadata": {"rank": 0.2, "sector": "Consumer Discretionary", "fallback": true}, "ts": "2026-06-21T16:04:10.149386+00:00", "session_id": "5858b336", "level": "INFO"}
{"event": "signal", "strategy": "momentum", "symbol": "CAT", "direction": "BUY", "strength": 0.715909, "metadata": {"rank": 0.9333333333333333, "sector": "Industrials", "fallback": true}, "ts": "2026-06-21T16:04:10.150084+00:00", "session_id": "5858b336", "level": "INFO"}
MeanReversion: no volume data supplied — volume filter bypassed
{"event": "signal", "strategy": "mean_reversion", "symbol": "AAPL", "direction": "SELL", "strength": 0.956188, "metadata": {"z": 2.2123, "rsi": 77.34, "rv": 0.2678}, "ts": "2026-06-21T16:04:10.171895+00:00", "session_id": "5858b336", "level": "INFO"}
{"event": "signal", "strategy": "mean_reversion", "symbol": "JNJ", "direction": "CLOSE", "strength": 1.0, "metadata": {"z": -0.4701, "action": "mean_reversion_exit"}, "ts": "2026-06-21T16:04:10.177024+00:00", "session_id": "5858b336", "level": "INFO"}
{"event": "signal", "strategy": "mean_reversion", "symbol": "UNH", "direction": "SELL", "strength": 0.256281, "metadata": {"z": 1.3063, "rsi": 75.05, "rv": 0.1952}, "ts": "2026-06-21T16:04:10.179539+00:00", "session_id": "5858b336", "level": "INFO"}
{"event": "signal", "strategy": "mean_reversion", "symbol": "JPM", "direction": "SELL", "strength": 0.685218, "metadata": {"z": 1.7844, "rsi": 77.71, "rv": 0.1447}, "ts": "2026-06-21T16:04:10.182217+00:00", "session_id": "5858b336", "level": "INFO"}
{"event": "signal", "strategy": "mean_reversion", "symbol": "GS", "direction": "SELL", "strength": 1.0, "metadata": {"z": 2.3613, "rsi": 83.04, "rv": 0.1683}, "ts": "2026-06-21T16:04:10.184915+00:00", "session_id": "5858b336", "level": "INFO"}
{"event": "signal", "strategy": "mean_reversion", "symbol": "NEE", "direction": "SELL", "strength": 1.0, "metadata": {"z": 2.2286, "rsi": 83.66, "rv": 0.1872}, "ts": "2026-06-21T16:04:10.202368+00:00", "session_id": "5858b336", "level": "INFO"}
{"event": "info", "message": "SignalGenerator: 12 raw \u2192 9 combined signals", "metadata": {"regime": "SIDEWAYS", "n_strategies": 4, "allocations": {"stat_arb": 0.25, "momentum": 0.3, "factor_model": 0.25, "mean_reversion": 0.18}}, "ts": "2026-06-21T16:04:10.202678+00:00", "session_id": "5858b336", "level": "INFO"}
{"event": "order", "order_id": "73129510-d12", "symbol": "JPM", "side": "buy", "qty": 110, "price": 0.0, "status": "submitted", "metadata": {"order_type": "market", "strategy": "combined"}, "ts": "2026-06-21T16:04:10.221093+00:00", "session_id": "5858b336", "level": "INFO"}
{"event": "risk_event", "event_type": "trade_rejected", "details": {"symbol": "AAPL", "side": "sell", "qty": 89, "reason": "Individual short position 15.54% exceeds limit 5%", "strategy": "combined"}, "ts": "2026-06-21T16:04:10.224486+00:00", "session_id": "5858b336", "level": "WARNING"}
{"event": "risk_event", "event_type": "trade_rejected", "details": {"symbol": "NEE", "side": "sell", "qty": 193, "reason": "Individual short position 12.83% exceeds limit 5%", "strategy": "combined"}, "ts": "2026-06-21T16:04:10.227654+00:00", "session_id": "5858b336", "level": "WARNING"}
  [bar 368] 2024-05-14 04:00:00+00:00 | 9 signals | equity=106,417 | regime=SIDEWAYS
{"event": "fill", "order_id": "73129510-d12", "fill_price": 193.80096353839892, "fill_qty": 110, "slippage_bps": 7.0321, "metadata": {"symbol": "JPM", "side": "buy", "commission": 0.55, "strategy": "combined"}, "ts": "2026-06-21T16:04:10.232021+00:00", "session_id": "5858b336", "level": "INFO"}
StatArbStrategy.generate_signals: no pairs loaded. Call find_pairs() first.
{"event": "signal", "strategy": "momentum", "symbol": "NVDA", "direction": "BUY", "strength": 0.174776, "metadata": {"rank": 1.0, "sector": "Technology", "fallback": true}, "ts": "2026-06-21T16:04:10.541778+00:00", "session_id": "5858b336", "level": "INFO"}
{"event": "signal", "strategy": "momentum", "symbol": "JNJ", "direction": "SELL", "strength": 0.545029, "metadata": {"rank": 0.13333333333333333, "sector": "Healthcare", "fallback": true}, "ts": "2026-06-21T16:04:10.542360+00:00", "session_id": "5858b336", "level": "INFO"}
{"event": "signal", "strategy": "momentum", "symbol": "JPM", "direction": "BUY", "strength": 0.401963, "metadata": {"rank": 0.8, "sector": "Financials", "fallback": true}, "ts": "2026-06-21T16:04:10.542896+00:00", "session_id": "5858b336", "level": "INFO"}
{"event": "signal", "strategy": "momentum", "symbol": "AMZN", "direction": "BUY", "strength": 0.376302, "metadata": {"rank": 0.8666666666666667, "sector": "Consumer Discretionary", "fallback": true}, "ts": "2026-06-21T16:04:10.543425+00:00", "session_id": "5858b336", "level": "INFO"}
{"event": "signal", "strategy": "momentum", "symbol": "TSLA", "direction": "SELL", "strength": 0.135768, "metadata": {"rank": 0.2, "sector": "Consumer Discretionary", "fallback": true}, "ts": "2026-06-21T16:04:10.543686+00:00", "session_id": "5858b336", "level": "INFO"}
{"event": "signal", "strategy": "momentum", "symbol": "CAT", "direction": "BUY", "strength": 0.366863, "metadata": {"rank": 0.9333333333333333, "sector": "Industrials", "fallback": true}, "ts": "2026-06-21T16:04:10.544408+00:00", "session_id": "5858b336", "level": "INFO"}
MeanReversion: no volume data supplied — volume filter bypassed
{"event": "signal", "strategy": "mean_reversion", "symbol": "AAPL", "direction": "SELL", "strength": 1.0, "metadata": {"z": 2.4607, "rsi": 78.25, "rv": 0.2641}, "ts": "2026-06-21T16:04:10.564055+00:00", "session_id": "5858b336", "level": "INFO"}
{"event": "signal", "strategy": "mean_reversion", "symbol": "NVDA", "direction": "SELL", "strength": 0.330976, "metadata": {"z": 1.53, "rsi": 71.26, "rv": 0.6012}, "ts": "2026-06-21T16:04:10.568748+00:00", "session_id": "5858b336", "level": "INFO"}
{"event": "signal", "strategy": "mean_reversion", "symbol": "UNH", "direction": "SELL", "strength": 0.413767, "metadata": {"z": 1.4905, "rsi": 73.61, "rv": 0.1854}, "ts": "2026-06-21T16:04:10.572867+00:00", "session_id": "5858b336", "level": "INFO"}
{"event": "signal", "strategy": "mean_reversion", "symbol": "JPM", "direction": "SELL", "strength": 0.72555, "metadata": {"z": 1.8277, "rsi": 78.16, "rv": 0.1408}, "ts": "2026-06-21T16:04:10.574875+00:00", "session_id": "5858b336", "level": "INFO"}
{"event": "signal", "strategy": "mean_reversion", "symbol": "GS", "direction": "SELL", "strength": 1.0, "metadata": {"z": 2.5379, "rsi": 89.53, "rv": 0.1674}, "ts": "2026-06-21T16:04:10.576751+00:00", "session_id": "5858b336", "level": "INFO"}
{"event": "signal", "strategy": "mean_reversion", "symbol": "GOOGL", "direction": "SELL", "strength": 0.514085, "metadata": {"z": 1.7242, "rsi": 70.03, "rv": 0.4088}, "ts": "2026-06-21T16:04:10.586489+00:00", "session_id": "5858b336", "level": "INFO"}
{"event": "signal", "strategy": "mean_reversion", "symbol": "NEE", "direction": "SELL", "strength": 1.0, "metadata": {"z": 2.3661, "rsi": 85.12, "rv": 0.1717}, "ts": "2026-06-21T16:04:10.589884+00:00", "session_id": "5858b336", "level": "INFO"}
{"event": "info", "message": "SignalGenerator: 13 raw \u2192 8 combined signals", "metadata": {"regime": "BEAR", "n_strategies": 4, "allocations": {"stat_arb": 0.25, "momentum": 0.15, "factor_model": 0.25, "mean_reversion": 0.3}}, "ts": "2026-06-21T16:04:10.590194+00:00", "session_id": "5858b336", "level": "INFO"}
{"event": "order", "order_id": "bc785830-c86", "symbol": "NVDA", "side": "sell", "qty": 56, "price": 0.0, "status": "submitted", "metadata": {"order_type": "market", "strategy": "combined"}, "ts": "2026-06-21T16:04:10.604524+00:00", "session_id": "5858b336", "level": "INFO"}
{"event": "risk_event", "event_type": "trade_rejected", "details": {"symbol": "JNJ", "side": "sell", "qty": 148, "reason": "Individual short position 19.88% exceeds limit 5%", "strategy": "combined"}, "ts": "2026-06-21T16:04:10.608709+00:00", "session_id": "5858b336", "level": "WARNING"}
{"event": "risk_event", "event_type": "trade_rejected", "details": {"symbol": "AAPL", "side": "sell", "qty": 79, "reason": "Individual short position 13.95% exceeds limit 5%", "strategy": "combined"}, "ts": "2026-06-21T16:04:10.612678+00:00", "session_id": "5858b336", "level": "WARNING"}
{"event": "risk_event", "event_type": "trade_rejected", "details": {"symbol": "UNH", "side": "sell", "qty": 25, "reason": "Individual short position 11.56% exceeds limit 5%", "strategy": "combined"}, "ts": "2026-06-21T16:04:10.616793+00:00", "session_id": "5858b336", "level": "WARNING"}
{"event": "risk_event", "event_type": "trade_rejected", "details": {"symbol": "GS", "side": "sell", "qty": 42, "reason": "Individual short position 17.54% exceeds limit 5%", "strategy": "combined"}, "ts": "2026-06-21T16:04:10.620699+00:00", "session_id": "5858b336", "level": "WARNING"}
{"event": "risk_event", "event_type": "trade_rejected", "details": {"symbol": "NEE", "side": "sell", "qty": 164, "reason": "Individual short position 11.12% exceeds limit 5%", "strategy": "combined"}, "ts": "2026-06-21T16:04:10.624620+00:00", "session_id": "5858b336", "level": "WARNING"}
  [bar 369] 2024-05-15 04:00:00+00:00 | 8 signals | equity=106,522 | regime=BEAR
{"event": "fill", "order_id": "bc785830-c86", "fill_price": 94.67959841238742, "fill_qty": 56, "slippage_bps": 7.0136, "metadata": {"symbol": "NVDA", "side": "sell", "commission": 0.28, "strategy": "combined"}, "ts": "2026-06-21T16:04:10.629752+00:00", "session_id": "5858b336", "level": "INFO"}
StatArbStrategy.generate_signals: no pairs loaded. Call find_pairs() first.
{"event": "signal", "strategy": "momentum", "symbol": "NVDA", "direction": "BUY", "strength": 0.352106, "metadata": {"rank": 1.0, "sector": "Technology", "fallback": true}, "ts": "2026-06-21T16:04:10.873547+00:00", "session_id": "5858b336", "level": "INFO"}
{"event": "signal", "strategy": "momentum", "symbol": "JNJ", "direction": "SELL", "strength": 1.0, "metadata": {"rank": 0.13333333333333333, "sector": "Healthcare", "fallback": true}, "ts": "2026-06-21T16:04:10.874121+00:00", "session_id": "5858b336", "level": "INFO"}
{"event": "signal", "strategy": "momentum", "symbol": "JPM", "direction": "BUY", "strength": 0.804793, "metadata": {"rank": 0.8, "sector": "Financials", "fallback": true}, "ts": "2026-06-21T16:04:10.874753+00:00", "session_id": "5858b336", "level": "INFO"}
{"event": "signal", "strategy": "momentum", "symbol": "AMZN", "direction": "BUY", "strength": 0.748039, "metadata": {"rank": 0.8666666666666667, "sector": "Consumer Discretionary", "fallback": true}, "ts": "2026-06-21T16:04:10.875318+00:00", "session_id": "5858b336", "level": "INFO"}
{"event": "signal", "strategy": "momentum", "symbol": "TSLA", "direction": "SELL", "strength": 0.271544, "metadata": {"rank": 0.2, "sector": "Consumer Discretionary", "fallback": true}, "ts": "2026-06-21T16:04:10.875582+00:00", "session_id": "5858b336", "level": "INFO"}
{"event": "signal", "strategy": "momentum", "symbol": "CAT", "direction": "BUY", "strength": 0.716821, "metadata": {"rank": 0.9333333333333333, "sector": "Industrials", "fallback": true}, "ts": "2026-06-21T16:04:10.876328+00:00", "session_id": "5858b336", "level": "INFO"}
MeanReversion: no volume data supplied — volume filter bypassed
{"event": "signal", "strategy": "mean_reversion", "symbol": "AAPL", "direction": "SELL", "strength": 1.0, "metadata": {"z": 2.3693, "rsi": 79.64, "rv": 0.2613}, "ts": "2026-06-21T16:04:10.892535+00:00", "session_id": "5858b336", "level": "INFO"}
{"event": "signal", "strategy": "mean_reversion", "symbol": "UNH", "direction": "SELL", "strength": 0.576829, "metadata": {"z": 1.6693, "rsi": 74.73, "rv": 0.1602}, "ts": "2026-06-21T16:04:10.899174+00:00", "session_id": "5858b336", "level": "INFO"}
{"event": "signal", "strategy": "mean_reversion", "symbol": "JPM", "direction": "SELL", "strength": 0.723879, "metadata": {"z": 1.8263, "rsi": 78.49, "rv": 0.1415}, "ts": "2026-06-21T16:04:10.901085+00:00", "session_id": "5858b336", "level": "INFO"}
{"event": "signal", "strategy": "mean_reversion", "symbol": "GS", "direction": "SELL", "strength": 1.0, "metadata": {"z": 2.3177, "rsi": 85.33, "rv": 0.1685}, "ts": "2026-06-21T16:04:10.902980+00:00", "session_id": "5858b336", "level": "INFO"}
{"event": "signal", "strategy": "mean_reversion", "symbol": "PG", "direction": "SELL", "strength": 1.0, "metadata": {"z": 2.1855, "rsi": 82.3, "rv": 0.0866}, "ts": "2026-06-21T16:04:10.911205+00:00", "session_id": "5858b336", "level": "INFO"}
{"event": "signal", "strategy": "mean_reversion", "symbol": "NEE", "direction": "SELL", "strength": 0.96086, "metadata": {"z": 2.1356, "rsi": 86.74, "rv": 0.1819}, "ts": "2026-06-21T16:04:10.916171+00:00", "session_id": "5858b336", "level": "INFO"}
{"event": "info", "message": "SignalGenerator: 12 raw \u2192 11 combined signals", "metadata": {"regime": "SIDEWAYS", "n_strategies": 4, "allocations": {"stat_arb": 0.25, "momentum": 0.3, "factor_model": 0.25, "mean_reversion": 0.18}}, "ts": "2026-06-21T16:04:10.916508+00:00", "session_id": "5858b336", "level": "INFO"}
{"event": "order", "order_id": "61cbe5b2-430", "symbol": "NVDA", "side": "buy", "qty": 30, "price": 0.0, "status": "submitted", "metadata": {"order_type": "market", "strategy": "combined"}, "ts": "2026-06-21T16:04:10.937226+00:00", "session_id": "5858b336", "level": "INFO"}
{"event": "risk_event", "event_type": "trade_rejected", "details": {"symbol": "JNJ", "side": "sell", "qty": 146, "reason": "Individual short position 19.93% exceeds limit 5%", "strategy": "combined"}, "ts": "2026-06-21T16:04:10.940573+00:00", "session_id": "5858b336", "level": "WARNING"}
{"event": "risk_event", "event_type": "trade_rejected", "details": {"symbol": "AAPL", "side": "sell", "qty": 84, "reason": "Individual short position 14.92% exceeds limit 5%", "strategy": "combined"}, "ts": "2026-06-21T16:04:10.943896+00:00", "session_id": "5858b336", "level": "WARNING"}
{"event": "risk_event", "event_type": "trade_rejected", "details": {"symbol": "UNH", "side": "sell", "qty": 27, "reason": "Individual short position 12.64% exceeds limit 5%", "strategy": "combined"}, "ts": "2026-06-21T16:04:10.947126+00:00", "session_id": "5858b336", "level": "WARNING"}
{"event": "risk_event", "event_type": "trade_rejected", "details": {"symbol": "PG", "side": "sell", "qty": 133, "reason": "Individual short position 19.99% exceeds limit 5%", "strategy": "combined"}, "ts": "2026-06-21T16:04:10.950499+00:00", "session_id": "5858b336", "level": "WARNING"}
{"event": "risk_event", "event_type": "trade_rejected", "details": {"symbol": "NEE", "side": "sell", "qty": 164, "reason": "Individual short position 11.09% exceeds limit 5%", "strategy": "combined"}, "ts": "2026-06-21T16:04:10.954702+00:00", "session_id": "5858b336", "level": "WARNING"}
  [bar 370] 2024-05-16 04:00:00+00:00 | 11 signals | equity=105,949 | regime=SIDEWAYS
{"event": "fill", "order_id": "61cbe5b2-430", "fill_price": 94.27199553094343, "fill_qty": 30, "slippage_bps": 7.0077, "metadata": {"symbol": "NVDA", "side": "buy", "commission": 0.15, "strategy": "combined"}, "ts": "2026-06-21T16:04:10.961515+00:00", "session_id": "5858b336", "level": "INFO"}
StatArbStrategy.generate_signals: no pairs loaded. Call find_pairs() first.
{"event": "signal", "strategy": "momentum", "symbol": "NVDA", "direction": "BUY", "strength": 0.207631, "metadata": {"rank": 1.0, "sector": "Technology", "fallback": true}, "ts": "2026-06-21T16:04:11.200290+00:00", "session_id": "5858b336", "level": "INFO"}
{"event": "signal", "strategy": "momentum", "symbol": "JNJ", "direction": "SELL", "strength": 0.504746, "metadata": {"rank": 0.2, "sector": "Healthcare", "fallback": true}, "ts": "2026-06-21T16:04:11.200970+00:00", "session_id": "5858b336", "level": "INFO"}
{"event": "signal", "strategy": "momentum", "symbol": "JPM", "direction": "BUY", "strength": 0.402621, "metadata": {"rank": 0.8, "sector": "Financials", "fallback": true}, "ts": "2026-06-21T16:04:11.201594+00:00", "session_id": "5858b336", "level": "INFO"}
{"event": "signal", "strategy": "momentum", "symbol": "AMZN", "direction": "BUY", "strength": 0.391822, "metadata": {"rank": 0.8666666666666667, "sector": "Consumer Discretionary", "fallback": true}, "ts": "2026-06-21T16:04:11.202265+00:00", "session_id": "5858b336", "level": "INFO"}
{"event": "signal", "strategy": "momentum", "symbol": "TSLA", "direction": "SELL", "strength": 0.147046, "metadata": {"rank": 0.13333333333333333, "sector": "Consumer Discretionary", "fallback": true}, "ts": "2026-06-21T16:04:11.202521+00:00", "session_id": "5858b336", "level": "INFO"}
{"event": "signal", "strategy": "momentum", "symbol": "CAT", "direction": "BUY", "strength": 0.358344, "metadata": {"rank": 0.9333333333333333, "sector": "Industrials", "fallback": true}, "ts": "2026-06-21T16:04:11.203487+00:00", "session_id": "5858b336", "level": "INFO"}
MeanReversion: no volume data supplied — volume filter bypassed
{"event": "signal", "strategy": "mean_reversion", "symbol": "AAPL", "direction": "SELL", "strength": 1.0, "metadata": {"z": 2.2944, "rsi": 76.9, "rv": 0.253}, "ts": "2026-06-21T16:04:11.225459+00:00", "session_id": "5858b336", "level": "INFO"}
{"event": "signal", "strategy": "mean_reversion", "symbol": "UNH", "direction": "SELL", "strength": 0.722772, "metadata": {"z": 1.8335, "rsi": 86.0, "rv": 0.1532}, "ts": "2026-06-21T16:04:11.232044+00:00", "session_id": "5858b336", "level": "INFO"}
{"event": "signal", "strategy": "mean_reversion", "symbol": "JPM", "direction": "SELL", "strength": 0.985235, "metadata": {"z": 2.1076, "rsi": 82.2, "rv": 0.1242}, "ts": "2026-06-21T16:04:11.234026+00:00", "session_id": "5858b336", "level": "INFO"}
{"event": "signal", "strategy": "mean_reversion", "symbol": "GS", "direction": "SELL", "strength": 1.0, "metadata": {"z": 2.3069, "rsi": 85.32, "rv": 0.1675}, "ts": "2026-06-21T16:04:11.235834+00:00", "session_id": "5858b336", "level": "INFO"}
{"event": "signal", "strategy": "mean_reversion", "symbol": "PG", "direction": "SELL", "strength": 0.929068, "metadata": {"z": 2.0105, "rsi": 79.84, "rv": 0.0876}, "ts": "2026-06-21T16:04:11.243815+00:00", "session_id": "5858b336", "level": "INFO"}
{"event": "signal", "strategy": "mean_reversion", "symbol": "GOOGL", "direction": "SELL", "strength": 0.604252, "metadata": {"z": 1.8483, "rsi": 71.53, "rv": 0.4038}, "ts": "2026-06-21T16:04:11.245686+00:00", "session_id": "5858b336", "level": "INFO"}
{"event": "signal", "strategy": "mean_reversion", "symbol": "NEE", "direction": "SELL", "strength": 0.828419, "metadata": {"z": 1.9835, "rsi": 83.17, "rv": 0.1872}, "ts": "2026-06-21T16:04:11.249069+00:00", "session_id": "5858b336", "level": "INFO"}
{"event": "info", "message": "SignalGenerator: 13 raw \u2192 8 combined signals", "metadata": {"regime": "BEAR", "n_strategies": 4, "allocations": {"stat_arb": 0.25, "momentum": 0.15, "factor_model": 0.25, "mean_reversion": 0.3}}, "ts": "2026-06-21T16:04:11.249407+00:00", "session_id": "5858b336", "level": "INFO"}
{"event": "risk_event", "event_type": "trade_rejected", "details": {"symbol": "JNJ", "side": "sell", "qty": 126, "reason": "Individual short position 17.13% exceeds limit 5%", "strategy": "combined"}, "ts": "2026-06-21T16:04:11.273343+00:00", "session_id": "5858b336", "level": "WARNING"}
{"event": "risk_event", "event_type": "trade_rejected", "details": {"symbol": "AAPL", "side": "sell", "qty": 88, "reason": "Individual short position 15.54% exceeds limit 5%", "strategy": "combined"}, "ts": "2026-06-21T16:04:11.277575+00:00", "session_id": "5858b336", "level": "WARNING"}
{"event": "risk_event", "event_type": "trade_rejected", "details": {"symbol": "UNH", "side": "sell", "qty": 28, "reason": "Individual short position 13.11% exceeds limit 5%", "strategy": "combined"}, "ts": "2026-06-21T16:04:11.281509+00:00", "session_id": "5858b336", "level": "WARNING"}
{"event": "risk_event", "event_type": "trade_rejected", "details": {"symbol": "PG", "side": "sell", "qty": 134, "reason": "Individual short position 19.99% exceeds limit 5%", "strategy": "combined"}, "ts": "2026-06-21T16:04:11.285463+00:00", "session_id": "5858b336", "level": "WARNING"}
  [bar 371] 2024-05-17 04:00:00+00:00 | 8 signals | equity=106,627 | regime=BEAR
StatArbStrategy.generate_signals: no pairs loaded. Call find_pairs() first.
{"event": "signal", "strategy": "momentum", "symbol": "NVDA", "direction": "BUY", "strength": 0.413479, "metadata": {"rank": 1.0, "sector": "Technology", "fallback": true}, "ts": "2026-06-21T16:04:11.523605+00:00", "session_id": "5858b336", "level": "INFO"}
{"event": "signal", "strategy": "momentum", "symbol": "JNJ", "direction": "SELL", "strength": 1.0, "metadata": {"rank": 0.2, "sector": "Healthcare", "fallback": true}, "ts": "2026-06-21T16:04:11.524157+00:00", "session_id": "5858b336", "level": "INFO"}
{"event": "signal", "strategy": "momentum", "symbol": "JPM", "direction": "BUY", "strength": 0.722151, "metadata": {"rank": 0.8, "sector": "Financials", "fallback": true}, "ts": "2026-06-21T16:04:11.524670+00:00", "session_id": "5858b336", "level": "INFO"}
{"event": "signal", "strategy": "momentum", "symbol": "AMZN", "direction": "BUY", "strength": 0.781968, "metadata": {"rank": 0.8666666666666667, "sector": "Consumer Discretionary", "fallback": true}, "ts": "2026-06-21T16:04:11.525402+00:00", "session_id": "5858b336", "level": "INFO"}
{"event": "signal", "strategy": "momentum", "symbol": "TSLA", "direction": "SELL", "strength": 0.295059, "metadata": {"rank": 0.13333333333333333, "sector": "Consumer Discretionary", "fallback": true}, "ts": "2026-06-21T16:04:11.525637+00:00", "session_id": "5858b336", "level": "INFO"}
{"event": "signal", "strategy": "momentum", "symbol": "CAT", "direction": "BUY", "strength": 0.711155, "metadata": {"rank": 0.9333333333333333, "sector": "Industrials", "fallback": true}, "ts": "2026-06-21T16:04:11.526364+00:00", "session_id": "5858b336", "level": "INFO"}
MeanReversion: no volume data supplied — volume filter bypassed
{"event": "signal", "strategy": "mean_reversion", "symbol": "AAPL", "direction": "SELL", "strength": 1.0, "metadata": {"z": 2.3543, "rsi": 86.26, "rv": 0.2529}, "ts": "2026-06-21T16:04:11.542573+00:00", "session_id": "5858b336", "level": "INFO"}
{"event": "signal", "strategy": "mean_reversion", "symbol": "MSFT", "direction": "SELL", "strength": 0.224912, "metadata": {"z": 1.2762, "rsi": 84.72, "rv": 0.228}, "ts": "2026-06-21T16:04:11.544425+00:00", "session_id": "5858b336", "level": "INFO"}
{"event": "signal", "strategy": "mean_reversion", "symbol": "UNH", "direction": "SELL", "strength": 0.431558, "metadata": {"z": 1.4933, "rsi": 82.55, "rv": 0.1432}, "ts": "2026-06-21T16:04:11.549410+00:00", "session_id": "5858b336", "level": "INFO"}
{"event": "signal", "strategy": "mean_reversion", "symbol": "GS", "direction": "SELL", "strength": 0.870098, "metadata": {"z": 2.0007, "rsi": 84.22, "rv": 0.1501}, "ts": "2026-06-21T16:04:11.553408+00:00", "session_id": "5858b336", "level": "INFO"}
{"event": "signal", "strategy": "mean_reversion", "symbol": "PG", "direction": "SELL", "strength": 0.771412, "metadata": {"z": 1.8304, "rsi": 73.33, "rv": 0.0765}, "ts": "2026-06-21T16:04:11.564182+00:00", "session_id": "5858b336", "level": "INFO"}
{"event": "signal", "strategy": "mean_reversion", "symbol": "GOOGL", "direction": "SELL", "strength": 0.590599, "metadata": {"z": 1.8285, "rsi": 84.49, "rv": 0.4029}, "ts": "2026-06-21T16:04:11.566598+00:00", "session_id": "5858b336", "level": "INFO"}
{"event": "signal", "strategy": "mean_reversion", "symbol": "NEE", "direction": "SELL", "strength": 0.724917, "metadata": {"z": 1.8622, "rsi": 84.66, "rv": 0.1893}, "ts": "2026-06-21T16:04:11.571072+00:00", "session_id": "5858b336", "level": "INFO"}
{"event": "info", "message": "SignalGenerator: 13 raw \u2192 12 combined signals", "metadata": {"regime": "SIDEWAYS", "n_strategies": 4, "allocations": {"stat_arb": 0.25, "momentum": 0.3, "factor_model": 0.25, "mean_reversion": 0.18}}, "ts": "2026-06-21T16:04:11.571456+00:00", "session_id": "5858b336", "level": "INFO"}
{"event": "order", "order_id": "6f73dd40-994", "symbol": "NVDA", "side": "buy", "qty": 1, "price": 0.0, "status": "submitted", "metadata": {"order_type": "market", "strategy": "combined"}, "ts": "2026-06-21T16:04:11.594123+00:00", "session_id": "5858b336", "level": "INFO"}
{"event": "risk_event", "event_type": "trade_rejected", "details": {"symbol": "JNJ", "side": "sell", "qty": 148, "reason": "Individual short position 19.99% exceeds limit 5%", "strategy": "combined"}, "ts": "2026-06-21T16:04:11.598221+00:00", "session_id": "5858b336", "level": "WARNING"}
{"event": "risk_event", "event_type": "trade_rejected", "details": {"symbol": "AAPL", "side": "sell", "qty": 88, "reason": "Individual short position 15.75% exceeds limit 5%", "strategy": "combined"}, "ts": "2026-06-21T16:04:11.602187+00:00", "session_id": "5858b336", "level": "WARNING"}
{"event": "risk_event", "event_type": "trade_rejected", "details": {"symbol": "UNH", "side": "sell", "qty": 27, "reason": "Individual short position 12.56% exceeds limit 5%", "strategy": "combined"}, "ts": "2026-06-21T16:04:11.606143+00:00", "session_id": "5858b336", "level": "WARNING"}
{"event": "risk_event", "event_type": "trade_rejected", "details": {"symbol": "PG", "side": "sell", "qty": 133, "reason": "Individual short position 19.95% exceeds limit 5%", "strategy": "combined"}, "ts": "2026-06-21T16:04:11.610044+00:00", "session_id": "5858b336", "level": "WARNING"}
{"event": "risk_event", "event_type": "trade_rejected", "details": {"symbol": "NEE", "side": "sell", "qty": 149, "reason": "Individual short position 10.02% exceeds limit 5%", "strategy": "combined"}, "ts": "2026-06-21T16:04:11.613918+00:00", "session_id": "5858b336", "level": "WARNING"}
  [bar 372] 2024-05-20 04:00:00+00:00 | 12 signals | equity=105,821 | regime=SIDEWAYS
{"event": "fill", "order_id": "6f73dd40-994", "fill_price": 93.50273274423952, "fill_qty": 1, "slippage_bps": 7.0014, "metadata": {"symbol": "NVDA", "side": "buy", "commission": 0.005, "strategy": "combined"}, "ts": "2026-06-21T16:04:11.619126+00:00", "session_id": "5858b336", "level": "INFO"}
StatArbStrategy.generate_signals: no pairs loaded. Call find_pairs() first.
{"event": "signal", "strategy": "momentum", "symbol": "NVDA", "direction": "BUY", "strength": 0.413439, "metadata": {"rank": 1.0, "sector": "Technology", "fallback": true}, "ts": "2026-06-21T16:04:11.860434+00:00", "session_id": "5858b336", "level": "INFO"}
{"event": "signal", "strategy": "momentum", "symbol": "JNJ", "direction": "SELL", "strength": 1.0, "metadata": {"rank": 0.2, "sector": "Healthcare", "fallback": true}, "ts": "2026-06-21T16:04:11.861108+00:00", "session_id": "5858b336", "level": "INFO"}
{"event": "signal", "strategy": "momentum", "symbol": "JPM", "direction": "BUY", "strength": 0.712158, "metadata": {"rank": 0.8, "sector": "Financials", "fallback": true}, "ts": "2026-06-21T16:04:11.861719+00:00", "session_id": "5858b336", "level": "INFO"}
{"event": "signal", "strategy": "momentum", "symbol": "AMZN", "direction": "BUY", "strength": 0.781855, "metadata": {"rank": 0.8666666666666667, "sector": "Consumer Discretionary", "fallback": true}, "ts": "2026-06-21T16:04:11.862342+00:00", "session_id": "5858b336", "level": "INFO"}
{"event": "signal", "strategy": "momentum", "symbol": "TSLA", "direction": "SELL", "strength": 0.312418, "metadata": {"rank": 0.06666666666666667, "sector": "Consumer Discretionary", "fallback": true}, "ts": "2026-06-21T16:04:11.862578+00:00", "session_id": "5858b336", "level": "INFO"}
{"event": "signal", "strategy": "momentum", "symbol": "CAT", "direction": "BUY", "strength": 0.70816, "metadata": {"rank": 0.9333333333333333, "sector": "Industrials", "fallback": true}, "ts": "2026-06-21T16:04:11.863440+00:00", "session_id": "5858b336", "level": "INFO"}
MeanReversion: no volume data supplied — volume filter bypassed
{"event": "signal", "strategy": "mean_reversion", "symbol": "AAPL", "direction": "SELL", "strength": 1.0, "metadata": {"z": 2.4029, "rsi": 89.92, "rv": 0.2529}, "ts": "2026-06-21T16:04:11.882674+00:00", "session_id": "5858b336", "level": "INFO"}
{"event": "signal", "strategy": "mean_reversion", "symbol": "MSFT", "direction": "SELL", "strength": 0.491502, "metadata": {"z": 1.6014, "rsi": 84.15, "rv": 0.2236}, "ts": "2026-06-21T16:04:11.884546+00:00", "session_id": "5858b336", "level": "INFO"}
{"event": "signal", "strategy": "mean_reversion", "symbol": "NVDA", "direction": "SELL", "strength": 0.468852, "metadata": {"z": 1.6686, "rsi": 76.34, "rv": 0.4259}, "ts": "2026-06-21T16:04:11.886440+00:00", "session_id": "5858b336", "level": "INFO"}
{"event": "signal", "strategy": "mean_reversion", "symbol": "UNH", "direction": "SELL", "strength": 0.707967, "metadata": {"z": 1.806, "rsi": 84.34, "rv": 0.1384}, "ts": "2026-06-21T16:04:11.889780+00:00", "session_id": "5858b336", "level": "INFO"}
{"event": "signal", "strategy": "mean_reversion", "symbol": "GS", "direction": "SELL", "strength": 1.0, "metadata": {"z": 2.1762, "rsi": 86.12, "rv": 0.1503}, "ts": "2026-06-21T16:04:11.893145+00:00", "session_id": "5858b336", "level": "INFO"}
{"event": "signal", "strategy": "mean_reversion", "symbol": "PG", "direction": "SELL", "strength": 0.927289, "metadata": {"z": 1.9983, "rsi": 75.65, "rv": 0.0766}, "ts": "2026-06-21T16:04:11.901845+00:00", "session_id": "5858b336", "level": "INFO"}
{"event": "signal", "strategy": "mean_reversion", "symbol": "GOOGL", "direction": "SELL", "strength": 0.586884, "metadata": {"z": 1.8229, "rsi": 84.37, "rv": 0.4022}, "ts": "2026-06-21T16:04:11.904266+00:00", "session_id": "5858b336", "level": "INFO"}
{"event": "signal", "strategy": "mean_reversion", "symbol": "NEE", "direction": "SELL", "strength": 0.796715, "metadata": {"z": 1.9478, "rsi": 83.96, "rv": 0.1896}, "ts": "2026-06-21T16:04:11.908821+00:00", "session_id": "5858b336", "level": "INFO"}
{"event": "info", "message": "SignalGenerator: 14 raw \u2192 13 combined signals", "metadata": {"regime": "SIDEWAYS", "n_strategies": 4, "allocations": {"stat_arb": 0.25, "momentum": 0.3, "factor_model": 0.25, "mean_reversion": 0.18}}, "ts": "2026-06-21T16:04:11.909171+00:00", "session_id": "5858b336", "level": "INFO"}
{"event": "order", "order_id": "da7a622d-1c5", "symbol": "NVDA", "side": "sell", "qty": 31, "price": 0.0, "status": "submitted", "metadata": {"order_type": "market", "strategy": "combined"}, "ts": "2026-06-21T16:04:11.940016+00:00", "session_id": "5858b336", "level": "INFO"}
{"event": "risk_event", "event_type": "trade_rejected", "details": {"symbol": "JNJ", "side": "sell", "qty": 148, "reason": "Individual short position 19.93% exceeds limit 5%", "strategy": "combined"}, "ts": "2026-06-21T16:04:11.946742+00:00", "session_id": "5858b336", "level": "WARNING"}
{"event": "risk_event", "event_type": "trade_rejected", "details": {"symbol": "AAPL", "side": "sell", "qty": 70, "reason": "Individual short position 12.58% exceeds limit 5%", "strategy": "combined"}, "ts": "2026-06-21T16:04:11.955282+00:00", "session_id": "5858b336", "level": "WARNING"}
{"event": "risk_event", "event_type": "trade_rejected", "details": {"symbol": "UNH", "side": "sell", "qty": 29, "reason": "Individual short position 13.62% exceeds limit 5%", "strategy": "combined"}, "ts": "2026-06-21T16:04:11.965211+00:00", "session_id": "5858b336", "level": "WARNING"}
{"event": "risk_event", "event_type": "trade_rejected", "details": {"symbol": "PG", "side": "sell", "qty": 132, "reason": "Individual short position 19.87% exceeds limit 5%", "strategy": "combined"}, "ts": "2026-06-21T16:04:11.972183+00:00", "session_id": "5858b336", "level": "WARNING"}
{"event": "risk_event", "event_type": "trade_rejected", "details": {"symbol": "NEE", "side": "sell", "qty": 148, "reason": "Individual short position 10.06% exceeds limit 5%", "strategy": "combined"}, "ts": "2026-06-21T16:04:11.979633+00:00", "session_id": "5858b336", "level": "WARNING"}
  [bar 373] 2024-05-21 04:00:00+00:00 | 13 signals | equity=106,132 | regime=SIDEWAYS
{"event": "fill", "order_id": "da7a622d-1c5", "fill_price": 95.2273147124308, "fill_qty": 31, "slippage_bps": 7.0071, "metadata": {"symbol": "NVDA", "side": "sell", "commission": 0.155, "strategy": "combined"}, "ts": "2026-06-21T16:04:11.989882+00:00", "session_id": "5858b336", "level": "INFO"}
StatArbStrategy.generate_signals: no pairs loaded. Call find_pairs() first.
{"event": "signal", "strategy": "momentum", "symbol": "NVDA", "direction": "BUY", "strength": 0.413461, "metadata": {"rank": 1.0, "sector": "Technology", "fallback": true}, "ts": "2026-06-21T16:04:12.334579+00:00", "session_id": "5858b336", "level": "INFO"}
{"event": "signal", "strategy": "momentum", "symbol": "JNJ", "direction": "SELL", "strength": 0.985167, "metadata": {"rank": 0.2, "sector": "Healthcare", "fallback": true}, "ts": "2026-06-21T16:04:12.335105+00:00", "session_id": "5858b336", "level": "INFO"}
{"event": "signal", "strategy": "momentum", "symbol": "JPM", "direction": "BUY", "strength": 0.710482, "metadata": {"rank": 0.8, "sector": "Financials", "fallback": true}, "ts": "2026-06-21T16:04:12.335624+00:00", "session_id": "5858b336", "level": "INFO"}
{"event": "signal", "strategy": "momentum", "symbol": "AMZN", "direction": "BUY", "strength": 0.783832, "metadata": {"rank": 0.8666666666666667, "sector": "Consumer Discretionary", "fallback": true}, "ts": "2026-06-21T16:04:12.336143+00:00", "session_id": "5858b336", "level": "INFO"}
{"event": "signal", "strategy": "momentum", "symbol": "TSLA", "direction": "SELL", "strength": 0.288135, "metadata": {"rank": 0.13333333333333333, "sector": "Consumer Discretionary", "fallback": true}, "ts": "2026-06-21T16:04:12.336373+00:00", "session_id": "5858b336", "level": "INFO"}
{"event": "signal", "strategy": "momentum", "symbol": "CAT", "direction": "BUY", "strength": 0.70646, "metadata": {"rank": 0.9333333333333333, "sector": "Industrials", "fallback": true}, "ts": "2026-06-21T16:04:12.337066+00:00", "session_id": "5858b336", "level": "INFO"}
MeanReversion: no volume data supplied — volume filter bypassed
{"event": "signal", "strategy": "mean_reversion", "symbol": "AAPL", "direction": "SELL", "strength": 0.890262, "metadata": {"z": 2.1193, "rsi": 83.68, "rv": 0.2573}, "ts": "2026-06-21T16:04:12.353813+00:00", "session_id": "5858b336", "level": "INFO"}
{"event": "signal", "strategy": "mean_reversion", "symbol": "MSFT", "direction": "SELL", "strength": 0.55603, "metadata": {"z": 1.6804, "rsi": 83.69, "rv": 0.2236}, "ts": "2026-06-21T16:04:12.356226+00:00", "session_id": "5858b336", "level": "INFO"}
{"event": "signal", "strategy": "mean_reversion", "symbol": "NVDA", "direction": "SELL", "strength": 0.383149, "metadata": {"z": 1.5365, "rsi": 71.65, "rv": 0.4003}, "ts": "2026-06-21T16:04:12.358575+00:00", "session_id": "5858b336", "level": "INFO"}
{"event": "signal", "strategy": "mean_reversion", "symbol": "UNH", "direction": "SELL", "strength": 0.585826, "metadata": {"z": 1.6686, "rsi": 77.96, "rv": 0.1412}, "ts": "2026-06-21T16:04:12.363038+00:00", "session_id": "5858b336", "level": "INFO"}
{"event": "signal", "strategy": "mean_reversion", "symbol": "GS", "direction": "SELL", "strength": 0.666443, "metadata": {"z": 1.7787, "rsi": 73.82, "rv": 0.1684}, "ts": "2026-06-21T16:04:12.370163+00:00", "session_id": "5858b336", "level": "INFO"}
{"event": "signal", "strategy": "mean_reversion", "symbol": "PG", "direction": "SELL", "strength": 0.717858, "metadata": {"z": 1.7729, "rsi": 70.36, "rv": 0.0767}, "ts": "2026-06-21T16:04:12.378646+00:00", "session_id": "5858b336", "level": "INFO"}
{"event": "signal", "strategy": "mean_reversion", "symbol": "GOOGL", "direction": "SELL", "strength": 0.456183, "metadata": {"z": 1.6411, "rsi": 75.6, "rv": 0.4053}, "ts": "2026-06-21T16:04:12.380513+00:00", "session_id": "5858b336", "level": "INFO"}
{"event": "signal", "strategy": "mean_reversion", "symbol": "NEE", "direction": "SELL", "strength": 0.64778, "metadata": {"z": 1.7758, "rsi": 79.48, "rv": 0.1976}, "ts": "2026-06-21T16:04:12.384065+00:00", "session_id": "5858b336", "level": "INFO"}
{"event": "info", "message": "SignalGenerator: 14 raw \u2192 13 combined signals", "metadata": {"regime": "SIDEWAYS", "n_strategies": 4, "allocations": {"stat_arb": 0.25, "momentum": 0.3, "factor_model": 0.25, "mean_reversion": 0.18}}, "ts": "2026-06-21T16:04:12.384390+00:00", "session_id": "5858b336", "level": "INFO"}
{"event": "risk_event", "event_type": "trade_rejected", "details": {"symbol": "JNJ", "side": "sell", "qty": 146, "reason": "Individual short position 19.99% exceeds limit 5%", "strategy": "combined"}, "ts": "2026-06-21T16:04:12.410041+00:00", "session_id": "5858b336", "level": "WARNING"}
{"event": "risk_event", "event_type": "trade_rejected", "details": {"symbol": "AAPL", "side": "sell", "qty": 70, "reason": "Individual short position 12.51% exceeds limit 5%", "strategy": "combined"}, "ts": "2026-06-21T16:04:12.414843+00:00", "session_id": "5858b336", "level": "WARNING"}
{"event": "risk_event", "event_type": "trade_rejected", "details": {"symbol": "UNH", "side": "sell", "qty": 29, "reason": "Individual short position 13.59% exceeds limit 5%", "strategy": "combined"}, "ts": "2026-06-21T16:04:12.418274+00:00", "session_id": "5858b336", "level": "WARNING"}
{"event": "risk_event", "event_type": "trade_rejected", "details": {"symbol": "PG", "side": "sell", "qty": 133, "reason": "Individual short position 19.99% exceeds limit 5%", "strategy": "combined"}, "ts": "2026-06-21T16:04:12.421552+00:00", "session_id": "5858b336", "level": "WARNING"}
  [bar 374] 2024-05-22 04:00:00+00:00 | 13 signals | equity=105,923 | regime=SIDEWAYS
StatArbStrategy.generate_signals: no pairs loaded. Call find_pairs() first.
{"event": "signal", "strategy": "momentum", "symbol": "NVDA", "direction": "BUY", "strength": 0.389498, "metadata": {"rank": 1.0, "sector": "Technology", "fallback": true}, "ts": "2026-06-21T16:04:12.690669+00:00", "session_id": "5858b336", "level": "INFO"}
{"event": "signal", "strategy": "momentum", "symbol": "JNJ", "direction": "SELL", "strength": 1.0, "metadata": {"rank": 0.13333333333333333, "sector": "Healthcare", "fallback": true}, "ts": "2026-06-21T16:04:12.691217+00:00", "session_id": "5858b336", "level": "INFO"}
{"event": "signal", "strategy": "momentum", "symbol": "JPM", "direction": "BUY", "strength": 0.708836, "metadata": {"rank": 0.8, "sector": "Financials", "fallback": true}, "ts": "2026-06-21T16:04:12.691740+00:00", "session_id": "5858b336", "level": "INFO"}
{"event": "signal", "strategy": "momentum", "symbol": "AMZN", "direction": "BUY", "strength": 0.779056, "metadata": {"rank": 0.8666666666666667, "sector": "Consumer Discretionary", "fallback": true}, "ts": "2026-06-21T16:04:12.692226+00:00", "session_id": "5858b336", "level": "INFO"}
{"event": "signal", "strategy": "momentum", "symbol": "TSLA", "direction": "SELL", "strength": 0.264472, "metadata": {"rank": 0.2, "sector": "Consumer Discretionary", "fallback": true}, "ts": "2026-06-21T16:04:12.692483+00:00", "session_id": "5858b336", "level": "INFO"}
{"event": "signal", "strategy": "momentum", "symbol": "CAT", "direction": "BUY", "strength": 0.701372, "metadata": {"rank": 0.9333333333333333, "sector": "Industrials", "fallback": true}, "ts": "2026-06-21T16:04:12.693152+00:00", "session_id": "5858b336", "level": "INFO"}
MeanReversion: no volume data supplied — volume filter bypassed
{"event": "signal", "strategy": "mean_reversion", "symbol": "MSFT", "direction": "SELL", "strength": 0.226843, "metadata": {"z": 1.273, "rsi": 73.8, "rv": 0.2035}, "ts": "2026-06-21T16:04:12.710830+00:00", "session_id": "5858b336", "level": "INFO"}
{"event": "signal", "strategy": "mean_reversion", "symbol": "NVDA", "direction": "CLOSE", "strength": 1.0, "metadata": {"z": 3.2666, "action": "hard_stop"}, "ts": "2026-06-21T16:04:12.712845+00:00", "session_id": "5858b336", "level": "INFO"}
{"event": "signal", "strategy": "mean_reversion", "symbol": "UNH", "direction": "SELL", "strength": 0.357151, "metadata": {"z": 1.4079, "rsi": 72.26, "rv": 0.1422}, "ts": "2026-06-21T16:04:12.716174+00:00", "session_id": "5858b336", "level": "INFO"}
{"event": "signal", "strategy": "mean_reversion", "symbol": "NEE", "direction": "SELL", "strength": 0.467648, "metadata": {"z": 1.5659, "rsi": 70.92, "rv": 0.21}, "ts": "2026-06-21T16:04:12.731635+00:00", "session_id": "5858b336", "level": "INFO"}
{"event": "info", "message": "SignalGenerator: 10 raw \u2192 7 combined signals", "metadata": {"regime": "SIDEWAYS", "n_strategies": 4, "allocations": {"stat_arb": 0.25, "momentum": 0.3, "factor_model": 0.25, "mean_reversion": 0.18}}, "ts": "2026-06-21T16:04:12.731912+00:00", "session_id": "5858b336", "level": "INFO"}
{"event": "risk_event", "event_type": "trade_rejected", "details": {"symbol": "JNJ", "side": "sell", "qty": 148, "reason": "Individual short position 19.88% exceeds limit 5%", "strategy": "combined"}, "ts": "2026-06-21T16:04:12.747952+00:00", "session_id": "5858b336", "level": "WARNING"}
{"event": "order", "order_id": "a8c68995-041", "symbol": "JPM", "side": "buy", "qty": 1, "price": 0.0, "status": "submitted", "metadata": {"order_type": "market", "strategy": "combined"}, "ts": "2026-06-21T16:04:12.750572+00:00", "session_id": "5858b336", "level": "INFO"}
{"event": "risk_event", "event_type": "trade_rejected", "details": {"symbol": "NEE", "side": "sell", "qty": 181, "reason": "Individual short position 12.14% exceeds limit 5%", "strategy": "combined"}, "ts": "2026-06-21T16:04:12.754759+00:00", "session_id": "5858b336", "level": "WARNING"}
  [bar 375] 2024-05-23 04:00:00+00:00 | 7 signals | equity=105,283 | regime=SIDEWAYS
{"event": "fill", "order_id": "a8c68995-041", "fill_price": 189.71357524213474, "fill_qty": 1, "slippage_bps": 7.0049, "metadata": {"symbol": "JPM", "side": "buy", "commission": 0.005, "strategy": "combined"}, "ts": "2026-06-21T16:04:12.760490+00:00", "session_id": "5858b336", "level": "INFO"}
StatArbStrategy.generate_signals: no pairs loaded. Call find_pairs() first.
{"event": "signal", "strategy": "momentum", "symbol": "NVDA", "direction": "BUY", "strength": 0.362839, "metadata": {"rank": 0.9333333333333333, "sector": "Technology", "fallback": true}, "ts": "2026-06-21T16:04:13.004419+00:00", "session_id": "5858b336", "level": "INFO"}
{"event": "signal", "strategy": "momentum", "symbol": "JNJ", "direction": "SELL", "strength": 1.0, "metadata": {"rank": 0.13333333333333333, "sector": "Healthcare", "fallback": true}, "ts": "2026-06-21T16:04:13.005009+00:00", "session_id": "5858b336", "level": "INFO"}
{"event": "signal", "strategy": "momentum", "symbol": "JPM", "direction": "BUY", "strength": 0.701361, "metadata": {"rank": 0.8, "sector": "Financials", "fallback": true}, "ts": "2026-06-21T16:04:13.005567+00:00", "session_id": "5858b336", "level": "INFO"}
{"event": "signal", "strategy": "momentum", "symbol": "AMZN", "direction": "BUY", "strength": 0.914668, "metadata": {"rank": 1.0, "sector": "Consumer Discretionary", "fallback": true}, "ts": "2026-06-21T16:04:13.006116+00:00", "session_id": "5858b336", "level": "INFO"}
{"event": "signal", "strategy": "momentum", "symbol": "TSLA", "direction": "SELL", "strength": 0.262769, "metadata": {"rank": 0.2, "sector": "Consumer Discretionary", "fallback": true}, "ts": "2026-06-21T16:04:13.006389+00:00", "session_id": "5858b336", "level": "INFO"}
{"event": "signal", "strategy": "momentum", "symbol": "CAT", "direction": "BUY", "strength": 0.653538, "metadata": {"rank": 0.8666666666666667, "sector": "Industrials", "fallback": true}, "ts": "2026-06-21T16:04:13.007097+00:00", "session_id": "5858b336", "level": "INFO"}
MeanReversion: no volume data supplied — volume filter bypassed
{"event": "signal", "strategy": "mean_reversion", "symbol": "MSFT", "direction": "SELL", "strength": 0.445464, "metadata": {"z": 1.5331, "rsi": 71.4, "rv": 0.1967}, "ts": "2026-06-21T16:04:13.024729+00:00", "session_id": "5858b336", "level": "INFO"}
{"event": "signal", "strategy": "mean_reversion", "symbol": "NVDA", "direction": "SELL", "strength": 1.0, "metadata": {"z": 3.4593, "rsi": 77.25, "rv": 0.4522}, "ts": "2026-06-21T16:04:13.026641+00:00", "session_id": "5858b336", "level": "INFO"}
{"event": "signal", "strategy": "mean_reversion", "symbol": "NEE", "direction": "SELL", "strength": 0.588142, "metadata": {"z": 1.7058, "rsi": 71.34, "rv": 0.2}, "ts": "2026-06-21T16:04:13.045272+00:00", "session_id": "5858b336", "level": "INFO"}
{"event": "info", "message": "SignalGenerator: 9 raw \u2192 8 combined signals", "metadata": {"regime": "SIDEWAYS", "n_strategies": 4, "allocations": {"stat_arb": 0.25, "momentum": 0.3, "factor_model": 0.25, "mean_reversion": 0.18}}, "ts": "2026-06-21T16:04:13.045589+00:00", "session_id": "5858b336", "level": "INFO"}
{"event": "risk_event", "event_type": "trade_rejected", "details": {"symbol": "JNJ", "side": "sell", "qty": 151, "reason": "Individual short position 19.89% exceeds limit 5%", "strategy": "combined"}, "ts": "2026-06-21T16:04:13.066834+00:00", "session_id": "5858b336", "level": "WARNING"}
{"event": "risk_event", "event_type": "trade_rejected", "details": {"symbol": "MSFT", "side": "sell", "qty": 36, "reason": "Individual short position 14.46% exceeds limit 5%", "strategy": "combined"}, "ts": "2026-06-21T16:04:13.071330+00:00", "session_id": "5858b336", "level": "WARNING"}
{"event": "risk_event", "event_type": "trade_rejected", "details": {"symbol": "NEE", "side": "sell", "qty": 185, "reason": "Individual short position 12.60% exceeds limit 5%", "strategy": "combined"}, "ts": "2026-06-21T16:04:13.075657+00:00", "session_id": "5858b336", "level": "WARNING"}
  [bar 376] 2024-05-24 04:00:00+00:00 | 8 signals | equity=105,432 | regime=SIDEWAYS
StatArbStrategy.generate_signals: no pairs loaded. Call find_pairs() first.
{"event": "signal", "strategy": "momentum", "symbol": "AAPL", "direction": "SELL", "strength": 0.633023, "metadata": {"rank": 0.2, "sector": "Technology", "fallback": true}, "ts": "2026-06-21T16:04:13.350110+00:00", "session_id": "5858b336", "level": "INFO"}
{"event": "signal", "strategy": "momentum", "symbol": "NVDA", "direction": "BUY", "strength": 0.35513, "metadata": {"rank": 0.9333333333333333, "sector": "Technology", "fallback": true}, "ts": "2026-06-21T16:04:13.350445+00:00", "session_id": "5858b336", "level": "INFO"}
{"event": "signal", "strategy": "momentum", "symbol": "JNJ", "direction": "SELL", "strength": 0.984571, "metadata": {"rank": 0.13333333333333333, "sector": "Healthcare", "fallback": true}, "ts": "2026-06-21T16:04:13.350939+00:00", "session_id": "5858b336", "level": "INFO"}
{"event": "signal", "strategy": "momentum", "symbol": "JPM", "direction": "BUY", "strength": 0.700658, "metadata": {"rank": 0.8, "sector": "Financials", "fallback": true}, "ts": "2026-06-21T16:04:13.351507+00:00", "session_id": "5858b336", "level": "INFO"}
{"event": "signal", "strategy": "momentum", "symbol": "AMZN", "direction": "BUY", "strength": 0.792987, "metadata": {"rank": 0.8666666666666667, "sector": "Consumer Discretionary", "fallback": true}, "ts": "2026-06-21T16:04:13.352083+00:00", "session_id": "5858b336", "level": "INFO"}
{"event": "signal", "strategy": "momentum", "symbol": "CAT", "direction": "BUY", "strength": 0.754031, "metadata": {"rank": 1.0, "sector": "Industrials", "fallback": true}, "ts": "2026-06-21T16:04:13.352997+00:00", "session_id": "5858b336", "level": "INFO"}
MeanReversion: no volume data supplied — volume filter bypassed
{"event": "signal", "strategy": "mean_reversion", "symbol": "MSFT", "direction": "SELL", "strength": 0.414472, "metadata": {"z": 1.4936, "rsi": 79.72, "rv": 0.191}, "ts": "2026-06-21T16:04:13.376217+00:00", "session_id": "5858b336", "level": "INFO"}
{"event": "signal", "strategy": "mean_reversion", "symbol": "NVDA", "direction": "CLOSE", "strength": 1.0, "metadata": {"z": 4.1248, "action": "hard_stop"}, "ts": "2026-06-21T16:04:13.378076+00:00", "session_id": "5858b336", "level": "INFO"}
{"event": "signal", "strategy": "mean_reversion", "symbol": "PG", "direction": "CLOSE", "strength": 1.0, "metadata": {"z": 0.4968, "action": "mean_reversion_exit"}, "ts": "2026-06-21T16:04:13.392578+00:00", "session_id": "5858b336", "level": "INFO"}
{"event": "signal", "strategy": "mean_reversion", "symbol": "NEE", "direction": "SELL", "strength": 0.655711, "metadata": {"z": 1.7829, "rsi": 71.83, "rv": 0.1939}, "ts": "2026-06-21T16:04:13.397510+00:00", "session_id": "5858b336", "level": "INFO"}
{"event": "info", "message": "SignalGenerator: 10 raw \u2192 9 combined signals", "metadata": {"regime": "SIDEWAYS", "n_strategies": 4, "allocations": {"stat_arb": 0.25, "momentum": 0.3, "factor_model": 0.25, "mean_reversion": 0.18}}, "ts": "2026-06-21T16:04:13.397772+00:00", "session_id": "5858b336", "level": "INFO"}
{"event": "risk_event", "event_type": "trade_rejected", "details": {"symbol": "AAPL", "side": "sell", "qty": 60, "reason": "Individual short position 10.72% exceeds limit 5%", "strategy": "combined"}, "ts": "2026-06-21T16:04:13.416029+00:00", "session_id": "5858b336", "level": "WARNING"}
{"event": "risk_event", "event_type": "trade_rejected", "details": {"symbol": "JNJ", "side": "sell", "qty": 154, "reason": "Individual short position 19.93% exceeds limit 5%", "strategy": "combined"}, "ts": "2026-06-21T16:04:13.419310+00:00", "session_id": "5858b336", "level": "WARNING"}
{"event": "risk_event", "event_type": "trade_rejected", "details": {"symbol": "MSFT", "side": "sell", "qty": 43, "reason": "Individual short position 17.29% exceeds limit 5%", "strategy": "combined"}, "ts": "2026-06-21T16:04:13.422550+00:00", "session_id": "5858b336", "level": "WARNING"}
  [bar 377] 2024-05-28 04:00:00+00:00 | 9 signals | equity=105,383 | regime=SIDEWAYS
Model is not converging.  Current: 1998.1298036415953 is not greater than 1998.1381313568488. Delta is -0.008327715253471979
StatArbStrategy.generate_signals: no pairs loaded. Call find_pairs() first.
{"event": "signal", "strategy": "momentum", "symbol": "NVDA", "direction": "BUY", "strength": 0.357625, "metadata": {"rank": 0.9333333333333333, "sector": "Technology", "fallback": true}, "ts": "2026-06-21T16:04:13.689196+00:00", "session_id": "5858b336", "level": "INFO"}
{"event": "signal", "strategy": "momentum", "symbol": "JNJ", "direction": "SELL", "strength": 0.995018, "metadata": {"rank": 0.13333333333333333, "sector": "Healthcare", "fallback": true}, "ts": "2026-06-21T16:04:13.689768+00:00", "session_id": "5858b336", "level": "INFO"}
{"event": "signal", "strategy": "momentum", "symbol": "JPM", "direction": "BUY", "strength": 0.699856, "metadata": {"rank": 0.8, "sector": "Financials", "fallback": true}, "ts": "2026-06-21T16:04:13.690281+00:00", "session_id": "5858b336", "level": "INFO"}
{"event": "signal", "strategy": "momentum", "symbol": "AMZN", "direction": "BUY", "strength": 0.793507, "metadata": {"rank": 0.8666666666666667, "sector": "Consumer Discretionary", "fallback": true}, "ts": "2026-06-21T16:04:13.690767+00:00", "session_id": "5858b336", "level": "INFO"}
{"event": "signal", "strategy": "momentum", "symbol": "TSLA", "direction": "SELL", "strength": 0.270939, "metadata": {"rank": 0.2, "sector": "Consumer Discretionary", "fallback": true}, "ts": "2026-06-21T16:04:13.691003+00:00", "session_id": "5858b336", "level": "INFO"}
{"event": "signal", "strategy": "momentum", "symbol": "CAT", "direction": "BUY", "strength": 0.741086, "metadata": {"rank": 1.0, "sector": "Industrials", "fallback": true}, "ts": "2026-06-21T16:04:13.691691+00:00", "session_id": "5858b336", "level": "INFO"}
MeanReversion: no volume data supplied — volume filter bypassed
{"event": "signal", "strategy": "mean_reversion", "symbol": "MSFT", "direction": "SELL", "strength": 0.295251, "metadata": {"z": 1.336, "rsi": 76.54, "rv": 0.1381}, "ts": "2026-06-21T16:04:13.709580+00:00", "session_id": "5858b336", "level": "INFO"}
{"event": "signal", "strategy": "mean_reversion", "symbol": "NVDA", "direction": "SELL", "strength": 1.0, "metadata": {"z": 3.6896, "rsi": 87.08, "rv": 0.4834}, "ts": "2026-06-21T16:04:13.711414+00:00", "session_id": "5858b336", "level": "INFO"}
{"event": "signal", "strategy": "mean_reversion", "symbol": "UNH", "direction": "CLOSE", "strength": 1.0, "metadata": {"z": -0.1696, "action": "mean_reversion_exit"}, "ts": "2026-06-21T16:04:13.714767+00:00", "session_id": "5858b336", "level": "INFO"}
{"event": "info", "message": "SignalGenerator: 9 raw \u2192 7 combined signals", "metadata": {"regime": "SIDEWAYS", "n_strategies": 4, "allocations": {"stat_arb": 0.25, "momentum": 0.3, "factor_model": 0.25, "mean_reversion": 0.18}}, "ts": "2026-06-21T16:04:13.730637+00:00", "session_id": "5858b336", "level": "INFO"}
{"event": "risk_event", "event_type": "trade_rejected", "details": {"symbol": "JNJ", "side": "sell", "qty": 153, "reason": "Individual short position 19.94% exceeds limit 5%", "strategy": "combined"}, "ts": "2026-06-21T16:04:13.746634+00:00", "session_id": "5858b336", "level": "WARNING"}
  [bar 378] 2024-05-29 04:00:00+00:00 | 7 signals | equity=104,735 | regime=SIDEWAYS
StatArbStrategy.generate_signals: no pairs loaded. Call find_pairs() first.
{"event": "signal", "strategy": "momentum", "symbol": "AAPL", "direction": "SELL", "strength": 0.670956, "metadata": {"rank": 0.2, "sector": "Technology", "fallback": true}, "ts": "2026-06-21T16:04:13.990204+00:00", "session_id": "5858b336", "level": "INFO"}
{"event": "signal", "strategy": "momentum", "symbol": "NVDA", "direction": "BUY", "strength": 0.3526, "metadata": {"rank": 0.9333333333333333, "sector": "Technology", "fallback": true}, "ts": "2026-06-21T16:04:13.990555+00:00", "session_id": "5858b336", "level": "INFO"}
{"event": "signal", "strategy": "momentum", "symbol": "JPM", "direction": "BUY", "strength": 0.701393, "metadata": {"rank": 0.8, "sector": "Financials", "fallback": true}, "ts": "2026-06-21T16:04:13.991356+00:00", "session_id": "5858b336", "level": "INFO"}
{"event": "signal", "strategy": "momentum", "symbol": "AMZN", "direction": "BUY", "strength": 0.799545, "metadata": {"rank": 0.8666666666666667, "sector": "Consumer Discretionary", "fallback": true}, "ts": "2026-06-21T16:04:13.991868+00:00", "session_id": "5858b336", "level": "INFO"}
{"event": "signal", "strategy": "momentum", "symbol": "TSLA", "direction": "SELL", "strength": 0.318694, "metadata": {"rank": 0.06666666666666667, "sector": "Consumer Discretionary", "fallback": true}, "ts": "2026-06-21T16:04:13.992083+00:00", "session_id": "5858b336", "level": "INFO"}
{"event": "signal", "strategy": "momentum", "symbol": "CAT", "direction": "BUY", "strength": 0.746086, "metadata": {"rank": 1.0, "sector": "Industrials", "fallback": true}, "ts": "2026-06-21T16:04:13.992765+00:00", "session_id": "5858b336", "level": "INFO"}
MeanReversion: no volume data supplied — volume filter bypassed
{"event": "signal", "strategy": "mean_reversion", "symbol": "MSFT", "direction": "CLOSE", "strength": 1.0, "metadata": {"z": -0.0788, "action": "mean_reversion_exit"}, "ts": "2026-06-21T16:04:14.010343+00:00", "session_id": "5858b336", "level": "INFO"}
{"event": "signal", "strategy": "mean_reversion", "symbol": "NVDA", "direction": "SELL", "strength": 1.0, "metadata": {"z": 2.7865, "rsi": 80.57, "rv": 0.4815}, "ts": "2026-06-21T16:04:14.012155+00:00", "session_id": "5858b336", "level": "INFO"}
{"event": "info", "message": "SignalGenerator: 8 raw \u2192 7 combined signals", "metadata": {"regime": "SIDEWAYS", "n_strategies": 4, "allocations": {"stat_arb": 0.25, "momentum": 0.3, "factor_model": 0.25, "mean_reversion": 0.18}}, "ts": "2026-06-21T16:04:14.031146+00:00", "session_id": "5858b336", "level": "INFO"}
{"event": "risk_event", "event_type": "trade_rejected", "details": {"symbol": "AAPL", "side": "sell", "qty": 110, "reason": "Individual short position 19.90% exceeds limit 5%", "strategy": "combined"}, "ts": "2026-06-21T16:04:14.047620+00:00", "session_id": "5858b336", "level": "WARNING"}
{"event": "order", "order_id": "b5e4c2d7-d97", "symbol": "CAT", "side": "buy", "qty": 1, "price": 0.0, "status": "submitted", "metadata": {"order_type": "market", "strategy": "combined"}, "ts": "2026-06-21T16:04:14.050284+00:00", "session_id": "5858b336", "level": "INFO"}
  [bar 379] 2024-05-30 04:00:00+00:00 | 7 signals | equity=104,846 | regime=SIDEWAYS
{"event": "fill", "order_id": "b5e4c2d7-d97", "fill_price": 330.5722797469029, "fill_qty": 1, "slippage_bps": 7.0082, "metadata": {"symbol": "CAT", "side": "buy", "commission": 0.005, "strategy": "combined"}, "ts": "2026-06-21T16:04:14.054934+00:00", "session_id": "5858b336", "level": "INFO"}
StatArbStrategy.generate_signals: no pairs loaded. Call find_pairs() first.
{"event": "signal", "strategy": "momentum", "symbol": "AAPL", "direction": "SELL", "strength": 0.72837, "metadata": {"rank": 0.13333333333333333, "sector": "Technology", "fallback": true}, "ts": "2026-06-21T16:04:14.354581+00:00", "session_id": "5858b336", "level": "INFO"}
{"event": "signal", "strategy": "momentum", "symbol": "NVDA", "direction": "BUY", "strength": 0.328965, "metadata": {"rank": 0.8666666666666667, "sector": "Technology", "fallback": true}, "ts": "2026-06-21T16:04:14.354911+00:00", "session_id": "5858b336", "level": "INFO"}
{"event": "signal", "strategy": "momentum", "symbol": "GS", "direction": "BUY", "strength": 0.761602, "metadata": {"rank": 0.8, "sector": "Financials", "fallback": true}, "ts": "2026-06-21T16:04:14.355801+00:00", "session_id": "5858b336", "level": "INFO"}
{"event": "signal", "strategy": "momentum", "symbol": "AMZN", "direction": "BUY", "strength": 0.851068, "metadata": {"rank": 0.9333333333333333, "sector": "Consumer Discretionary", "fallback": true}, "ts": "2026-06-21T16:04:14.357132+00:00", "session_id": "5858b336", "level": "INFO"}
{"event": "signal", "strategy": "momentum", "symbol": "TSLA", "direction": "SELL", "strength": 0.319763, "metadata": {"rank": 0.06666666666666667, "sector": "Consumer Discretionary", "fallback": true}, "ts": "2026-06-21T16:04:14.357555+00:00", "session_id": "5858b336", "level": "INFO"}
{"event": "signal", "strategy": "momentum", "symbol": "CAT", "direction": "BUY", "strength": 0.746755, "metadata": {"rank": 1.0, "sector": "Industrials", "fallback": true}, "ts": "2026-06-21T16:04:14.360901+00:00", "session_id": "5858b336", "level": "INFO"}
{"event": "signal", "strategy": "factor_model", "symbol": "TSLA", "direction": "SELL", "strength": 0.611211, "metadata": {"composite_score": -1.8336339274068374}, "ts": "2026-06-21T16:04:14.395023+00:00", "session_id": "5858b336", "level": "INFO"}
{"event": "signal", "strategy": "factor_model", "symbol": "JPM", "direction": "BUY", "strength": 0.276345, "metadata": {"composite_score": 0.8290347078190929}, "ts": "2026-06-21T16:04:14.395646+00:00", "session_id": "5858b336", "level": "INFO"}
MeanReversion: no volume data supplied — volume filter bypassed
{"event": "signal", "strategy": "mean_reversion", "symbol": "AAPL", "direction": "SELL", "strength": 0.662756, "metadata": {"z": 1.8241, "rsi": 72.84, "rv": 0.2434}, "ts": "2026-06-21T16:04:14.398129+00:00", "session_id": "5858b336", "level": "INFO"}
{"event": "signal", "strategy": "mean_reversion", "symbol": "NVDA", "direction": "SELL", "strength": 0.995979, "metadata": {"z": 2.4764, "rsi": 77.97, "rv": 0.4824}, "ts": "2026-06-21T16:04:14.401614+00:00", "session_id": "5858b336", "level": "INFO"}
{"event": "signal", "strategy": "mean_reversion", "symbol": "NEE", "direction": "SELL", "strength": 0.814345, "metadata": {"z": 1.9788, "rsi": 72.99, "rv": 0.202}, "ts": "2026-06-21T16:04:14.422801+00:00", "session_id": "5858b336", "level": "INFO"}
{"event": "info", "message": "SignalGenerator: 11 raw \u2192 8 combined signals", "metadata": {"regime": "SIDEWAYS", "n_strategies": 4, "allocations": {"stat_arb": 0.25, "momentum": 0.3, "factor_model": 0.25, "mean_reversion": 0.18}}, "ts": "2026-06-21T16:04:14.423136+00:00", "session_id": "5858b336", "level": "INFO"}
{"event": "risk_event", "event_type": "trade_rejected", "details": {"symbol": "AAPL", "side": "sell", "qty": 110, "reason": "Individual short position 19.93% exceeds limit 5%", "strategy": "combined"}, "ts": "2026-06-21T16:04:14.440188+00:00", "session_id": "5858b336", "level": "WARNING"}
{"event": "order", "order_id": "aedcd3b3-9db", "symbol": "GS", "side": "buy", "qty": 38, "price": 0.0, "status": "submitted", "metadata": {"order_type": "market", "strategy": "combined"}, "ts": "2026-06-21T16:04:14.443615+00:00", "session_id": "5858b336", "level": "INFO"}
{"event": "order", "order_id": "5c5f9cc0-af3", "symbol": "AMZN", "side": "buy", "qty": 7, "price": 0.0, "status": "submitted", "metadata": {"order_type": "market", "strategy": "combined"}, "ts": "2026-06-21T16:04:14.446163+00:00", "session_id": "5858b336", "level": "INFO"}
{"event": "order", "order_id": "0da7f7b8-623", "symbol": "CAT", "side": "buy", "qty": 1, "price": 0.0, "status": "submitted", "metadata": {"order_type": "market", "strategy": "combined"}, "ts": "2026-06-21T16:04:14.448710+00:00", "session_id": "5858b336", "level": "INFO"}
{"event": "risk_event", "event_type": "trade_rejected", "details": {"symbol": "NEE", "side": "sell", "qty": 192, "reason": "Individual short position 13.69% exceeds limit 5%", "strategy": "combined"}, "ts": "2026-06-21T16:04:14.452269+00:00", "session_id": "5858b336", "level": "WARNING"}
  [bar 380] 2024-05-31 04:00:00+00:00 | 8 signals | equity=105,196 | regime=SIDEWAYS
{"event": "fill", "order_id": "5c5f9cc0-af3", "fill_price": 177.82445296034786, "fill_qty": 7, "slippage_bps": 7.0037, "metadata": {"symbol": "AMZN", "side": "buy", "commission": 0.035, "strategy": "combined"}, "ts": "2026-06-21T16:04:14.456850+00:00", "session_id": "5858b336", "level": "INFO"}
{"event": "fill", "order_id": "0da7f7b8-623", "fill_price": 332.0627578865179, "fill_qty": 1, "slippage_bps": 7.0085, "metadata": {"symbol": "CAT", "side": "buy", "commission": 0.005, "strategy": "combined"}, "ts": "2026-06-21T16:04:14.457579+00:00", "session_id": "5858b336", "level": "INFO"}
{"event": "fill", "order_id": "aedcd3b3-9db", "fill_price": 440.88384247208796, "fill_qty": 38, "slippage_bps": 7.0433, "metadata": {"symbol": "GS", "side": "buy", "commission": 0.19, "strategy": "combined"}, "ts": "2026-06-21T16:04:14.458540+00:00", "session_id": "5858b336", "level": "INFO"}
StatArbStrategy.generate_signals: no pairs loaded. Call find_pairs() first.
{"event": "signal", "strategy": "momentum", "symbol": "NVDA", "direction": "BUY", "strength": 0.378588, "metadata": {"rank": 1.0, "sector": "Technology", "fallback": true}, "ts": "2026-06-21T16:04:14.710192+00:00", "session_id": "5858b336", "level": "INFO"}
{"event": "signal", "strategy": "momentum", "symbol": "JNJ", "direction": "SELL", "strength": 0.979452, "metadata": {"rank": 0.13333333333333333, "sector": "Healthcare", "fallback": true}, "ts": "2026-06-21T16:04:14.710745+00:00", "session_id": "5858b336", "level": "INFO"}
{"event": "signal", "strategy": "momentum", "symbol": "GS", "direction": "BUY", "strength": 0.761407, "metadata": {"rank": 0.8, "sector": "Financials", "fallback": true}, "ts": "2026-06-21T16:04:14.711294+00:00", "session_id": "5858b336", "level": "INFO"}
{"event": "signal", "strategy": "momentum", "symbol": "AMZN", "direction": "BUY", "strength": 0.860241, "metadata": {"rank": 0.9333333333333333, "sector": "Consumer Discretionary", "fallback": true}, "ts": "2026-06-21T16:04:14.711742+00:00", "session_id": "5858b336", "level": "INFO"}
{"event": "signal", "strategy": "momentum", "symbol": "TSLA", "direction": "SELL", "strength": 0.319845, "metadata": {"rank": 0.06666666666666667, "sector": "Consumer Discretionary", "fallback": true}, "ts": "2026-06-21T16:04:14.711973+00:00", "session_id": "5858b336", "level": "INFO"}
{"event": "signal", "strategy": "momentum", "symbol": "CAT", "direction": "BUY", "strength": 0.642116, "metadata": {"rank": 0.8666666666666667, "sector": "Industrials", "fallback": true}, "ts": "2026-06-21T16:04:14.712691+00:00", "session_id": "5858b336", "level": "INFO"}
MeanReversion: no volume data supplied — volume filter bypassed
{"event": "signal", "strategy": "mean_reversion", "symbol": "AAPL", "direction": "SELL", "strength": 0.810388, "metadata": {"z": 1.9276, "rsi": 70.73, "rv": 0.1447}, "ts": "2026-06-21T16:04:14.729019+00:00", "session_id": "5858b336", "level": "INFO"}
{"event": "signal", "strategy": "mean_reversion", "symbol": "NVDA", "direction": "SELL", "strength": 1.0, "metadata": {"z": 2.8994, "rsi": 80.63, "rv": 0.493}, "ts": "2026-06-21T16:04:14.732434+00:00", "session_id": "5858b336", "level": "INFO"}
{"event": "signal", "strategy": "mean_reversion", "symbol": "CAT", "direction": "BUY", "strength": 0.66989, "metadata": {"z": -1.8182, "rsi": 28.31, "rv": 0.2214}, "ts": "2026-06-21T16:04:14.745128+00:00", "session_id": "5858b336", "level": "INFO"}
{"event": "info", "message": "SignalGenerator: 9 raw \u2192 7 combined signals", "metadata": {"regime": "SIDEWAYS", "n_strategies": 4, "allocations": {"stat_arb": 0.25, "momentum": 0.3, "factor_model": 0.25, "mean_reversion": 0.18}}, "ts": "2026-06-21T16:04:14.751873+00:00", "session_id": "5858b336", "level": "INFO"}
{"event": "risk_event", "event_type": "trade_rejected", "details": {"symbol": "JNJ", "side": "sell", "qty": 150, "reason": "Individual short position 19.90% exceeds limit 5%", "strategy": "combined"}, "ts": "2026-06-21T16:04:14.773412+00:00", "session_id": "5858b336", "level": "WARNING"}
ExecutionManager: net exposure limit reached (83.5% vs ±80%) — skipping GS buy
ExecutionManager: net exposure limit reached (83.5% vs ±80%) — skipping AMZN buy
ExecutionManager: net exposure limit reached (83.5% vs ±80%) — skipping CAT buy
{"event": "risk_event", "event_type": "trade_rejected", "details": {"symbol": "AAPL", "side": "sell", "qty": 97, "reason": "Individual short position 17.73% exceeds limit 5%", "strategy": "combined"}, "ts": "2026-06-21T16:04:14.777687+00:00", "session_id": "5858b336", "level": "WARNING"}
  [bar 381] 2024-06-03 04:00:00+00:00 | 7 signals | equity=105,239 | regime=SIDEWAYS
StatArbStrategy.generate_signals: no pairs loaded. Call find_pairs() first.
{"event": "signal", "strategy": "momentum", "symbol": "NVDA", "direction": "BUY", "strength": 0.389734, "metadata": {"rank": 1.0, "sector": "Technology", "fallback": true}, "ts": "2026-06-21T16:04:15.020740+00:00", "session_id": "5858b336", "level": "INFO"}
{"event": "signal", "strategy": "momentum", "symbol": "JNJ", "direction": "SELL", "strength": 0.981103, "metadata": {"rank": 0.13333333333333333, "sector": "Healthcare", "fallback": true}, "ts": "2026-06-21T16:04:15.021375+00:00", "session_id": "5858b336", "level": "INFO"}
{"event": "signal", "strategy": "momentum", "symbol": "GS", "direction": "BUY", "strength": 0.762803, "metadata": {"rank": 0.8, "sector": "Financials", "fallback": true}, "ts": "2026-06-21T16:04:15.021949+00:00", "session_id": "5858b336", "level": "INFO"}
{"event": "signal", "strategy": "momentum", "symbol": "AMZN", "direction": "BUY", "strength": 0.862028, "metadata": {"rank": 0.9333333333333333, "sector": "Consumer Discretionary", "fallback": true}, "ts": "2026-06-21T16:04:15.022446+00:00", "session_id": "5858b336", "level": "INFO"}
{"event": "signal", "strategy": "momentum", "symbol": "TSLA", "direction": "SELL", "strength": 0.320392, "metadata": {"rank": 0.06666666666666667, "sector": "Consumer Discretionary", "fallback": true}, "ts": "2026-06-21T16:04:15.022723+00:00", "session_id": "5858b336", "level": "INFO"}
{"event": "signal", "strategy": "momentum", "symbol": "CAT", "direction": "BUY", "strength": 0.639953, "metadata": {"rank": 0.8666666666666667, "sector": "Industrials", "fallback": true}, "ts": "2026-06-21T16:04:15.023499+00:00", "session_id": "5858b336", "level": "INFO"}
MeanReversion: no volume data supplied — volume filter bypassed
{"event": "signal", "strategy": "mean_reversion", "symbol": "NVDA", "direction": "SELL", "strength": 1.0, "metadata": {"z": 2.8081, "rsi": 80.86, "rv": 0.4847}, "ts": "2026-06-21T16:04:15.042885+00:00", "session_id": "5858b336", "level": "INFO"}
{"event": "signal", "strategy": "mean_reversion", "symbol": "CAT", "direction": "BUY", "strength": 0.881066, "metadata": {"z": -2.0709, "rsi": 24.77, "rv": 0.2154}, "ts": "2026-06-21T16:04:15.057289+00:00", "session_id": "5858b336", "level": "INFO"}
{"event": "info", "message": "SignalGenerator: 8 raw \u2192 6 combined signals", "metadata": {"regime": "SIDEWAYS", "n_strategies": 4, "allocations": {"stat_arb": 0.25, "momentum": 0.3, "factor_model": 0.25, "mean_reversion": 0.18}}, "ts": "2026-06-21T16:04:15.066109+00:00", "session_id": "5858b336", "level": "INFO"}
{"event": "risk_event", "event_type": "trade_rejected", "details": {"symbol": "JNJ", "side": "sell", "qty": 149, "reason": "Individual short position 19.94% exceeds limit 5%", "strategy": "combined"}, "ts": "2026-06-21T16:04:15.082838+00:00", "session_id": "5858b336", "level": "WARNING"}
ExecutionManager: net exposure limit reached (83.4% vs ±80%) — skipping GS buy
ExecutionManager: net exposure limit reached (83.4% vs ±80%) — skipping AMZN buy
ExecutionManager: net exposure limit reached (83.4% vs ±80%) — skipping CAT buy
  [bar 382] 2024-06-04 04:00:00+00:00 | 6 signals | equity=104,324 | regime=SIDEWAYS
StatArbStrategy.generate_signals: no pairs loaded. Call find_pairs() first.
{"event": "signal", "strategy": "momentum", "symbol": "NVDA", "direction": "BUY", "strength": 0.385495, "metadata": {"rank": 1.0, "sector": "Technology", "fallback": true}, "ts": "2026-06-21T16:04:15.327141+00:00", "session_id": "5858b336", "level": "INFO"}
{"event": "signal", "strategy": "momentum", "symbol": "JNJ", "direction": "SELL", "strength": 0.982447, "metadata": {"rank": 0.13333333333333333, "sector": "Healthcare", "fallback": true}, "ts": "2026-06-21T16:04:15.327677+00:00", "session_id": "5858b336", "level": "INFO"}
{"event": "signal", "strategy": "momentum", "symbol": "GS", "direction": "BUY", "strength": 0.759329, "metadata": {"rank": 0.8, "sector": "Financials", "fallback": true}, "ts": "2026-06-21T16:04:15.328199+00:00", "session_id": "5858b336", "level": "INFO"}
{"event": "signal", "strategy": "momentum", "symbol": "AMZN", "direction": "BUY", "strength": 0.874189, "metadata": {"rank": 0.9333333333333333, "sector": "Consumer Discretionary", "fallback": true}, "ts": "2026-06-21T16:04:15.328659+00:00", "session_id": "5858b336", "level": "INFO"}
{"event": "signal", "strategy": "momentum", "symbol": "TSLA", "direction": "SELL", "strength": 0.320779, "metadata": {"rank": 0.06666666666666667, "sector": "Consumer Discretionary", "fallback": true}, "ts": "2026-06-21T16:04:15.328867+00:00", "session_id": "5858b336", "level": "INFO"}
{"event": "signal", "strategy": "momentum", "symbol": "CAT", "direction": "BUY", "strength": 0.642022, "metadata": {"rank": 0.8666666666666667, "sector": "Industrials", "fallback": true}, "ts": "2026-06-21T16:04:15.329541+00:00", "session_id": "5858b336", "level": "INFO"}
MeanReversion: no volume data supplied — volume filter bypassed
{"event": "signal", "strategy": "mean_reversion", "symbol": "NVDA", "direction": "CLOSE", "strength": 1.0, "metadata": {"z": 3.1295, "action": "hard_stop"}, "ts": "2026-06-21T16:04:15.348493+00:00", "session_id": "5858b336", "level": "INFO"}
{"event": "signal", "strategy": "mean_reversion", "symbol": "JPM", "direction": "CLOSE", "strength": 1.0, "metadata": {"z": 0.4754, "action": "mean_reversion_exit"}, "ts": "2026-06-21T16:04:15.354369+00:00", "session_id": "5858b336", "level": "INFO"}
{"event": "signal", "strategy": "mean_reversion", "symbol": "CAT", "direction": "BUY", "strength": 0.734267, "metadata": {"z": -1.8913, "rsi": 24.8, "rv": 0.2139}, "ts": "2026-06-21T16:04:15.369512+00:00", "session_id": "5858b336", "level": "INFO"}
{"event": "info", "message": "SignalGenerator: 9 raw \u2192 7 combined signals", "metadata": {"regime": "SIDEWAYS", "n_strategies": 4, "allocations": {"stat_arb": 0.25, "momentum": 0.3, "factor_model": 0.25, "mean_reversion": 0.18}}, "ts": "2026-06-21T16:04:15.379931+00:00", "session_id": "5858b336", "level": "INFO"}
{"event": "risk_event", "event_type": "trade_rejected", "details": {"symbol": "JNJ", "side": "sell", "qty": 151, "reason": "Individual short position 19.87% exceeds limit 5%", "strategy": "combined"}, "ts": "2026-06-21T16:04:15.409709+00:00", "session_id": "5858b336", "level": "WARNING"}
ExecutionManager: net exposure limit reached (83.4% vs ±80%) — skipping GS buy
ExecutionManager: net exposure limit reached (83.4% vs ±80%) — skipping AMZN buy
ExecutionManager: net exposure limit reached (83.4% vs ±80%) — skipping CAT buy
{"event": "order", "order_id": "02423e62-90b", "symbol": "JPM", "side": "sell", "qty": 111, "price": 0.0, "status": "submitted", "metadata": {"order_type": "market", "strategy": "combined"}, "ts": "2026-06-21T16:04:15.410175+00:00", "session_id": "5858b336", "level": "INFO"}
  [bar 383] 2024-06-05 04:00:00+00:00 | 7 signals | equity=104,787 | regime=SIDEWAYS
{"event": "fill", "order_id": "02423e62-90b", "fill_price": 188.97766879240086, "fill_qty": 111, "slippage_bps": 7.052, "metadata": {"symbol": "JPM", "side": "sell", "commission": 0.555, "strategy": "combined"}, "ts": "2026-06-21T16:04:15.417736+00:00", "session_id": "5858b336", "level": "INFO"}
StatArbStrategy.generate_signals: no pairs loaded. Call find_pairs() first.
{"event": "signal", "strategy": "momentum", "symbol": "NVDA", "direction": "BUY", "strength": 0.397626, "metadata": {"rank": 1.0, "sector": "Technology", "fallback": true}, "ts": "2026-06-21T16:04:15.694120+00:00", "session_id": "5858b336", "level": "INFO"}
{"event": "signal", "strategy": "momentum", "symbol": "JNJ", "direction": "SELL", "strength": 0.989057, "metadata": {"rank": 0.13333333333333333, "sector": "Healthcare", "fallback": true}, "ts": "2026-06-21T16:04:15.694658+00:00", "session_id": "5858b336", "level": "INFO"}
{"event": "signal", "strategy": "momentum", "symbol": "JPM", "direction": "BUY", "strength": 0.747235, "metadata": {"rank": 0.8666666666666667, "sector": "Financials", "fallback": true}, "ts": "2026-06-21T16:04:15.695147+00:00", "session_id": "5858b336", "level": "INFO"}
{"event": "signal", "strategy": "momentum", "symbol": "AMZN", "direction": "BUY", "strength": 0.873308, "metadata": {"rank": 0.9333333333333333, "sector": "Consumer Discretionary", "fallback": true}, "ts": "2026-06-21T16:04:15.695647+00:00", "session_id": "5858b336", "level": "INFO"}
{"event": "signal", "strategy": "momentum", "symbol": "TSLA", "direction": "SELL", "strength": 0.320214, "metadata": {"rank": 0.06666666666666667, "sector": "Consumer Discretionary", "fallback": true}, "ts": "2026-06-21T16:04:15.695885+00:00", "session_id": "5858b336", "level": "INFO"}
{"event": "signal", "strategy": "momentum", "symbol": "CAT", "direction": "BUY", "strength": 0.593321, "metadata": {"rank": 0.8, "sector": "Industrials", "fallback": true}, "ts": "2026-06-21T16:04:15.696630+00:00", "session_id": "5858b336", "level": "INFO"}
MeanReversion: no volume data supplied — volume filter bypassed
{"event": "signal", "strategy": "mean_reversion", "symbol": "NVDA", "direction": "SELL", "strength": 1.0, "metadata": {"z": 2.7344, "rsi": 79.91, "rv": 0.4963}, "ts": "2026-06-21T16:04:15.716340+00:00", "session_id": "5858b336", "level": "INFO"}
{"event": "signal", "strategy": "mean_reversion", "symbol": "CAT", "direction": "BUY", "strength": 0.775131, "metadata": {"z": -1.9409, "rsi": 28.65, "rv": 0.2139}, "ts": "2026-06-21T16:04:15.729164+00:00", "session_id": "5858b336", "level": "INFO"}
{"event": "info", "message": "SignalGenerator: 8 raw \u2192 6 combined signals", "metadata": {"regime": "SIDEWAYS", "n_strategies": 4, "allocations": {"stat_arb": 0.25, "momentum": 0.3, "factor_model": 0.25, "mean_reversion": 0.18}}, "ts": "2026-06-21T16:04:15.737004+00:00", "session_id": "5858b336", "level": "INFO"}
{"event": "risk_event", "event_type": "trade_rejected", "details": {"symbol": "JNJ", "side": "sell", "qty": 151, "reason": "Individual short position 19.92% exceeds limit 5%", "strategy": "combined"}, "ts": "2026-06-21T16:04:15.752233+00:00", "session_id": "5858b336", "level": "WARNING"}
{"event": "order", "order_id": "e7b970d1-512", "symbol": "JPM", "side": "buy", "qty": 111, "price": 0.0, "status": "submitted", "metadata": {"order_type": "market", "strategy": "combined"}, "ts": "2026-06-21T16:04:15.756526+00:00", "session_id": "5858b336", "level": "INFO"}
{"event": "order", "order_id": "3b34717c-ff9", "symbol": "CAT", "side": "buy", "qty": 2, "price": 0.0, "status": "submitted", "metadata": {"order_type": "market", "strategy": "combined"}, "ts": "2026-06-21T16:04:15.759910+00:00", "session_id": "5858b336", "level": "INFO"}
  [bar 384] 2024-06-06 04:00:00+00:00 | 6 signals | equity=104,889 | regime=SIDEWAYS
{"event": "fill", "order_id": "3b34717c-ff9", "fill_price": 317.7718740699346, "fill_qty": 2, "slippage_bps": 7.0105, "metadata": {"symbol": "CAT", "side": "buy", "commission": 0.01, "strategy": "combined"}, "ts": "2026-06-21T16:04:15.764716+00:00", "session_id": "5858b336", "level": "INFO"}
{"event": "fill", "order_id": "e7b970d1-512", "fill_price": 189.4074753489156, "fill_qty": 111, "slippage_bps": 7.053, "metadata": {"symbol": "JPM", "side": "buy", "commission": 0.555, "strategy": "combined"}, "ts": "2026-06-21T16:04:15.766150+00:00", "session_id": "5858b336", "level": "INFO"}
StatArbStrategy.generate_signals: no pairs loaded. Call find_pairs() first.
{"event": "signal", "strategy": "momentum", "symbol": "NVDA", "direction": "BUY", "strength": 0.39837, "metadata": {"rank": 1.0, "sector": "Technology", "fallback": true}, "ts": "2026-06-21T16:04:16.005613+00:00", "session_id": "5858b336", "level": "INFO"}
{"event": "signal", "strategy": "momentum", "symbol": "JNJ", "direction": "SELL", "strength": 0.991704, "metadata": {"rank": 0.13333333333333333, "sector": "Healthcare", "fallback": true}, "ts": "2026-06-21T16:04:16.006173+00:00", "session_id": "5858b336", "level": "INFO"}
{"event": "signal", "strategy": "momentum", "symbol": "JPM", "direction": "BUY", "strength": 0.685462, "metadata": {"rank": 0.8, "sector": "Financials", "fallback": true}, "ts": "2026-06-21T16:04:16.006727+00:00", "session_id": "5858b336", "level": "INFO"}
{"event": "signal", "strategy": "momentum", "symbol": "AMZN", "direction": "BUY", "strength": 0.873843, "metadata": {"rank": 0.9333333333333333, "sector": "Consumer Discretionary", "fallback": true}, "ts": "2026-06-21T16:04:16.007224+00:00", "session_id": "5858b336", "level": "INFO"}
{"event": "signal", "strategy": "momentum", "symbol": "TSLA", "direction": "SELL", "strength": 0.324708, "metadata": {"rank": 0.06666666666666667, "sector": "Consumer Discretionary", "fallback": true}, "ts": "2026-06-21T16:04:16.007465+00:00", "session_id": "5858b336", "level": "INFO"}
{"event": "signal", "strategy": "momentum", "symbol": "CAT", "direction": "BUY", "strength": 0.645907, "metadata": {"rank": 0.8666666666666667, "sector": "Industrials", "fallback": true}, "ts": "2026-06-21T16:04:16.008129+00:00", "session_id": "5858b336", "level": "INFO"}
MeanReversion: no volume data supplied — volume filter bypassed
{"event": "signal", "strategy": "mean_reversion", "symbol": "NVDA", "direction": "SELL", "strength": 1.0, "metadata": {"z": 2.5248, "rsi": 83.21, "rv": 0.4844}, "ts": "2026-06-21T16:04:16.027272+00:00", "session_id": "5858b336", "level": "INFO"}
{"event": "signal", "strategy": "mean_reversion", "symbol": "CAT", "direction": "BUY", "strength": 0.697333, "metadata": {"z": -1.8342, "rsi": 21.31, "rv": 0.1963}, "ts": "2026-06-21T16:04:16.039831+00:00", "session_id": "5858b336", "level": "INFO"}
{"event": "info", "message": "SignalGenerator: 8 raw \u2192 6 combined signals", "metadata": {"regime": "SIDEWAYS", "n_strategies": 4, "allocations": {"stat_arb": 0.25, "momentum": 0.3, "factor_model": 0.25, "mean_reversion": 0.18}}, "ts": "2026-06-21T16:04:16.046421+00:00", "session_id": "5858b336", "level": "INFO"}
{"event": "risk_event", "event_type": "trade_rejected", "details": {"symbol": "JNJ", "side": "sell", "qty": 150, "reason": "Individual short position 19.92% exceeds limit 5%", "strategy": "combined"}, "ts": "2026-06-21T16:04:16.065777+00:00", "session_id": "5858b336", "level": "WARNING"}
ExecutionManager: net exposure limit reached (84.1% vs ±80%) — skipping JPM buy
ExecutionManager: net exposure limit reached (84.1% vs ±80%) — skipping AMZN buy
ExecutionManager: net exposure limit reached (84.1% vs ±80%) — skipping CAT buy
  [bar 385] 2024-06-07 04:00:00+00:00 | 6 signals | equity=104,624 | regime=SIDEWAYS
StatArbStrategy.generate_signals: no pairs loaded. Call find_pairs() first.
{"event": "signal", "strategy": "momentum", "symbol": "AAPL", "direction": "SELL", "strength": 0.665344, "metadata": {"rank": 0.2, "sector": "Technology", "fallback": true}, "ts": "2026-06-21T16:04:16.308679+00:00", "session_id": "5858b336", "level": "INFO"}
{"event": "signal", "strategy": "momentum", "symbol": "NVDA", "direction": "BUY", "strength": 0.403321, "metadata": {"rank": 1.0, "sector": "Technology", "fallback": true}, "ts": "2026-06-21T16:04:16.309006+00:00", "session_id": "5858b336", "level": "INFO"}
{"event": "signal", "strategy": "momentum", "symbol": "JNJ", "direction": "SELL", "strength": 0.999279, "metadata": {"rank": 0.13333333333333333, "sector": "Healthcare", "fallback": true}, "ts": "2026-06-21T16:04:16.309492+00:00", "session_id": "5858b336", "level": "INFO"}
{"event": "signal", "strategy": "momentum", "symbol": "JPM", "direction": "BUY", "strength": 0.69511, "metadata": {"rank": 0.8, "sector": "Financials", "fallback": true}, "ts": "2026-06-21T16:04:16.310289+00:00", "session_id": "5858b336", "level": "INFO"}
{"event": "signal", "strategy": "momentum", "symbol": "AMZN", "direction": "BUY", "strength": 0.871186, "metadata": {"rank": 0.9333333333333333, "sector": "Consumer Discretionary", "fallback": true}, "ts": "2026-06-21T16:04:16.311210+00:00", "session_id": "5858b336", "level": "INFO"}
{"event": "signal", "strategy": "momentum", "symbol": "TSLA", "direction": "SELL", "strength": 0.327615, "metadata": {"rank": 0.06666666666666667, "sector": "Consumer Discretionary", "fallback": true}, "ts": "2026-06-21T16:04:16.311560+00:00", "session_id": "5858b336", "level": "INFO"}
{"event": "signal", "strategy": "momentum", "symbol": "CAT", "direction": "BUY", "strength": 0.645835, "metadata": {"rank": 0.8666666666666667, "sector": "Industrials", "fallback": true}, "ts": "2026-06-21T16:04:16.312745+00:00", "session_id": "5858b336", "level": "INFO"}
MeanReversion: no volume data supplied — volume filter bypassed
{"event": "signal", "strategy": "mean_reversion", "symbol": "NVDA", "direction": "SELL", "strength": 0.961061, "metadata": {"z": 2.4273, "rsi": 82.64, "rv": 0.4852}, "ts": "2026-06-21T16:04:16.337995+00:00", "session_id": "5858b336", "level": "INFO"}
{"event": "signal", "strategy": "mean_reversion", "symbol": "CAT", "direction": "BUY", "strength": 0.615362, "metadata": {"z": -1.7338, "rsi": 10.38, "rv": 0.1924}, "ts": "2026-06-21T16:04:16.350377+00:00", "session_id": "5858b336", "level": "INFO"}
{"event": "info", "message": "SignalGenerator: 9 raw \u2192 7 combined signals", "metadata": {"regime": "SIDEWAYS", "n_strategies": 4, "allocations": {"stat_arb": 0.25, "momentum": 0.3, "factor_model": 0.25, "mean_reversion": 0.18}}, "ts": "2026-06-21T16:04:16.358895+00:00", "session_id": "5858b336", "level": "INFO"}
{"event": "risk_event", "event_type": "trade_rejected", "details": {"symbol": "AAPL", "side": "sell", "qty": 81, "reason": "Individual short position 14.75% exceeds limit 5%", "strategy": "combined"}, "ts": "2026-06-21T16:04:16.378796+00:00", "session_id": "5858b336", "level": "WARNING"}
{"event": "risk_event", "event_type": "trade_rejected", "details": {"symbol": "JNJ", "side": "sell", "qty": 151, "reason": "Individual short position 19.97% exceeds limit 5%", "strategy": "combined"}, "ts": "2026-06-21T16:04:16.382790+00:00", "session_id": "5858b336", "level": "WARNING"}
ExecutionManager: net exposure limit reached (84.1% vs ±80%) — skipping JPM buy
ExecutionManager: net exposure limit reached (84.1% vs ±80%) — skipping AMZN buy
ExecutionManager: net exposure limit reached (84.1% vs ±80%) — skipping CAT buy
  [bar 386] 2024-06-10 04:00:00+00:00 | 7 signals | equity=105,112 | regime=SIDEWAYS
StatArbStrategy.generate_signals: no pairs loaded. Call find_pairs() first.
{"event": "signal", "strategy": "momentum", "symbol": "AAPL", "direction": "SELL", "strength": 0.575492, "metadata": {"rank": 0.2, "sector": "Technology", "fallback": true}, "ts": "2026-06-21T16:04:16.687454+00:00", "session_id": "5858b336", "level": "INFO"}
{"event": "signal", "strategy": "momentum", "symbol": "NVDA", "direction": "BUY", "strength": 0.402923, "metadata": {"rank": 1.0, "sector": "Technology", "fallback": true}, "ts": "2026-06-21T16:04:16.687775+00:00", "session_id": "5858b336", "level": "INFO"}
{"event": "signal", "strategy": "momentum", "symbol": "JNJ", "direction": "SELL", "strength": 1.0, "metadata": {"rank": 0.13333333333333333, "sector": "Healthcare", "fallback": true}, "ts": "2026-06-21T16:04:16.688231+00:00", "session_id": "5858b336", "level": "INFO"}
{"event": "signal", "strategy": "momentum", "symbol": "JPM", "direction": "BUY", "strength": 0.678392, "metadata": {"rank": 0.8, "sector": "Financials", "fallback": true}, "ts": "2026-06-21T16:04:16.688774+00:00", "session_id": "5858b336", "level": "INFO"}
{"event": "signal", "strategy": "momentum", "symbol": "AMZN", "direction": "BUY", "strength": 0.898777, "metadata": {"rank": 0.9333333333333333, "sector": "Consumer Discretionary", "fallback": true}, "ts": "2026-06-21T16:04:16.689283+00:00", "session_id": "5858b336", "level": "INFO"}
{"event": "signal", "strategy": "momentum", "symbol": "TSLA", "direction": "SELL", "strength": 0.326901, "metadata": {"rank": 0.06666666666666667, "sector": "Consumer Discretionary", "fallback": true}, "ts": "2026-06-21T16:04:16.689501+00:00", "session_id": "5858b336", "level": "INFO"}
{"event": "signal", "strategy": "momentum", "symbol": "CAT", "direction": "BUY", "strength": 0.649652, "metadata": {"rank": 0.8666666666666667, "sector": "Industrials", "fallback": true}, "ts": "2026-06-21T16:04:16.690163+00:00", "session_id": "5858b336", "level": "INFO"}
MeanReversion: no volume data supplied — volume filter bypassed
{"event": "signal", "strategy": "mean_reversion", "symbol": "AAPL", "direction": "SELL", "strength": 1.0, "metadata": {"z": 2.5956, "rsi": 70.52, "rv": 0.2864}, "ts": "2026-06-21T16:04:16.706342+00:00", "session_id": "5858b336", "level": "INFO"}
{"event": "signal", "strategy": "mean_reversion", "symbol": "NVDA", "direction": "SELL", "strength": 0.81172, "metadata": {"z": 2.21, "rsi": 80.66, "rv": 0.4907}, "ts": "2026-06-21T16:04:16.709753+00:00", "session_id": "5858b336", "level": "INFO"}
{"event": "signal", "strategy": "mean_reversion", "symbol": "CAT", "direction": "BUY", "strength": 0.701688, "metadata": {"z": -1.8348, "rsi": 10.73, "rv": 0.1897}, "ts": "2026-06-21T16:04:16.722650+00:00", "session_id": "5858b336", "level": "INFO"}
{"event": "info", "message": "SignalGenerator: 10 raw \u2192 7 combined signals", "metadata": {"regime": "SIDEWAYS", "n_strategies": 4, "allocations": {"stat_arb": 0.25, "momentum": 0.3, "factor_model": 0.25, "mean_reversion": 0.18}}, "ts": "2026-06-21T16:04:16.729282+00:00", "session_id": "5858b336", "level": "INFO"}
{"event": "risk_event", "event_type": "trade_rejected", "details": {"symbol": "AAPL", "side": "sell", "qty": 76, "reason": "Individual short position 14.97% exceeds limit 5%", "strategy": "combined"}, "ts": "2026-06-21T16:04:16.746272+00:00", "session_id": "5858b336", "level": "WARNING"}
{"event": "risk_event", "event_type": "trade_rejected", "details": {"symbol": "JNJ", "side": "sell", "qty": 150, "reason": "Individual short position 19.95% exceeds limit 5%", "strategy": "combined"}, "ts": "2026-06-21T16:04:16.750351+00:00", "session_id": "5858b336", "level": "WARNING"}
ExecutionManager: net exposure limit reached (84.0% vs ±80%) — skipping JPM buy
ExecutionManager: net exposure limit reached (84.0% vs ±80%) — skipping AMZN buy
ExecutionManager: net exposure limit reached (84.0% vs ±80%) — skipping CAT buy
  [bar 387] 2024-06-11 04:00:00+00:00 | 7 signals | equity=104,285 | regime=SIDEWAYS
StatArbStrategy.generate_signals: no pairs loaded. Call find_pairs() first.
{"event": "signal", "strategy": "momentum", "symbol": "AAPL", "direction": "SELL", "strength": 0.566001, "metadata": {"rank": 0.2, "sector": "Technology", "fallback": true}, "ts": "2026-06-21T16:04:17.089470+00:00", "session_id": "5858b336", "level": "INFO"}
{"event": "signal", "strategy": "momentum", "symbol": "NVDA", "direction": "BUY", "strength": 0.399964, "metadata": {"rank": 1.0, "sector": "Technology", "fallback": true}, "ts": "2026-06-21T16:04:17.089782+00:00", "session_id": "5858b336", "level": "INFO"}
{"event": "signal", "strategy": "momentum", "symbol": "JNJ", "direction": "SELL", "strength": 1.0, "metadata": {"rank": 0.13333333333333333, "sector": "Healthcare", "fallback": true}, "ts": "2026-06-21T16:04:17.090274+00:00", "session_id": "5858b336", "level": "INFO"}
{"event": "signal", "strategy": "momentum", "symbol": "JPM", "direction": "BUY", "strength": 0.732809, "metadata": {"rank": 0.8666666666666667, "sector": "Financials", "fallback": true}, "ts": "2026-06-21T16:04:17.090770+00:00", "session_id": "5858b336", "level": "INFO"}
{"event": "signal", "strategy": "momentum", "symbol": "AMZN", "direction": "BUY", "strength": 0.898411, "metadata": {"rank": 0.9333333333333333, "sector": "Consumer Discretionary", "fallback": true}, "ts": "2026-06-21T16:04:17.091263+00:00", "session_id": "5858b336", "level": "INFO"}
{"event": "signal", "strategy": "momentum", "symbol": "TSLA", "direction": "SELL", "strength": 0.331725, "metadata": {"rank": 0.06666666666666667, "sector": "Consumer Discretionary", "fallback": true}, "ts": "2026-06-21T16:04:17.091480+00:00", "session_id": "5858b336", "level": "INFO"}
{"event": "signal", "strategy": "momentum", "symbol": "CAT", "direction": "BUY", "strength": 0.603305, "metadata": {"rank": 0.8, "sector": "Industrials", "fallback": true}, "ts": "2026-06-21T16:04:17.092169+00:00", "session_id": "5858b336", "level": "INFO"}
MeanReversion: no volume data supplied — volume filter bypassed
{"event": "signal", "strategy": "mean_reversion", "symbol": "AAPL", "direction": "SELL", "strength": 1.0, "metadata": {"z": 2.8652, "rsi": 77.35, "rv": 0.2977}, "ts": "2026-06-21T16:04:17.108113+00:00", "session_id": "5858b336", "level": "INFO"}
{"event": "signal", "strategy": "mean_reversion", "symbol": "NVDA", "direction": "SELL", "strength": 0.931939, "metadata": {"z": 2.3938, "rsi": 83.26, "rv": 0.4956}, "ts": "2026-06-21T16:04:17.111598+00:00", "session_id": "5858b336", "level": "INFO"}
{"event": "signal", "strategy": "mean_reversion", "symbol": "CAT", "direction": "BUY", "strength": 0.555607, "metadata": {"z": -1.6611, "rsi": 14.87, "rv": 0.1898}, "ts": "2026-06-21T16:04:17.124345+00:00", "session_id": "5858b336", "level": "INFO"}
{"event": "info", "message": "SignalGenerator: 10 raw \u2192 7 combined signals", "metadata": {"regime": "SIDEWAYS", "n_strategies": 4, "allocations": {"stat_arb": 0.25, "momentum": 0.3, "factor_model": 0.25, "mean_reversion": 0.18}}, "ts": "2026-06-21T16:04:17.130928+00:00", "session_id": "5858b336", "level": "INFO"}
{"event": "risk_event", "event_type": "trade_rejected", "details": {"symbol": "AAPL", "side": "sell", "qty": 72, "reason": "Individual short position 14.61% exceeds limit 5%", "strategy": "combined"}, "ts": "2026-06-21T16:04:17.147857+00:00", "session_id": "5858b336", "level": "WARNING"}
{"event": "risk_event", "event_type": "trade_rejected", "details": {"symbol": "JNJ", "side": "sell", "qty": 151, "reason": "Individual short position 19.93% exceeds limit 5%", "strategy": "combined"}, "ts": "2026-06-21T16:04:17.152193+00:00", "session_id": "5858b336", "level": "WARNING"}
ExecutionManager: net exposure limit reached (84.0% vs ±80%) — skipping JPM buy
ExecutionManager: net exposure limit reached (84.0% vs ±80%) — skipping AMZN buy
ExecutionManager: net exposure limit reached (84.0% vs ±80%) — skipping CAT buy
  [bar 388] 2024-06-12 04:00:00+00:00 | 7 signals | equity=104,117 | regime=SIDEWAYS
StatArbStrategy.generate_signals: no pairs loaded. Call find_pairs() first.
{"event": "signal", "strategy": "momentum", "symbol": "AAPL", "direction": "SELL", "strength": 0.567493, "metadata": {"rank": 0.2, "sector": "Technology", "fallback": true}, "ts": "2026-06-21T16:04:17.546709+00:00", "session_id": "5858b336", "level": "INFO"}
{"event": "signal", "strategy": "momentum", "symbol": "NVDA", "direction": "BUY", "strength": 0.397265, "metadata": {"rank": 1.0, "sector": "Technology", "fallback": true}, "ts": "2026-06-21T16:04:17.547096+00:00", "session_id": "5858b336", "level": "INFO"}
{"event": "signal", "strategy": "momentum", "symbol": "JNJ", "direction": "SELL", "strength": 1.0, "metadata": {"rank": 0.13333333333333333, "sector": "Healthcare", "fallback": true}, "ts": "2026-06-21T16:04:17.547730+00:00", "session_id": "5858b336", "level": "INFO"}
{"event": "signal", "strategy": "momentum", "symbol": "JPM", "direction": "BUY", "strength": 0.730369, "metadata": {"rank": 0.8666666666666667, "sector": "Financials", "fallback": true}, "ts": "2026-06-21T16:04:17.548377+00:00", "session_id": "5858b336", "level": "INFO"}
{"event": "signal", "strategy": "momentum", "symbol": "AMZN", "direction": "BUY", "strength": 0.887369, "metadata": {"rank": 0.9333333333333333, "sector": "Consumer Discretionary", "fallback": true}, "ts": "2026-06-21T16:04:17.549030+00:00", "session_id": "5858b336", "level": "INFO"}
{"event": "signal", "strategy": "momentum", "symbol": "TSLA", "direction": "SELL", "strength": 0.330472, "metadata": {"rank": 0.06666666666666667, "sector": "Consumer Discretionary", "fallback": true}, "ts": "2026-06-21T16:04:17.549336+00:00", "session_id": "5858b336", "level": "INFO"}
{"event": "signal", "strategy": "momentum", "symbol": "CAT", "direction": "BUY", "strength": 0.603493, "metadata": {"rank": 0.8, "sector": "Industrials", "fallback": true}, "ts": "2026-06-21T16:04:17.550477+00:00", "session_id": "5858b336", "level": "INFO"}
MeanReversion: no volume data supplied — volume filter bypassed
{"event": "signal", "strategy": "mean_reversion", "symbol": "AAPL", "direction": "SELL", "strength": 1.0, "metadata": {"z": 2.7217, "rsi": 86.31, "rv": 0.297}, "ts": "2026-06-21T16:04:17.587903+00:00", "session_id": "5858b336", "level": "INFO"}
{"event": "signal", "strategy": "mean_reversion", "symbol": "NVDA", "direction": "SELL", "strength": 1.0, "metadata": {"z": 2.5404, "rsi": 81.45, "rv": 0.4953}, "ts": "2026-06-21T16:04:17.595338+00:00", "session_id": "5858b336", "level": "INFO"}
{"event": "signal", "strategy": "mean_reversion", "symbol": "CAT", "direction": "BUY", "strength": 0.634746, "metadata": {"z": -1.7533, "rsi": 16.06, "rv": 0.1867}, "ts": "2026-06-21T16:04:17.625164+00:00", "session_id": "5858b336", "level": "INFO"}
{"event": "signal", "strategy": "mean_reversion", "symbol": "LIN", "direction": "CLOSE", "strength": 1.0, "metadata": {"z": -0.1488, "action": "mean_reversion_exit"}, "ts": "2026-06-21T16:04:17.635650+00:00", "session_id": "5858b336", "level": "INFO"}
{"event": "info", "message": "SignalGenerator: 11 raw \u2192 8 combined signals", "metadata": {"regime": "SIDEWAYS", "n_strategies": 4, "allocations": {"stat_arb": 0.25, "momentum": 0.3, "factor_model": 0.25, "mean_reversion": 0.18}}, "ts": "2026-06-21T16:04:17.641459+00:00", "session_id": "5858b336", "level": "INFO"}
{"event": "risk_event", "event_type": "trade_rejected", "details": {"symbol": "JNJ", "side": "sell", "qty": 151, "reason": "Individual short position 19.93% exceeds limit 5%", "strategy": "combined"}, "ts": "2026-06-21T16:04:17.680388+00:00", "session_id": "5858b336", "level": "WARNING"}
ExecutionManager: net exposure limit reached (84.0% vs ±80%) — skipping JPM buy
ExecutionManager: net exposure limit reached (84.0% vs ±80%) — skipping AMZN buy
ExecutionManager: net exposure limit reached (84.0% vs ±80%) — skipping CAT buy
{"event": "order", "order_id": "c959224c-362", "symbol": "LIN", "side": "sell", "qty": 45, "price": 0.0, "status": "submitted", "metadata": {"order_type": "market", "strategy": "combined"}, "ts": "2026-06-21T16:04:17.681941+00:00", "session_id": "5858b336", "level": "INFO"}
  [bar 389] 2024-06-13 04:00:00+00:00 | 8 signals | equity=104,116 | regime=SIDEWAYS
{"event": "fill", "order_id": "c959224c-362", "fill_price": 425.9670490864732, "fill_qty": 45, "slippage_bps": 7.0385, "metadata": {"symbol": "LIN", "side": "sell", "commission": 0.225, "strategy": "combined"}, "ts": "2026-06-21T16:04:17.688782+00:00", "session_id": "5858b336", "level": "INFO"}
StatArbStrategy.generate_signals: no pairs loaded. Call find_pairs() first.
{"event": "signal", "strategy": "momentum", "symbol": "AAPL", "direction": "SELL", "strength": 0.567561, "metadata": {"rank": 0.2, "sector": "Technology", "fallback": true}, "ts": "2026-06-21T16:04:18.012313+00:00", "session_id": "5858b336", "level": "INFO"}
{"event": "signal", "strategy": "momentum", "symbol": "NVDA", "direction": "BUY", "strength": 0.396922, "metadata": {"rank": 1.0, "sector": "Technology", "fallback": true}, "ts": "2026-06-21T16:04:18.012670+00:00", "session_id": "5858b336", "level": "INFO"}
{"event": "signal", "strategy": "momentum", "symbol": "JNJ", "direction": "SELL", "strength": 1.0, "metadata": {"rank": 0.13333333333333333, "sector": "Healthcare", "fallback": true}, "ts": "2026-06-21T16:04:18.013164+00:00", "session_id": "5858b336", "level": "INFO"}
{"event": "signal", "strategy": "momentum", "symbol": "JPM", "direction": "BUY", "strength": 0.735112, "metadata": {"rank": 0.8666666666666667, "sector": "Financials", "fallback": true}, "ts": "2026-06-21T16:04:18.013706+00:00", "session_id": "5858b336", "level": "INFO"}
{"event": "signal", "strategy": "momentum", "symbol": "GS", "direction": "BUY", "strength": 0.75336, "metadata": {"rank": 0.8, "sector": "Financials", "fallback": true}, "ts": "2026-06-21T16:04:18.013967+00:00", "session_id": "5858b336", "level": "INFO"}
{"event": "signal", "strategy": "momentum", "symbol": "AMZN", "direction": "BUY", "strength": 0.89359, "metadata": {"rank": 0.9333333333333333, "sector": "Consumer Discretionary", "fallback": true}, "ts": "2026-06-21T16:04:18.014452+00:00", "session_id": "5858b336", "level": "INFO"}
{"event": "signal", "strategy": "momentum", "symbol": "TSLA", "direction": "SELL", "strength": 0.330362, "metadata": {"rank": 0.06666666666666667, "sector": "Consumer Discretionary", "fallback": true}, "ts": "2026-06-21T16:04:18.014700+00:00", "session_id": "5858b336", "level": "INFO"}
MeanReversion: no volume data supplied — volume filter bypassed
{"event": "signal", "strategy": "mean_reversion", "symbol": "AAPL", "direction": "SELL", "strength": 1.0, "metadata": {"z": 2.4054, "rsi": 80.98, "rv": 0.3007}, "ts": "2026-06-21T16:04:18.031171+00:00", "session_id": "5858b336", "level": "INFO"}
{"event": "signal", "strategy": "mean_reversion", "symbol": "NVDA", "direction": "SELL", "strength": 1.0, "metadata": {"z": 2.513, "rsi": 81.27, "rv": 0.4904}, "ts": "2026-06-21T16:04:18.034683+00:00", "session_id": "5858b336", "level": "INFO"}
{"event": "signal", "strategy": "mean_reversion", "symbol": "CAT", "direction": "BUY", "strength": 0.843036, "metadata": {"z": -1.9894, "rsi": 14.79, "rv": 0.1736}, "ts": "2026-06-21T16:04:18.047360+00:00", "session_id": "5858b336", "level": "INFO"}
{"event": "info", "message": "SignalGenerator: 10 raw \u2192 8 combined signals", "metadata": {"regime": "SIDEWAYS", "n_strategies": 4, "allocations": {"stat_arb": 0.25, "momentum": 0.3, "factor_model": 0.25, "mean_reversion": 0.18}}, "ts": "2026-06-21T16:04:18.055131+00:00", "session_id": "5858b336", "level": "INFO"}
{"event": "risk_event", "event_type": "trade_rejected", "details": {"symbol": "AAPL", "side": "sell", "qty": 65, "reason": "Individual short position 13.19% exceeds limit 5%", "strategy": "combined"}, "ts": "2026-06-21T16:04:18.079588+00:00", "session_id": "5858b336", "level": "WARNING"}
{"event": "risk_event", "event_type": "trade_rejected", "details": {"symbol": "JNJ", "side": "sell", "qty": 150, "reason": "Individual short position 19.87% exceeds limit 5%", "strategy": "combined"}, "ts": "2026-06-21T16:04:18.085074+00:00", "session_id": "5858b336", "level": "WARNING"}
{"event": "order", "order_id": "4c74b940-f0c", "symbol": "GS", "side": "buy", "qty": 7, "price": 0.0, "status": "submitted", "metadata": {"order_type": "market", "strategy": "combined"}, "ts": "2026-06-21T16:04:18.089694+00:00", "session_id": "5858b336", "level": "INFO"}
  [bar 390] 2024-06-14 04:00:00+00:00 | 8 signals | equity=103,789 | regime=SIDEWAYS
{"event": "fill", "order_id": "4c74b940-f0c", "fill_price": 427.6525718037761, "fill_qty": 7, "slippage_bps": 7.0191, "metadata": {"symbol": "GS", "side": "buy", "commission": 0.035, "strategy": "combined"}, "ts": "2026-06-21T16:04:18.096638+00:00", "session_id": "5858b336", "level": "INFO"}
StatArbStrategy.generate_signals: no pairs loaded. Call find_pairs() first.
{"event": "signal", "strategy": "momentum", "symbol": "AAPL", "direction": "SELL", "strength": 0.596817, "metadata": {"rank": 0.2, "sector": "Technology", "fallback": true}, "ts": "2026-06-21T16:04:18.393465+00:00", "session_id": "5858b336", "level": "INFO"}
{"event": "signal", "strategy": "momentum", "symbol": "NVDA", "direction": "BUY", "strength": 0.396462, "metadata": {"rank": 1.0, "sector": "Technology", "fallback": true}, "ts": "2026-06-21T16:04:18.393817+00:00", "session_id": "5858b336", "level": "INFO"}
{"event": "signal", "strategy": "momentum", "symbol": "JNJ", "direction": "SELL", "strength": 1.0, "metadata": {"rank": 0.13333333333333333, "sector": "Healthcare", "fallback": true}, "ts": "2026-06-21T16:04:18.394402+00:00", "session_id": "5858b336", "level": "INFO"}
{"event": "signal", "strategy": "momentum", "symbol": "JPM", "direction": "BUY", "strength": 0.682652, "metadata": {"rank": 0.8, "sector": "Financials", "fallback": true}, "ts": "2026-06-21T16:04:18.395087+00:00", "session_id": "5858b336", "level": "INFO"}
{"event": "signal", "strategy": "momentum", "symbol": "GS", "direction": "BUY", "strength": 0.887003, "metadata": {"rank": 0.8666666666666667, "sector": "Financials", "fallback": true}, "ts": "2026-06-21T16:04:18.395370+00:00", "session_id": "5858b336", "level": "INFO"}
{"event": "signal", "strategy": "momentum", "symbol": "AMZN", "direction": "BUY", "strength": 0.893483, "metadata": {"rank": 0.9333333333333333, "sector": "Consumer Discretionary", "fallback": true}, "ts": "2026-06-21T16:04:18.395936+00:00", "session_id": "5858b336", "level": "INFO"}
{"event": "signal", "strategy": "momentum", "symbol": "TSLA", "direction": "SELL", "strength": 0.325411, "metadata": {"rank": 0.06666666666666667, "sector": "Consumer Discretionary", "fallback": true}, "ts": "2026-06-21T16:04:18.396142+00:00", "session_id": "5858b336", "level": "INFO"}
MeanReversion: no volume data supplied — volume filter bypassed
{"event": "signal", "strategy": "mean_reversion", "symbol": "AAPL", "direction": "SELL", "strength": 1.0, "metadata": {"z": 2.529, "rsi": 82.94, "rv": 0.3039}, "ts": "2026-06-21T16:04:18.418086+00:00", "session_id": "5858b336", "level": "INFO"}
{"event": "signal", "strategy": "mean_reversion", "symbol": "NVDA", "direction": "SELL", "strength": 0.874467, "metadata": {"z": 2.2936, "rsi": 75.05, "rv": 0.4793}, "ts": "2026-06-21T16:04:18.421601+00:00", "session_id": "5858b336", "level": "INFO"}
{"event": "signal", "strategy": "mean_reversion", "symbol": "CAT", "direction": "BUY", "strength": 0.720924, "metadata": {"z": -1.8358, "rsi": 17.86, "rv": 0.1593}, "ts": "2026-06-21T16:04:18.434156+00:00", "session_id": "5858b336", "level": "INFO"}
{"event": "signal", "strategy": "mean_reversion", "symbol": "NEE", "direction": "CLOSE", "strength": 1.0, "metadata": {"z": 0.4478, "action": "mean_reversion_exit"}, "ts": "2026-06-21T16:04:18.440674+00:00", "session_id": "5858b336", "level": "INFO"}
{"event": "info", "message": "SignalGenerator: 11 raw \u2192 9 combined signals", "metadata": {"regime": "SIDEWAYS", "n_strategies": 4, "allocations": {"stat_arb": 0.25, "momentum": 0.3, "factor_model": 0.25, "mean_reversion": 0.18}}, "ts": "2026-06-21T16:04:18.440960+00:00", "session_id": "5858b336", "level": "INFO"}
{"event": "risk_event", "event_type": "trade_rejected", "details": {"symbol": "JNJ", "side": "sell", "qty": 150, "reason": "Individual short position 19.90% exceeds limit 5%", "strategy": "combined"}, "ts": "2026-06-21T16:04:18.462065+00:00", "session_id": "5858b336", "level": "WARNING"}
{"event": "order", "order_id": "349ab8ce-f38", "symbol": "GS", "side": "buy", "qty": 2, "price": 0.0, "status": "submitted", "metadata": {"order_type": "market", "strategy": "combined"}, "ts": "2026-06-21T16:04:18.465484+00:00", "session_id": "5858b336", "level": "INFO"}
  [bar 391] 2024-06-17 04:00:00+00:00 | 9 signals | equity=103,956 | regime=SIDEWAYS
{"event": "fill", "order_id": "349ab8ce-f38", "fill_price": 431.94704131573343, "fill_qty": 2, "slippage_bps": 7.0108, "metadata": {"symbol": "GS", "side": "buy", "commission": 0.01, "strategy": "combined"}, "ts": "2026-06-21T16:04:18.470928+00:00", "session_id": "5858b336", "level": "INFO"}
StatArbStrategy.generate_signals: no pairs loaded. Call find_pairs() first.
{"event": "signal", "strategy": "momentum", "symbol": "AAPL", "direction": "SELL", "strength": 0.592989, "metadata": {"rank": 0.2, "sector": "Technology", "fallback": true}, "ts": "2026-06-21T16:04:18.709061+00:00", "session_id": "5858b336", "level": "INFO"}
{"event": "signal", "strategy": "momentum", "symbol": "NVDA", "direction": "BUY", "strength": 0.395794, "metadata": {"rank": 1.0, "sector": "Technology", "fallback": true}, "ts": "2026-06-21T16:04:18.709409+00:00", "session_id": "5858b336", "level": "INFO"}
{"event": "signal", "strategy": "momentum", "symbol": "JNJ", "direction": "SELL", "strength": 1.0, "metadata": {"rank": 0.13333333333333333, "sector": "Healthcare", "fallback": true}, "ts": "2026-06-21T16:04:18.709884+00:00", "session_id": "5858b336", "level": "INFO"}
{"event": "signal", "strategy": "momentum", "symbol": "GS", "direction": "BUY", "strength": 0.962997, "metadata": {"rank": 0.9333333333333333, "sector": "Financials", "fallback": true}, "ts": "2026-06-21T16:04:18.710442+00:00", "session_id": "5858b336", "level": "INFO"}
{"event": "signal", "strategy": "momentum", "symbol": "AMZN", "direction": "BUY", "strength": 0.828043, "metadata": {"rank": 0.8666666666666667, "sector": "Consumer Discretionary", "fallback": true}, "ts": "2026-06-21T16:04:18.710888+00:00", "session_id": "5858b336", "level": "INFO"}
{"event": "signal", "strategy": "momentum", "symbol": "TSLA", "direction": "SELL", "strength": 0.325276, "metadata": {"rank": 0.06666666666666667, "sector": "Consumer Discretionary", "fallback": true}, "ts": "2026-06-21T16:04:18.711097+00:00", "session_id": "5858b336", "level": "INFO"}
{"event": "signal", "strategy": "momentum", "symbol": "CAT", "direction": "BUY", "strength": 0.61505, "metadata": {"rank": 0.8, "sector": "Industrials", "fallback": true}, "ts": "2026-06-21T16:04:18.711791+00:00", "session_id": "5858b336", "level": "INFO"}
MeanReversion: no volume data supplied — volume filter bypassed
{"event": "signal", "strategy": "mean_reversion", "symbol": "AAPL", "direction": "SELL", "strength": 0.927311, "metadata": {"z": 2.215, "rsi": 78.18, "rv": 0.3103}, "ts": "2026-06-21T16:04:18.728217+00:00", "session_id": "5858b336", "level": "INFO"}
{"event": "signal", "strategy": "mean_reversion", "symbol": "NVDA", "direction": "SELL", "strength": 0.961368, "metadata": {"z": 2.4253, "rsi": 77.47, "rv": 0.4826}, "ts": "2026-06-21T16:04:18.731711+00:00", "session_id": "5858b336", "level": "INFO"}
{"event": "signal", "strategy": "mean_reversion", "symbol": "CAT", "direction": "BUY", "strength": 0.511549, "metadata": {"z": -1.5851, "rsi": 29.63, "rv": 0.1438}, "ts": "2026-06-21T16:04:18.744577+00:00", "session_id": "5858b336", "level": "INFO"}
{"event": "signal", "strategy": "mean_reversion", "symbol": "PG", "direction": "SELL", "strength": 0.274936, "metadata": {"z": 1.3138, "rsi": 71.26, "rv": 0.1415}, "ts": "2026-06-21T16:04:18.746436+00:00", "session_id": "5858b336", "level": "INFO"}
{"event": "info", "message": "SignalGenerator: 11 raw \u2192 7 combined signals", "metadata": {"regime": "SIDEWAYS", "n_strategies": 4, "allocations": {"stat_arb": 0.25, "momentum": 0.3, "factor_model": 0.25, "mean_reversion": 0.18}}, "ts": "2026-06-21T16:04:18.751867+00:00", "session_id": "5858b336", "level": "INFO"}
{"event": "risk_event", "event_type": "trade_rejected", "details": {"symbol": "AAPL", "side": "sell", "qty": 62, "reason": "Individual short position 12.62% exceeds limit 5%", "strategy": "combined"}, "ts": "2026-06-21T16:04:18.773842+00:00", "session_id": "5858b336", "level": "WARNING"}
{"event": "risk_event", "event_type": "trade_rejected", "details": {"symbol": "JNJ", "side": "sell", "qty": 151, "reason": "Individual short position 19.91% exceeds limit 5%", "strategy": "combined"}, "ts": "2026-06-21T16:04:18.777909+00:00", "session_id": "5858b336", "level": "WARNING"}
  [bar 392] 2024-06-18 04:00:00+00:00 | 7 signals | equity=104,364 | regime=SIDEWAYS
StatArbStrategy.generate_signals: no pairs loaded. Call find_pairs() first.
{"event": "signal", "strategy": "momentum", "symbol": "NVDA", "direction": "BUY", "strength": 0.364151, "metadata": {"rank": 0.9333333333333333, "sector": "Technology", "fallback": true}, "ts": "2026-06-21T16:04:19.079778+00:00", "session_id": "5858b336", "level": "INFO"}
{"event": "signal", "strategy": "momentum", "symbol": "JNJ", "direction": "SELL", "strength": 0.984343, "metadata": {"rank": 0.13333333333333333, "sector": "Healthcare", "fallback": true}, "ts": "2026-06-21T16:04:19.080372+00:00", "session_id": "5858b336", "level": "INFO"}
{"event": "signal", "strategy": "momentum", "symbol": "GS", "direction": "BUY", "strength": 1.0, "metadata": {"rank": 1.0, "sector": "Financials", "fallback": true}, "ts": "2026-06-21T16:04:19.080956+00:00", "session_id": "5858b336", "level": "INFO"}
{"event": "signal", "strategy": "momentum", "symbol": "AMZN", "direction": "BUY", "strength": 0.816824, "metadata": {"rank": 0.8666666666666667, "sector": "Consumer Discretionary", "fallback": true}, "ts": "2026-06-21T16:04:19.081462+00:00", "session_id": "5858b336", "level": "INFO"}
{"event": "signal", "strategy": "momentum", "symbol": "TSLA", "direction": "SELL", "strength": 0.3247, "metadata": {"rank": 0.06666666666666667, "sector": "Consumer Discretionary", "fallback": true}, "ts": "2026-06-21T16:04:19.081720+00:00", "session_id": "5858b336", "level": "INFO"}
{"event": "signal", "strategy": "momentum", "symbol": "CAT", "direction": "BUY", "strength": 0.611908, "metadata": {"rank": 0.8, "sector": "Industrials", "fallback": true}, "ts": "2026-06-21T16:04:19.082456+00:00", "session_id": "5858b336", "level": "INFO"}
MeanReversion: no volume data supplied — volume filter bypassed
{"event": "signal", "strategy": "mean_reversion", "symbol": "MSFT", "direction": "SELL", "strength": 0.879122, "metadata": {"z": 2.0375, "rsi": 87.91, "rv": 0.1801}, "ts": "2026-06-21T16:04:19.100206+00:00", "session_id": "5858b336", "level": "INFO"}
{"event": "signal", "strategy": "mean_reversion", "symbol": "NVDA", "direction": "SELL", "strength": 0.663188, "metadata": {"z": 2.0068, "rsi": 76.51, "rv": 0.5182}, "ts": "2026-06-21T16:04:19.102105+00:00", "session_id": "5858b336", "level": "INFO"}
{"event": "info", "message": "SignalGenerator: 8 raw \u2192 7 combined signals", "metadata": {"regime": "SIDEWAYS", "n_strategies": 4, "allocations": {"stat_arb": 0.25, "momentum": 0.3, "factor_model": 0.25, "mean_reversion": 0.18}}, "ts": "2026-06-21T16:04:19.121171+00:00", "session_id": "5858b336", "level": "INFO"}
{"event": "risk_event", "event_type": "trade_rejected", "details": {"symbol": "JNJ", "side": "sell", "qty": 150, "reason": "Individual short position 19.87% exceeds limit 5%", "strategy": "combined"}, "ts": "2026-06-21T16:04:19.137403+00:00", "session_id": "5858b336", "level": "WARNING"}
{"event": "risk_event", "event_type": "trade_rejected", "details": {"symbol": "MSFT", "side": "sell", "qty": 33, "reason": "Individual short position 13.74% exceeds limit 5%", "strategy": "combined"}, "ts": "2026-06-21T16:04:19.140918+00:00", "session_id": "5858b336", "level": "WARNING"}
  [bar 393] 2024-06-20 04:00:00+00:00 | 7 signals | equity=105,391 | regime=SIDEWAYS
StatArbStrategy.generate_signals: no pairs loaded. Call find_pairs() first.
{"event": "signal", "strategy": "momentum", "symbol": "AAPL", "direction": "SELL", "strength": 0.582985, "metadata": {"rank": 0.2, "sector": "Technology", "fallback": true}, "ts": "2026-06-21T16:04:19.384946+00:00", "session_id": "5858b336", "level": "INFO"}
{"event": "signal", "strategy": "momentum", "symbol": "NVDA", "direction": "BUY", "strength": 0.362786, "metadata": {"rank": 0.9333333333333333, "sector": "Technology", "fallback": true}, "ts": "2026-06-21T16:04:19.385326+00:00", "session_id": "5858b336", "level": "INFO"}
{"event": "signal", "strategy": "momentum", "symbol": "JNJ", "direction": "SELL", "strength": 0.982029, "metadata": {"rank": 0.13333333333333333, "sector": "Healthcare", "fallback": true}, "ts": "2026-06-21T16:04:19.385828+00:00", "session_id": "5858b336", "level": "INFO"}
{"event": "signal", "strategy": "momentum", "symbol": "JPM", "direction": "BUY", "strength": 0.68092, "metadata": {"rank": 0.8, "sector": "Financials", "fallback": true}, "ts": "2026-06-21T16:04:19.386377+00:00", "session_id": "5858b336", "level": "INFO"}
{"event": "signal", "strategy": "momentum", "symbol": "GS", "direction": "BUY", "strength": 1.0, "metadata": {"rank": 1.0, "sector": "Financials", "fallback": true}, "ts": "2026-06-21T16:04:19.386635+00:00", "session_id": "5858b336", "level": "INFO"}
{"event": "signal", "strategy": "momentum", "symbol": "TSLA", "direction": "SELL", "strength": 0.326259, "metadata": {"rank": 0.06666666666666667, "sector": "Consumer Discretionary", "fallback": true}, "ts": "2026-06-21T16:04:19.387219+00:00", "session_id": "5858b336", "level": "INFO"}
{"event": "signal", "strategy": "momentum", "symbol": "CAT", "direction": "BUY", "strength": 0.662888, "metadata": {"rank": 0.8666666666666667, "sector": "Industrials", "fallback": true}, "ts": "2026-06-21T16:04:19.388155+00:00", "session_id": "5858b336", "level": "INFO"}
MeanReversion: no volume data supplied — volume filter bypassed
{"event": "signal", "strategy": "mean_reversion", "symbol": "MSFT", "direction": "SELL", "strength": 1.0, "metadata": {"z": 2.2133, "rsi": 88.89, "rv": 0.1819}, "ts": "2026-06-21T16:04:19.406260+00:00", "session_id": "5858b336", "level": "INFO"}
{"event": "signal", "strategy": "mean_reversion", "symbol": "NVDA", "direction": "SELL", "strength": 0.435701, "metadata": {"z": 1.6718, "rsi": 70.36, "rv": 0.5419}, "ts": "2026-06-21T16:04:19.408263+00:00", "session_id": "5858b336", "level": "INFO"}
{"event": "signal", "strategy": "mean_reversion", "symbol": "AMZN", "direction": "SELL", "strength": 0.497429, "metadata": {"z": 1.5869, "rsi": 76.69, "rv": 0.1798}, "ts": "2026-06-21T16:04:19.421701+00:00", "session_id": "5858b336", "level": "INFO"}
{"event": "info", "message": "SignalGenerator: 10 raw \u2192 9 combined signals", "metadata": {"regime": "SIDEWAYS", "n_strategies": 4, "allocations": {"stat_arb": 0.25, "momentum": 0.3, "factor_model": 0.25, "mean_reversion": 0.18}}, "ts": "2026-06-21T16:04:19.439310+00:00", "session_id": "5858b336", "level": "INFO"}
{"event": "risk_event", "event_type": "trade_rejected", "details": {"symbol": "AAPL", "side": "sell", "qty": 85, "reason": "Individual short position 16.65% exceeds limit 5%", "strategy": "combined"}, "ts": "2026-06-21T16:04:19.460876+00:00", "session_id": "5858b336", "level": "WARNING"}
{"event": "risk_event", "event_type": "trade_rejected", "details": {"symbol": "JNJ", "side": "sell", "qty": 149, "reason": "Individual short position 19.94% exceeds limit 5%", "strategy": "combined"}, "ts": "2026-06-21T16:04:19.465458+00:00", "session_id": "5858b336", "level": "WARNING"}
{"event": "risk_event", "event_type": "trade_rejected", "details": {"symbol": "MSFT", "side": "sell", "qty": 33, "reason": "Individual short position 13.92% exceeds limit 5%", "strategy": "combined"}, "ts": "2026-06-21T16:04:19.470549+00:00", "session_id": "5858b336", "level": "WARNING"}
  [bar 394] 2024-06-21 04:00:00+00:00 | 9 signals | equity=105,008 | regime=SIDEWAYS
StatArbStrategy.generate_signals: no pairs loaded. Call find_pairs() first.
{"event": "signal", "strategy": "momentum", "symbol": "AAPL", "direction": "SELL", "strength": 0.588274, "metadata": {"rank": 0.2, "sector": "Technology", "fallback": true}, "ts": "2026-06-21T16:04:19.730029+00:00", "session_id": "5858b336", "level": "INFO"}
{"event": "signal", "strategy": "momentum", "symbol": "NVDA", "direction": "BUY", "strength": 0.375111, "metadata": {"rank": 1.0, "sector": "Technology", "fallback": true}, "ts": "2026-06-21T16:04:19.730427+00:00", "session_id": "5858b336", "level": "INFO"}
{"event": "signal", "strategy": "momentum", "symbol": "JNJ", "direction": "SELL", "strength": 0.996163, "metadata": {"rank": 0.13333333333333333, "sector": "Healthcare", "fallback": true}, "ts": "2026-06-21T16:04:19.730945+00:00", "session_id": "5858b336", "level": "INFO"}
{"event": "signal", "strategy": "momentum", "symbol": "JPM", "direction": "BUY", "strength": 0.686145, "metadata": {"rank": 0.8, "sector": "Financials", "fallback": true}, "ts": "2026-06-21T16:04:19.731515+00:00", "session_id": "5858b336", "level": "INFO"}
{"event": "signal", "strategy": "momentum", "symbol": "GS", "direction": "BUY", "strength": 0.936425, "metadata": {"rank": 0.9333333333333333, "sector": "Financials", "fallback": true}, "ts": "2026-06-21T16:04:19.731771+00:00", "session_id": "5858b336", "level": "INFO"}
{"event": "signal", "strategy": "momentum", "symbol": "TSLA", "direction": "SELL", "strength": 0.326535, "metadata": {"rank": 0.06666666666666667, "sector": "Consumer Discretionary", "fallback": true}, "ts": "2026-06-21T16:04:19.732288+00:00", "session_id": "5858b336", "level": "INFO"}
{"event": "signal", "strategy": "momentum", "symbol": "CAT", "direction": "BUY", "strength": 0.674138, "metadata": {"rank": 0.8666666666666667, "sector": "Industrials", "fallback": true}, "ts": "2026-06-21T16:04:19.732993+00:00", "session_id": "5858b336", "level": "INFO"}
MeanReversion: no volume data supplied — volume filter bypassed
{"event": "signal", "strategy": "mean_reversion", "symbol": "MSFT", "direction": "SELL", "strength": 0.812068, "metadata": {"z": 1.9579, "rsi": 87.9, "rv": 0.1796}, "ts": "2026-06-21T16:04:19.751033+00:00", "session_id": "5858b336", "level": "INFO"}
{"event": "info", "message": "SignalGenerator: 8 raw \u2192 8 combined signals", "metadata": {"regime": "SIDEWAYS", "n_strategies": 4, "allocations": {"stat_arb": 0.25, "momentum": 0.3, "factor_model": 0.25, "mean_reversion": 0.18}}, "ts": "2026-06-21T16:04:19.777143+00:00", "session_id": "5858b336", "level": "INFO"}
{"event": "risk_event", "event_type": "trade_rejected", "details": {"symbol": "AAPL", "side": "sell", "qty": 60, "reason": "Individual short position 11.73% exceeds limit 5%", "strategy": "combined"}, "ts": "2026-06-21T16:04:19.794567+00:00", "session_id": "5858b336", "level": "WARNING"}
{"event": "order", "order_id": "95eef746-7a9", "symbol": "NVDA", "side": "buy", "qty": 28, "price": 0.0, "status": "submitted", "metadata": {"order_type": "market", "strategy": "combined"}, "ts": "2026-06-21T16:04:19.797918+00:00", "session_id": "5858b336", "level": "INFO"}
{"event": "risk_event", "event_type": "trade_rejected", "details": {"symbol": "JNJ", "side": "sell", "qty": 149, "reason": "Individual short position 19.88% exceeds limit 5%", "strategy": "combined"}, "ts": "2026-06-21T16:04:19.801158+00:00", "session_id": "5858b336", "level": "WARNING"}
{"event": "risk_event", "event_type": "trade_rejected", "details": {"symbol": "MSFT", "side": "sell", "qty": 40, "reason": "Individual short position 16.70% exceeds limit 5%", "strategy": "combined"}, "ts": "2026-06-21T16:04:19.804526+00:00", "session_id": "5858b336", "level": "WARNING"}
  [bar 395] 2024-06-24 04:00:00+00:00 | 8 signals | equity=105,583 | regime=SIDEWAYS
{"event": "fill", "order_id": "95eef746-7a9", "fill_price": 121.08537388397518, "fill_qty": 28, "slippage_bps": 7.0092, "metadata": {"symbol": "NVDA", "side": "buy", "commission": 0.14, "strategy": "combined"}, "ts": "2026-06-21T16:04:19.809678+00:00", "session_id": "5858b336", "level": "INFO"}
StatArbStrategy.generate_signals: no pairs loaded. Call find_pairs() first.
{"event": "signal", "strategy": "momentum", "symbol": "AAPL", "direction": "SELL", "strength": 0.591515, "metadata": {"rank": 0.2, "sector": "Technology", "fallback": true}, "ts": "2026-06-21T16:04:20.049446+00:00", "session_id": "5858b336", "level": "INFO"}
{"event": "signal", "strategy": "momentum", "symbol": "NVDA", "direction": "BUY", "strength": 0.365286, "metadata": {"rank": 1.0, "sector": "Technology", "fallback": true}, "ts": "2026-06-21T16:04:20.049794+00:00", "session_id": "5858b336", "level": "INFO"}
{"event": "signal", "strategy": "momentum", "symbol": "JNJ", "direction": "SELL", "strength": 0.986457, "metadata": {"rank": 0.13333333333333333, "sector": "Healthcare", "fallback": true}, "ts": "2026-06-21T16:04:20.050279+00:00", "session_id": "5858b336", "level": "INFO"}
{"event": "signal", "strategy": "momentum", "symbol": "JPM", "direction": "BUY", "strength": 0.743293, "metadata": {"rank": 0.8666666666666667, "sector": "Financials", "fallback": true}, "ts": "2026-06-21T16:04:20.050775+00:00", "session_id": "5858b336", "level": "INFO"}
{"event": "signal", "strategy": "momentum", "symbol": "GS", "direction": "BUY", "strength": 0.930101, "metadata": {"rank": 0.9333333333333333, "sector": "Financials", "fallback": true}, "ts": "2026-06-21T16:04:20.051004+00:00", "session_id": "5858b336", "level": "INFO"}
{"event": "signal", "strategy": "momentum", "symbol": "TSLA", "direction": "SELL", "strength": 0.326354, "metadata": {"rank": 0.06666666666666667, "sector": "Consumer Discretionary", "fallback": true}, "ts": "2026-06-21T16:04:20.051583+00:00", "session_id": "5858b336", "level": "INFO"}
{"event": "signal", "strategy": "momentum", "symbol": "CAT", "direction": "BUY", "strength": 0.622379, "metadata": {"rank": 0.8, "sector": "Industrials", "fallback": true}, "ts": "2026-06-21T16:04:20.052423+00:00", "session_id": "5858b336", "level": "INFO"}
MeanReversion: no volume data supplied — volume filter bypassed
{"event": "signal", "strategy": "mean_reversion", "symbol": "MSFT", "direction": "SELL", "strength": 0.908952, "metadata": {"z": 2.0722, "rsi": 88.1, "rv": 0.1796}, "ts": "2026-06-21T16:04:20.076081+00:00", "session_id": "5858b336", "level": "INFO"}
{"event": "signal", "strategy": "mean_reversion", "symbol": "GOOGL", "direction": "SELL", "strength": 0.655674, "metadata": {"z": 1.7743, "rsi": 70.59, "rv": 0.181}, "ts": "2026-06-21T16:04:20.093409+00:00", "session_id": "5858b336", "level": "INFO"}
{"event": "info", "message": "SignalGenerator: 9 raw \u2192 9 combined signals", "metadata": {"regime": "SIDEWAYS", "n_strategies": 4, "allocations": {"stat_arb": 0.25, "momentum": 0.3, "factor_model": 0.25, "mean_reversion": 0.18}}, "ts": "2026-06-21T16:04:20.097029+00:00", "session_id": "5858b336", "level": "INFO"}
{"event": "risk_event", "event_type": "trade_rejected", "details": {"symbol": "AAPL", "side": "sell", "qty": 67, "reason": "Individual short position 13.20% exceeds limit 5%", "strategy": "combined"}, "ts": "2026-06-21T16:04:20.116212+00:00", "session_id": "5858b336", "level": "WARNING"}
{"event": "order", "order_id": "a244a45f-a57", "symbol": "NVDA", "side": "buy", "qty": 2, "price": 0.0, "status": "submitted", "metadata": {"order_type": "market", "strategy": "combined"}, "ts": "2026-06-21T16:04:20.119532+00:00", "session_id": "5858b336", "level": "INFO"}
{"event": "risk_event", "event_type": "trade_rejected", "details": {"symbol": "JNJ", "side": "sell", "qty": 151, "reason": "Individual short position 19.95% exceeds limit 5%", "strategy": "combined"}, "ts": "2026-06-21T16:04:20.123431+00:00", "session_id": "5858b336", "level": "WARNING"}
{"event": "order", "order_id": "4010e88d-535", "symbol": "CAT", "side": "buy", "qty": 3, "price": 0.0, "status": "submitted", "metadata": {"order_type": "market", "strategy": "combined"}, "ts": "2026-06-21T16:04:20.126681+00:00", "session_id": "5858b336", "level": "INFO"}
{"event": "risk_event", "event_type": "trade_rejected", "details": {"symbol": "MSFT", "side": "sell", "qty": 32, "reason": "Individual short position 13.50% exceeds limit 5%", "strategy": "combined"}, "ts": "2026-06-21T16:04:20.130728+00:00", "session_id": "5858b336", "level": "WARNING"}
  [bar 396] 2024-06-25 04:00:00+00:00 | 9 signals | equity=105,245 | regime=SIDEWAYS
{"event": "fill", "order_id": "4010e88d-535", "fill_price": 317.8204692765881, "fill_qty": 3, "slippage_bps": 7.0087, "metadata": {"symbol": "CAT", "side": "buy", "commission": 0.015, "strategy": "combined"}, "ts": "2026-06-21T16:04:20.134493+00:00", "session_id": "5858b336", "level": "INFO"}
{"event": "fill", "order_id": "a244a45f-a57", "fill_price": 126.01062385671193, "fill_qty": 2, "slippage_bps": 7.0023, "metadata": {"symbol": "NVDA", "side": "buy", "commission": 0.01, "strategy": "combined"}, "ts": "2026-06-21T16:04:20.136373+00:00", "session_id": "5858b336", "level": "INFO"}
StatArbStrategy.generate_signals: no pairs loaded. Call find_pairs() first.
{"event": "signal", "strategy": "momentum", "symbol": "AAPL", "direction": "SELL", "strength": 0.589484, "metadata": {"rank": 0.2, "sector": "Technology", "fallback": true}, "ts": "2026-06-21T16:04:20.374166+00:00", "session_id": "5858b336", "level": "INFO"}
{"event": "signal", "strategy": "momentum", "symbol": "NVDA", "direction": "BUY", "strength": 0.365339, "metadata": {"rank": 1.0, "sector": "Technology", "fallback": true}, "ts": "2026-06-21T16:04:20.374521+00:00", "session_id": "5858b336", "level": "INFO"}
{"event": "signal", "strategy": "momentum", "symbol": "JNJ", "direction": "SELL", "strength": 0.986473, "metadata": {"rank": 0.13333333333333333, "sector": "Healthcare", "fallback": true}, "ts": "2026-06-21T16:04:20.374978+00:00", "session_id": "5858b336", "level": "INFO"}
{"event": "signal", "strategy": "momentum", "symbol": "JPM", "direction": "BUY", "strength": 0.744332, "metadata": {"rank": 0.8666666666666667, "sector": "Financials", "fallback": true}, "ts": "2026-06-21T16:04:20.375477+00:00", "session_id": "5858b336", "level": "INFO"}
{"event": "signal", "strategy": "momentum", "symbol": "GS", "direction": "BUY", "strength": 0.935702, "metadata": {"rank": 0.9333333333333333, "sector": "Financials", "fallback": true}, "ts": "2026-06-21T16:04:20.375688+00:00", "session_id": "5858b336", "level": "INFO"}
{"event": "signal", "strategy": "momentum", "symbol": "TSLA", "direction": "SELL", "strength": 0.322069, "metadata": {"rank": 0.06666666666666667, "sector": "Consumer Discretionary", "fallback": true}, "ts": "2026-06-21T16:04:20.376155+00:00", "session_id": "5858b336", "level": "INFO"}
{"event": "signal", "strategy": "momentum", "symbol": "CAT", "direction": "BUY", "strength": 0.623008, "metadata": {"rank": 0.8, "sector": "Industrials", "fallback": true}, "ts": "2026-06-21T16:04:20.376835+00:00", "session_id": "5858b336", "level": "INFO"}
MeanReversion: no volume data supplied — volume filter bypassed
{"event": "signal", "strategy": "mean_reversion", "symbol": "MSFT", "direction": "SELL", "strength": 0.886293, "metadata": {"z": 2.0453, "rsi": 86.04, "rv": 0.1794}, "ts": "2026-06-21T16:04:20.394658+00:00", "session_id": "5858b336", "level": "INFO"}
{"event": "signal", "strategy": "mean_reversion", "symbol": "AMZN", "direction": "SELL", "strength": 1.0, "metadata": {"z": 2.5127, "rsi": 70.29, "rv": 0.2287}, "ts": "2026-06-21T16:04:20.404428+00:00", "session_id": "5858b336", "level": "INFO"}
{"event": "info", "message": "SignalGenerator: 9 raw \u2192 9 combined signals", "metadata": {"regime": "SIDEWAYS", "n_strategies": 4, "allocations": {"stat_arb": 0.25, "momentum": 0.3, "factor_model": 0.25, "mean_reversion": 0.18}}, "ts": "2026-06-21T16:04:20.415749+00:00", "session_id": "5858b336", "level": "INFO"}
{"event": "risk_event", "event_type": "trade_rejected", "details": {"symbol": "AAPL", "side": "sell", "qty": 66, "reason": "Individual short position 13.18% exceeds limit 5%", "strategy": "combined"}, "ts": "2026-06-21T16:04:20.438730+00:00", "session_id": "5858b336", "level": "WARNING"}
{"event": "risk_event", "event_type": "trade_rejected", "details": {"symbol": "JNJ", "side": "sell", "qty": 152, "reason": "Individual short position 19.91% exceeds limit 5%", "strategy": "combined"}, "ts": "2026-06-21T16:04:20.444767+00:00", "session_id": "5858b336", "level": "WARNING"}
{"event": "order", "order_id": "cb04d4f6-ccc", "symbol": "CAT", "side": "buy", "qty": 2, "price": 0.0, "status": "submitted", "metadata": {"order_type": "market", "strategy": "combined"}, "ts": "2026-06-21T16:04:20.448545+00:00", "session_id": "5858b336", "level": "INFO"}
{"event": "risk_event", "event_type": "trade_rejected", "details": {"symbol": "MSFT", "side": "sell", "qty": 29, "reason": "Individual short position 12.19% exceeds limit 5%", "strategy": "combined"}, "ts": "2026-06-21T16:04:20.452987+00:00", "session_id": "5858b336", "level": "WARNING"}
  [bar 397] 2024-06-26 04:00:00+00:00 | 9 signals | equity=105,890 | regime=SIDEWAYS
{"event": "fill", "order_id": "cb04d4f6-ccc", "fill_price": 317.606112165469, "fill_qty": 2, "slippage_bps": 7.0062, "metadata": {"symbol": "CAT", "side": "buy", "commission": 0.01, "strategy": "combined"}, "ts": "2026-06-21T16:04:20.457858+00:00", "session_id": "5858b336", "level": "INFO"}
StatArbStrategy.generate_signals: no pairs loaded. Call find_pairs() first.
{"event": "signal", "strategy": "momentum", "symbol": "AAPL", "direction": "SELL", "strength": 0.591529, "metadata": {"rank": 0.2, "sector": "Technology", "fallback": true}, "ts": "2026-06-21T16:04:20.741124+00:00", "session_id": "5858b336", "level": "INFO"}
{"event": "signal", "strategy": "momentum", "symbol": "NVDA", "direction": "BUY", "strength": 0.364383, "metadata": {"rank": 1.0, "sector": "Technology", "fallback": true}, "ts": "2026-06-21T16:04:20.741468+00:00", "session_id": "5858b336", "level": "INFO"}
{"event": "signal", "strategy": "momentum", "symbol": "JNJ", "direction": "SELL", "strength": 0.984189, "metadata": {"rank": 0.13333333333333333, "sector": "Healthcare", "fallback": true}, "ts": "2026-06-21T16:04:20.741935+00:00", "session_id": "5858b336", "level": "INFO"}
{"event": "signal", "strategy": "momentum", "symbol": "JPM", "direction": "BUY", "strength": 0.742115, "metadata": {"rank": 0.8666666666666667, "sector": "Financials", "fallback": true}, "ts": "2026-06-21T16:04:20.742493+00:00", "session_id": "5858b336", "level": "INFO"}
{"event": "signal", "strategy": "momentum", "symbol": "GS", "direction": "BUY", "strength": 0.913428, "metadata": {"rank": 0.9333333333333333, "sector": "Financials", "fallback": true}, "ts": "2026-06-21T16:04:20.742713+00:00", "session_id": "5858b336", "level": "INFO"}
{"event": "signal", "strategy": "momentum", "symbol": "AMZN", "direction": "BUY", "strength": 0.683668, "metadata": {"rank": 0.8, "sector": "Consumer Discretionary", "fallback": true}, "ts": "2026-06-21T16:04:20.743152+00:00", "session_id": "5858b336", "level": "INFO"}
{"event": "signal", "strategy": "momentum", "symbol": "TSLA", "direction": "SELL", "strength": 0.327876, "metadata": {"rank": 0.06666666666666667, "sector": "Consumer Discretionary", "fallback": true}, "ts": "2026-06-21T16:04:20.743376+00:00", "session_id": "5858b336", "level": "INFO"}
MeanReversion: no volume data supplied — volume filter bypassed
{"event": "signal", "strategy": "mean_reversion", "symbol": "AAPL", "direction": "SELL", "strength": 0.55816, "metadata": {"z": 1.7332, "rsi": 70.01, "rv": 0.3136}, "ts": "2026-06-21T16:04:20.763645+00:00", "session_id": "5858b336", "level": "INFO"}
{"event": "signal", "strategy": "mean_reversion", "symbol": "MSFT", "direction": "SELL", "strength": 0.835364, "metadata": {"z": 1.9844, "rsi": 86.11, "rv": 0.1785}, "ts": "2026-06-21T16:04:20.766098+00:00", "session_id": "5858b336", "level": "INFO"}
{"event": "signal", "strategy": "mean_reversion", "symbol": "GS", "direction": "CLOSE", "strength": 1.0, "metadata": {"z": 0.354, "action": "mean_reversion_exit"}, "ts": "2026-06-21T16:04:20.775729+00:00", "session_id": "5858b336", "level": "INFO"}
{"event": "signal", "strategy": "mean_reversion", "symbol": "AMZN", "direction": "CLOSE", "strength": 1.0, "metadata": {"z": 3.176, "action": "hard_stop"}, "ts": "2026-06-21T16:04:20.777587+00:00", "session_id": "5858b336", "level": "INFO"}
{"event": "info", "message": "SignalGenerator: 11 raw \u2192 8 combined signals", "metadata": {"regime": "SIDEWAYS", "n_strategies": 4, "allocations": {"stat_arb": 0.25, "momentum": 0.3, "factor_model": 0.25, "mean_reversion": 0.18}}, "ts": "2026-06-21T16:04:20.788557+00:00", "session_id": "5858b336", "level": "INFO"}
{"event": "risk_event", "event_type": "trade_rejected", "details": {"symbol": "AAPL", "side": "sell", "qty": 59, "reason": "Individual short position 11.82% exceeds limit 5%", "strategy": "combined"}, "ts": "2026-06-21T16:04:20.806211+00:00", "session_id": "5858b336", "level": "WARNING"}
{"event": "risk_event", "event_type": "trade_rejected", "details": {"symbol": "JNJ", "side": "sell", "qty": 153, "reason": "Individual short position 19.89% exceeds limit 5%", "strategy": "combined"}, "ts": "2026-06-21T16:04:20.810137+00:00", "session_id": "5858b336", "level": "WARNING"}
{"event": "order", "order_id": "a832f038-645", "symbol": "GS", "side": "sell", "qty": 47, "price": 0.0, "status": "submitted", "metadata": {"order_type": "market", "strategy": "combined"}, "ts": "2026-06-21T16:04:20.810382+00:00", "session_id": "5858b336", "level": "INFO"}
{"event": "order", "order_id": "aa441f27-b73", "symbol": "AMZN", "side": "sell", "qty": 94, "price": 0.0, "status": "submitted", "metadata": {"order_type": "market", "strategy": "combined"}, "ts": "2026-06-21T16:04:20.810511+00:00", "session_id": "5858b336", "level": "INFO"}
{"event": "risk_event", "event_type": "trade_rejected", "details": {"symbol": "MSFT", "side": "sell", "qty": 47, "reason": "Individual short position 19.78% exceeds limit 5%", "strategy": "combined"}, "ts": "2026-06-21T16:04:20.814477+00:00", "session_id": "5858b336", "level": "WARNING"}
  [bar 398] 2024-06-27 04:00:00+00:00 | 8 signals | equity=105,950 | regime=SIDEWAYS
{"event": "fill", "order_id": "aa441f27-b73", "fill_price": 197.59113001904495, "fill_qty": 94, "slippage_bps": 7.023, "metadata": {"symbol": "AMZN", "side": "sell", "commission": 0.47000000000000003, "strategy": "combined"}, "ts": "2026-06-21T16:04:20.818345+00:00", "session_id": "5858b336", "level": "INFO"}
{"event": "fill", "order_id": "a832f038-645", "fill_price": 431.8481138008065, "fill_qty": 47, "slippage_bps": 7.0614, "metadata": {"symbol": "GS", "side": "sell", "commission": 0.23500000000000001, "strategy": "combined"}, "ts": "2026-06-21T16:04:20.819306+00:00", "session_id": "5858b336", "level": "INFO"}
Model is not converging.  Current: 2077.514497188381 is not greater than 2077.533379896514. Delta is -0.01888270813287818
StatArbStrategy.generate_signals: no pairs loaded. Call find_pairs() first.
{"event": "signal", "strategy": "momentum", "symbol": "AAPL", "direction": "SELL", "strength": 0.584629, "metadata": {"rank": 0.2, "sector": "Technology", "fallback": true}, "ts": "2026-06-21T16:04:21.110125+00:00", "session_id": "5858b336", "level": "INFO"}
{"event": "signal", "strategy": "momentum", "symbol": "NVDA", "direction": "BUY", "strength": 0.364478, "metadata": {"rank": 1.0, "sector": "Technology", "fallback": true}, "ts": "2026-06-21T16:04:21.110547+00:00", "session_id": "5858b336", "level": "INFO"}
{"event": "signal", "strategy": "momentum", "symbol": "JNJ", "direction": "SELL", "strength": 1.0, "metadata": {"rank": 0.13333333333333333, "sector": "Healthcare", "fallback": true}, "ts": "2026-06-21T16:04:21.111190+00:00", "session_id": "5858b336", "level": "INFO"}
{"event": "signal", "strategy": "momentum", "symbol": "JPM", "direction": "BUY", "strength": 0.735832, "metadata": {"rank": 0.8666666666666667, "sector": "Financials", "fallback": true}, "ts": "2026-06-21T16:04:21.111911+00:00", "session_id": "5858b336", "level": "INFO"}
{"event": "signal", "strategy": "momentum", "symbol": "GS", "direction": "BUY", "strength": 0.908864, "metadata": {"rank": 0.9333333333333333, "sector": "Financials", "fallback": true}, "ts": "2026-06-21T16:04:21.112169+00:00", "session_id": "5858b336", "level": "INFO"}
{"event": "signal", "strategy": "momentum", "symbol": "AMZN", "direction": "BUY", "strength": 0.66958, "metadata": {"rank": 0.8, "sector": "Consumer Discretionary", "fallback": true}, "ts": "2026-06-21T16:04:21.112828+00:00", "session_id": "5858b336", "level": "INFO"}
{"event": "signal", "strategy": "momentum", "symbol": "TSLA", "direction": "SELL", "strength": 0.328003, "metadata": {"rank": 0.06666666666666667, "sector": "Consumer Discretionary", "fallback": true}, "ts": "2026-06-21T16:04:21.113095+00:00", "session_id": "5858b336", "level": "INFO"}
MeanReversion: no volume data supplied — volume filter bypassed
{"event": "signal", "strategy": "mean_reversion", "symbol": "MSFT", "direction": "SELL", "strength": 0.486374, "metadata": {"z": 1.5491, "rsi": 75.98, "rv": 0.129}, "ts": "2026-06-21T16:04:21.144153+00:00", "session_id": "5858b336", "level": "INFO"}
{"event": "signal", "strategy": "mean_reversion", "symbol": "PG", "direction": "CLOSE", "strength": 1.0, "metadata": {"z": 0.3059, "action": "mean_reversion_exit"}, "ts": "2026-06-21T16:04:21.172391+00:00", "session_id": "5858b336", "level": "INFO"}
{"event": "info", "message": "SignalGenerator: 9 raw \u2192 9 combined signals", "metadata": {"regime": "SIDEWAYS", "n_strategies": 4, "allocations": {"stat_arb": 0.25, "momentum": 0.3, "factor_model": 0.25, "mean_reversion": 0.18}}, "ts": "2026-06-21T16:04:21.179283+00:00", "session_id": "5858b336", "level": "INFO"}
{"event": "risk_event", "event_type": "trade_rejected", "details": {"symbol": "AAPL", "side": "sell", "qty": 53, "reason": "Individual short position 10.37% exceeds limit 5%", "strategy": "combined"}, "ts": "2026-06-21T16:04:21.198518+00:00", "session_id": "5858b336", "level": "WARNING"}
{"event": "risk_event", "event_type": "trade_rejected", "details": {"symbol": "JNJ", "side": "sell", "qty": 154, "reason": "Individual short position 19.92% exceeds limit 5%", "strategy": "combined"}, "ts": "2026-06-21T16:04:21.201113+00:00", "session_id": "5858b336", "level": "WARNING"}
{"event": "order", "order_id": "98b3b3b0-1da", "symbol": "GS", "side": "buy", "qty": 25, "price": 0.0, "status": "submitted", "metadata": {"order_type": "market", "strategy": "combined"}, "ts": "2026-06-21T16:04:21.203696+00:00", "session_id": "5858b336", "level": "INFO"}
{"event": "order", "order_id": "c1386bc6-b30", "symbol": "AMZN", "side": "buy", "qty": 57, "price": 0.0, "status": "submitted", "metadata": {"order_type": "market", "strategy": "combined"}, "ts": "2026-06-21T16:04:21.206192+00:00", "session_id": "5858b336", "level": "INFO"}
{"event": "risk_event", "event_type": "trade_rejected", "details": {"symbol": "MSFT", "side": "sell", "qty": 44, "reason": "Individual short position 18.14% exceeds limit 5%", "strategy": "combined"}, "ts": "2026-06-21T16:04:21.208736+00:00", "session_id": "5858b336", "level": "WARNING"}
  [bar 399] 2024-06-28 04:00:00+00:00 | 9 signals | equity=106,739 | regime=SIDEWAYS
{"event": "order", "order_id": "c69ddba1-678", "symbol": "CAT", "side": "sell", "qty": 49, "price": 0.0, "status": "submitted", "metadata": {"order_type": "market", "strategy": "backtest_close"}, "ts": "2026-06-21T16:04:21.209046+00:00", "session_id": "5858b336", "level": "INFO"}
{"event": "fill", "order_id": "c69ddba1-678", "fill_price": 324.0381935991055, "fill_qty": 49, "slippage_bps": 7.0325, "metadata": {"symbol": "CAT", "side": "sell", "commission": 0.245, "strategy": "backtest_close"}, "ts": "2026-06-21T16:04:21.209506+00:00", "session_id": "5858b336", "level": "INFO"}
{"event": "order", "order_id": "a12b757a-127", "symbol": "JPM", "side": "sell", "qty": 111, "price": 0.0, "status": "submitted", "metadata": {"order_type": "market", "strategy": "backtest_close"}, "ts": "2026-06-21T16:04:21.209656+00:00", "session_id": "5858b336", "level": "INFO"}
{"event": "fill", "order_id": "a12b757a-127", "fill_price": 193.76797840059723, "fill_qty": 111, "slippage_bps": 7.0388, "metadata": {"symbol": "JPM", "side": "sell", "commission": 0.555, "strategy": "backtest_close"}, "ts": "2026-06-21T16:04:21.210037+00:00", "session_id": "5858b336", "level": "INFO"}
{"event": "order", "order_id": "d2443414-049", "symbol": "NVDA", "side": "sell", "qty": 30, "price": 0.0, "status": "submitted", "metadata": {"order_type": "market", "strategy": "backtest_close"}, "ts": "2026-06-21T16:04:21.210195+00:00", "session_id": "5858b336", "level": "INFO"}
{"event": "fill", "order_id": "d2443414-049", "fill_price": 123.25026992128653, "fill_qty": 30, "slippage_bps": 7.0089, "metadata": {"symbol": "NVDA", "side": "sell", "commission": 0.15, "strategy": "backtest_close"}, "ts": "2026-06-21T16:04:21.210593+00:00", "session_id": "5858b336", "level": "INFO"}
==============================================================
  ATNN QUANT POWERHOUSE — BACKTEST PERFORMANCE REPORT
==============================================================
  Period      : 2024-01-02 05:00:00+00:00  →  2024-06-28 04:00:00+00:00
  Total bars  : 124

  ── RETURNS ────────────────────────────────────────────
  Total Return   : +6.74%
  Annual Return  : +14.30%
  Volatility     : +9.86%

  ── RISK-ADJUSTED ───────────────────────────────────────
  Sharpe Ratio   : 0.90
  Sortino Ratio  : 0.87
  Calmar Ratio   : 2.74

  ── DRAWDOWN ────────────────────────────────────────────
  Max Drawdown   : -5.22%
  DD Duration    : 21 trading days

  ── TRADE STATISTICS ────────────────────────────────────
  Total Trades   : 74
  Win Rate       : +58.11%
  Profit Factor  : 1.90
  Avg Win ($)    : 331.40
  Avg Loss ($)   : -242.48
  Win/Loss Ratio : 1.37
  Avg Hold (days): 23.47
  Turnover (ann) : +931.73%

  ── DISTRIBUTION ────────────────────────────────────────
  Skewness       : -0.54
  Kurtosis       : 1.13
  VaR (95%)      : -0.86%
  CVaR (95%)     : -1.36%
==============================================================

  Quick summary: trades=74 | win=58.1% | Sharpe=0.90 | MaxDD=-5.2%


  Runtime: 49.7s


Equity : $100,000 → $106,739 (+6.7%)
Runtime: 50.1s

Results saved to backtest_results.json
