
==============================================================
  ATNN QUANT POWERHOUSE — BACKTEST
==============================================================
  Period   : 2024-01-01 → 2024-06-30
  Universe : 15 symbols
  Capital  : $100,000
  ML       : disabled
==============================================================

{"event": "info", "message": "AlpacaDataProvider initialised", "metadata": {"base_url": "https://paper-api.alpaca.markets", "has_credentials": false}, "ts": "2026-06-21T16:06:20.546920+00:00", "session_id": "d5ca3630", "level": "INFO"}
{"event": "info", "message": "YFinanceDataProvider initialised (FALLBACK mode)", "metadata": {"warning": "YFinanceDataProvider is a FALLBACK \u2014 not suitable for real-time production signals.  Use AlpacaDataProvider in live/paper mode."}, "ts": "2026-06-21T16:06:20.836972+00:00", "session_id": "d5ca3630", "level": "INFO"}
{"event": "info", "message": "DataManager initialised", "metadata": {"mode": "backtest", "provider": "AlpacaDataProvider", "fallback": "YFinanceDataProvider"}, "ts": "2026-06-21T16:06:20.837200+00:00", "session_id": "d5ca3630", "level": "INFO"}
[Backtester] Starting backtest: ['AAPL', 'MSFT', 'NVDA', 'JNJ', 'UNH', 'JPM', 'GS', 'AMZN', 'TSLA', 'XOM', 'CAT', 'PG', 'GOOGL', 'LIN', 'NEE'] | 2024-01-01 → 2024-06-30
[Backtester] Loading data for 16 symbols ...
{"event": "info", "message": "DataManager: loading backtest data", "metadata": {"symbols": ["AAPL", "MSFT", "NVDA", "JNJ", "UNH", "JPM", "GS", "AMZN", "TSLA", "XOM", "CAT", "PG", "GOOGL", "LIN", "NEE", "SPY"], "start": "2022-11-24T00:00:00+00:00", "end": "2024-06-30T00:00:00+00:00", "timeframe": "1D"}, "ts": "2026-06-21T16:06:20.837860+00:00", "session_id": "d5ca3630", "level": "INFO"}
{"event": "info", "message": "Alpaca: fetching bars", "metadata": {"symbols": ["AAPL", "MSFT", "NVDA", "JNJ", "UNH", "JPM", "GS", "AMZN", "TSLA", "XOM", "CAT", "PG", "GOOGL", "LIN", "NEE", "SPY"], "start": "2022-11-24T00:00:00+00:00", "end": "2024-06-30T00:00:00+00:00", "timeframe": "1D"}, "ts": "2026-06-21T16:06:20.838043+00:00", "session_id": "d5ca3630", "level": "INFO"}
{"event": "error", "message": "Alpaca get_bars failed for ['AAPL', 'MSFT', 'NVDA', 'JNJ', 'UNH', 'JPM', 'GS', 'AMZN', 'TSLA', 'XOM', 'CAT', 'PG', 'GOOGL', 'LIN', 'NEE', 'SPY']: AlpacaDataProvider requires api_key and secret_key. Set ALPACA_API_KEY / ALPACA_API_SECRET environment variables, or pass them to the constructor.", "exception": "RuntimeError('AlpacaDataProvider requires api_key and secret_key. Set ALPACA_API_KEY / ALPACA_API_SECRET environment variables, or pass them to the constructor.')", "ts": "2026-06-21T16:06:20.838272+00:00", "session_id": "d5ca3630", "level": "ERROR"}
{"event": "error", "message": "Primary provider failed for ['AAPL', 'MSFT', 'NVDA', 'JNJ', 'UNH', 'JPM', 'GS', 'AMZN', 'TSLA', 'XOM', 'CAT', 'PG', 'GOOGL', 'LIN', 'NEE', 'SPY']: AlpacaDataProvider.get_bars failed: AlpacaDataProvider requires api_key and secret_key. Set ALPACA_API_KEY / ALPACA_API_SECRET environment variables, or pass them to the constructor.; attempting fallback.", "exception": "RuntimeError('AlpacaDataProvider.get_bars failed: AlpacaDataProvider requires api_key and secret_key. Set ALPACA_API_KEY / ALPACA_API_SECRET environment variables, or pass them to the constructor.')", "ts": "2026-06-21T16:06:20.838381+00:00", "session_id": "d5ca3630", "level": "ERROR"}
{"event": "info", "message": "DataManager: using YFinance FALLBACK", "metadata": {"symbols": ["AAPL", "MSFT", "NVDA", "JNJ", "UNH", "JPM", "GS", "AMZN", "TSLA", "XOM", "CAT", "PG", "GOOGL", "LIN", "NEE", "SPY"]}, "ts": "2026-06-21T16:06:20.838478+00:00", "session_id": "d5ca3630", "level": "INFO"}
{"event": "info", "message": "YFinance (FALLBACK): fetching bars \u2014 WARNING: not for production", "metadata": {"symbols": ["AAPL", "MSFT", "NVDA", "JNJ", "UNH", "JPM", "GS", "AMZN", "TSLA", "XOM", "CAT", "PG", "GOOGL", "LIN", "NEE", "SPY"], "start": "2022-11-24 00:00:00+00:00", "end": "2024-06-30 00:00:00+00:00", "timeframe": "1D"}, "ts": "2026-06-21T16:06:20.838570+00:00", "session_id": "d5ca3630", "level": "INFO"}
/workspaces/Algebraic-Topology-Neural-Net-Strategy/data/data_manager.py:266: UserWarning: YFinanceDataProvider is a FALLBACK — not suitable for real-time production signals.  Use AlpacaDataProvider in live/paper mode.
  df = self._fetch_bars_with_fallback(symbols, start, end, timeframe)
{"event": "info", "message": "DataManager: backtest data loaded", "metadata": {"total_bars": 399, "symbols": ["AAPL", "MSFT", "NVDA", "JNJ", "UNH", "JPM", "GS", "AMZN", "TSLA", "XOM", "CAT", "PG", "GOOGL", "LIN", "NEE", "SPY"]}, "ts": "2026-06-21T16:06:22.812523+00:00", "session_id": "d5ca3630", "level": "INFO"}
[Backtester] Loaded 399 total bars.
[Backtester] Warmup ends at bar 274 (2023-12-29 05:00:00+00:00).
[Backtester] Calling StatArbStrategy.find_pairs() with 275 warmup bars, 15 symbols: ['AAPL', 'MSFT', 'NVDA', 'JNJ', 'UNH', 'JPM', 'GS', 'AMZN', 'TSLA', 'XOM', 'CAT', 'PG', 'GOOGL', 'LIN', 'NEE']
[Backtester] StatArbStrategy.find_pairs() found 0 cointegrated pairs.
  [warmup 50/274] equity=100,000
Model is not converging.  Current: 361.32443560894933 is not greater than 361.4913377574236. Delta is -0.16690214847426432
  [warmup 100/274] equity=100,000
  [warmup 150/274] equity=100,000
  [warmup 200/274] equity=100,000
  [warmup 250/274] equity=100,000
Model is not converging.  Current: 1410.165343246695 is not greater than 1410.1714264291268. Delta is -0.006083182431666501
StatArbStrategy.generate_signals: no pairs loaded. Call find_pairs() first.
{"event": "signal", "strategy": "momentum", "symbol": "AAPL", "direction": "BUY", "strength": 0.498771, "metadata": {"rank": 0.8666666666666667, "sector": "Technology", "fallback": true}, "ts": "2026-06-21T16:06:26.689873+00:00", "session_id": "d5ca3630", "level": "INFO"}
{"event": "signal", "strategy": "momentum", "symbol": "MSFT", "direction": "BUY", "strength": 0.469957, "metadata": {"rank": 0.9333333333333333, "sector": "Technology", "fallback": true}, "ts": "2026-06-21T16:06:26.690234+00:00", "session_id": "d5ca3630", "level": "INFO"}
{"event": "signal", "strategy": "momentum", "symbol": "NVDA", "direction": "BUY", "strength": 0.296272, "metadata": {"rank": 1.0, "sector": "Technology", "fallback": true}, "ts": "2026-06-21T16:06:26.690503+00:00", "session_id": "d5ca3630", "level": "INFO"}
{"event": "signal", "strategy": "momentum", "symbol": "JNJ", "direction": "SELL", "strength": 0.570805, "metadata": {"rank": 0.13333333333333333, "sector": "Healthcare", "fallback": true}, "ts": "2026-06-21T16:06:26.691022+00:00", "session_id": "d5ca3630", "level": "INFO"}
{"event": "signal", "strategy": "momentum", "symbol": "AMZN", "direction": "BUY", "strength": 0.281435, "metadata": {"rank": 0.8, "sector": "Consumer Discretionary", "fallback": true}, "ts": "2026-06-21T16:06:26.691831+00:00", "session_id": "d5ca3630", "level": "INFO"}
{"event": "signal", "strategy": "momentum", "symbol": "XOM", "direction": "SELL", "strength": 0.359522, "metadata": {"rank": 0.2, "sector": "Energy", "fallback": true}, "ts": "2026-06-21T16:06:26.692396+00:00", "session_id": "d5ca3630", "level": "INFO"}
MeanReversion: no volume data supplied — volume filter bypassed
{"event": "signal", "strategy": "mean_reversion", "symbol": "JPM", "direction": "SELL", "strength": 0.882859, "metadata": {"z": 1.9824, "rsi": 87.34, "rv": 0.1127}, "ts": "2026-06-21T16:06:26.719655+00:00", "session_id": "d5ca3630", "level": "INFO"}
{"event": "signal", "strategy": "mean_reversion", "symbol": "GS", "direction": "SELL", "strength": 0.639104, "metadata": {"z": 1.8036, "rsi": 79.55, "rv": 0.2573}, "ts": "2026-06-21T16:06:26.721631+00:00", "session_id": "d5ca3630", "level": "INFO"}
{"event": "signal", "strategy": "mean_reversion", "symbol": "CAT", "direction": "SELL", "strength": 0.575702, "metadata": {"z": 1.7256, "rsi": 82.33, "rv": 0.2605}, "ts": "2026-06-21T16:06:26.728142+00:00", "session_id": "d5ca3630", "level": "INFO"}
{"event": "info", "message": "SignalGenerator: 9 raw \u2192 5 combined signals", "metadata": {"regime": "BEAR", "n_strategies": 4, "allocations": {"stat_arb": 0.25, "momentum": 0.15, "factor_model": 0.25, "mean_reversion": 0.3}}, "ts": "2026-06-21T16:06:26.734857+00:00", "session_id": "d5ca3630", "level": "INFO"}
{"event": "risk_event", "event_type": "trade_rejected", "details": {"symbol": "JNJ", "side": "sell", "qty": 114, "reason": "Individual short position 16.96% exceeds limit 5%", "strategy": "combined"}, "ts": "2026-06-21T16:06:26.747227+00:00", "session_id": "d5ca3630", "level": "WARNING"}
{"event": "risk_event", "event_type": "trade_rejected", "details": {"symbol": "XOM", "side": "sell", "qty": 143, "reason": "Individual short position 13.47% exceeds limit 5%", "strategy": "combined"}, "ts": "2026-06-21T16:06:26.747473+00:00", "session_id": "d5ca3630", "level": "WARNING"}
{"event": "risk_event", "event_type": "trade_rejected", "details": {"symbol": "JPM", "side": "sell", "qty": 114, "reason": "Individual short position 18.58% exceeds limit 5%", "strategy": "combined"}, "ts": "2026-06-21T16:06:26.747610+00:00", "session_id": "d5ca3630", "level": "WARNING"}
  [bar 276] 2024-01-02 05:00:00+00:00 | 5 signals | equity=100,000 | regime=BEAR
StatArbStrategy.generate_signals: no pairs loaded. Call find_pairs() first.
{"event": "signal", "strategy": "momentum", "symbol": "AAPL", "direction": "BUY", "strength": 1.0, "metadata": {"rank": 0.9333333333333333, "sector": "Technology", "fallback": true}, "ts": "2026-06-21T16:06:26.996505+00:00", "session_id": "d5ca3630", "level": "INFO"}
{"event": "signal", "strategy": "momentum", "symbol": "MSFT", "direction": "BUY", "strength": 0.896385, "metadata": {"rank": 0.8666666666666667, "sector": "Technology", "fallback": true}, "ts": "2026-06-21T16:06:26.996834+00:00", "session_id": "d5ca3630", "level": "INFO"}
{"event": "signal", "strategy": "momentum", "symbol": "NVDA", "direction": "BUY", "strength": 0.596341, "metadata": {"rank": 1.0, "sector": "Technology", "fallback": true}, "ts": "2026-06-21T16:06:26.997072+00:00", "session_id": "d5ca3630", "level": "INFO"}
{"event": "signal", "strategy": "momentum", "symbol": "JNJ", "direction": "SELL", "strength": 1.0, "metadata": {"rank": 0.13333333333333333, "sector": "Healthcare", "fallback": true}, "ts": "2026-06-21T16:06:26.997582+00:00", "session_id": "d5ca3630", "level": "INFO"}
{"event": "signal", "strategy": "momentum", "symbol": "TSLA", "direction": "BUY", "strength": 0.350934, "metadata": {"rank": 0.8, "sector": "Consumer Discretionary", "fallback": true}, "ts": "2026-06-21T16:06:26.998435+00:00", "session_id": "d5ca3630", "level": "INFO"}
{"event": "signal", "strategy": "momentum", "symbol": "XOM", "direction": "SELL", "strength": 0.724663, "metadata": {"rank": 0.2, "sector": "Energy", "fallback": true}, "ts": "2026-06-21T16:06:26.998924+00:00", "session_id": "d5ca3630", "level": "INFO"}
MeanReversion: no volume data supplied — volume filter bypassed
{"event": "signal", "strategy": "mean_reversion", "symbol": "JPM", "direction": "SELL", "strength": 0.732009, "metadata": {"z": 1.8174, "rsi": 82.35, "rv": 0.1166}, "ts": "2026-06-21T16:06:27.023332+00:00", "session_id": "d5ca3630", "level": "INFO"}
{"event": "signal", "strategy": "mean_reversion", "symbol": "GS", "direction": "SELL", "strength": 0.411728, "metadata": {"z": 1.5226, "rsi": 71.62, "rv": 0.2692}, "ts": "2026-06-21T16:06:27.025221+00:00", "session_id": "d5ca3630", "level": "INFO"}
{"event": "signal", "strategy": "mean_reversion", "symbol": "CAT", "direction": "SELL", "strength": 0.20089, "metadata": {"z": 1.2583, "rsi": 70.04, "rv": 0.2858}, "ts": "2026-06-21T16:06:27.031669+00:00", "session_id": "d5ca3630", "level": "INFO"}
{"event": "info", "message": "SignalGenerator: 9 raw \u2192 8 combined signals", "metadata": {"regime": "SIDEWAYS", "n_strategies": 4, "allocations": {"stat_arb": 0.25, "momentum": 0.3, "factor_model": 0.25, "mean_reversion": 0.18}}, "ts": "2026-06-21T16:06:27.038226+00:00", "session_id": "d5ca3630", "level": "INFO"}
{"event": "order", "order_id": "13bc3c69-ada", "symbol": "AAPL", "side": "buy", "qty": 92, "price": 0.0, "status": "submitted", "metadata": {"order_type": "market", "strategy": "combined"}, "ts": "2026-06-21T16:06:27.052904+00:00", "session_id": "d5ca3630", "level": "INFO"}
{"event": "order", "order_id": "2b7462f8-546", "symbol": "MSFT", "side": "buy", "qty": 35, "price": 0.0, "status": "submitted", "metadata": {"order_type": "market", "strategy": "combined"}, "ts": "2026-06-21T16:06:27.053175+00:00", "session_id": "d5ca3630", "level": "INFO"}
{"event": "order", "order_id": "0ab2c4f8-18b", "symbol": "NVDA", "side": "buy", "qty": 109, "price": 0.0, "status": "submitted", "metadata": {"order_type": "market", "strategy": "combined"}, "ts": "2026-06-21T16:06:27.053370+00:00", "session_id": "d5ca3630", "level": "INFO"}
{"event": "risk_event", "event_type": "trade_rejected", "details": {"symbol": "JNJ", "side": "sell", "qty": 133, "reason": "Individual short position 19.91% exceeds limit 5%", "strategy": "combined"}, "ts": "2026-06-21T16:06:27.053517+00:00", "session_id": "d5ca3630", "level": "WARNING"}
{"event": "order", "order_id": "935631f8-7f0", "symbol": "TSLA", "side": "buy", "qty": 13, "price": 0.0, "status": "submitted", "metadata": {"order_type": "market", "strategy": "combined"}, "ts": "2026-06-21T16:06:27.053662+00:00", "session_id": "d5ca3630", "level": "INFO"}
{"event": "risk_event", "event_type": "trade_rejected", "details": {"symbol": "XOM", "side": "sell", "qty": 151, "reason": "Individual short position 14.34% exceeds limit 5%", "strategy": "combined"}, "ts": "2026-06-21T16:06:27.053802+00:00", "session_id": "d5ca3630", "level": "WARNING"}
{"event": "risk_event", "event_type": "trade_rejected", "details": {"symbol": "JPM", "side": "sell", "qty": 123, "reason": "Individual short position 19.96% exceeds limit 5%", "strategy": "combined"}, "ts": "2026-06-21T16:06:27.053923+00:00", "session_id": "d5ca3630", "level": "WARNING"}
  [bar 277] 2024-01-03 05:00:00+00:00 | 8 signals | equity=100,000 | regime=SIDEWAYS
{"event": "fill", "order_id": "13bc3c69-ada", "fill_price": 180.23760134191556, "fill_qty": 92, "slippage_bps": 7.0143, "metadata": {"symbol": "AAPL", "side": "buy", "commission": 0.46, "strategy": "combined"}, "ts": "2026-06-21T16:06:27.058154+00:00", "session_id": "d5ca3630", "level": "INFO"}
{"event": "fill", "order_id": "2b7462f8-546", "fill_price": 363.8602437549171, "fill_qty": 35, "slippage_bps": 7.0102, "metadata": {"symbol": "MSFT", "side": "buy", "commission": 0.17500000000000002, "strategy": "combined"}, "ts": "2026-06-21T16:06:27.060585+00:00", "session_id": "d5ca3630", "level": "INFO"}
{"event": "fill", "order_id": "0ab2c4f8-18b", "fill_price": 47.715667134196636, "fill_qty": 109, "slippage_bps": 7.0093, "metadata": {"symbol": "NVDA", "side": "buy", "commission": 0.545, "strategy": "combined"}, "ts": "2026-06-21T16:06:27.061487+00:00", "session_id": "d5ca3630", "level": "INFO"}
{"event": "fill", "order_id": "935631f8-7f0", "fill_price": 239.41765878474422, "fill_qty": 13, "slippage_bps": 7.0077, "metadata": {"symbol": "TSLA", "side": "buy", "commission": 0.065, "strategy": "combined"}, "ts": "2026-06-21T16:06:27.062620+00:00", "session_id": "d5ca3630", "level": "INFO"}
StatArbStrategy.generate_signals: no pairs loaded. Call find_pairs() first.
{"event": "signal", "strategy": "momentum", "symbol": "AAPL", "direction": "BUY", "strength": 0.49908, "metadata": {"rank": 0.8666666666666667, "sector": "Technology", "fallback": true}, "ts": "2026-06-21T16:06:27.291115+00:00", "session_id": "d5ca3630", "level": "INFO"}
{"event": "signal", "strategy": "momentum", "symbol": "MSFT", "direction": "BUY", "strength": 0.48128, "metadata": {"rank": 0.9333333333333333, "sector": "Technology", "fallback": true}, "ts": "2026-06-21T16:06:27.291456+00:00", "session_id": "d5ca3630", "level": "INFO"}
{"event": "signal", "strategy": "momentum", "symbol": "NVDA", "direction": "BUY", "strength": 0.298549, "metadata": {"rank": 1.0, "sector": "Technology", "fallback": true}, "ts": "2026-06-21T16:06:27.291675+00:00", "session_id": "d5ca3630", "level": "INFO"}
{"event": "signal", "strategy": "momentum", "symbol": "JNJ", "direction": "SELL", "strength": 0.570566, "metadata": {"rank": 0.13333333333333333, "sector": "Healthcare", "fallback": true}, "ts": "2026-06-21T16:06:27.292148+00:00", "session_id": "d5ca3630", "level": "INFO"}
{"event": "signal", "strategy": "momentum", "symbol": "AMZN", "direction": "BUY", "strength": 0.275543, "metadata": {"rank": 0.8, "sector": "Consumer Discretionary", "fallback": true}, "ts": "2026-06-21T16:06:27.292973+00:00", "session_id": "d5ca3630", "level": "INFO"}
{"event": "signal", "strategy": "momentum", "symbol": "XOM", "direction": "SELL", "strength": 0.382616, "metadata": {"rank": 0.2, "sector": "Energy", "fallback": true}, "ts": "2026-06-21T16:06:27.293526+00:00", "session_id": "d5ca3630", "level": "INFO"}
MeanReversion: no volume data supplied — volume filter bypassed
{"event": "signal", "strategy": "mean_reversion", "symbol": "JPM", "direction": "SELL", "strength": 0.751299, "metadata": {"z": 1.8383, "rsi": 82.95, "rv": 0.1158}, "ts": "2026-06-21T16:06:27.327123+00:00", "session_id": "d5ca3630", "level": "INFO"}
{"event": "info", "message": "SignalGenerator: 7 raw \u2192 3 combined signals", "metadata": {"regime": "BEAR", "n_strategies": 4, "allocations": {"stat_arb": 0.25, "momentum": 0.15, "factor_model": 0.25, "mean_reversion": 0.3}}, "ts": "2026-06-21T16:06:27.346176+00:00", "session_id": "d5ca3630", "level": "INFO"}
{"event": "risk_event", "event_type": "trade_rejected", "details": {"symbol": "JNJ", "side": "sell", "qty": 92, "reason": "Individual short position 13.75% exceeds limit 5%", "strategy": "combined"}, "ts": "2026-06-21T16:06:27.364227+00:00", "session_id": "d5ca3630", "level": "WARNING"}
{"event": "risk_event", "event_type": "trade_rejected", "details": {"symbol": "XOM", "side": "sell", "qty": 112, "reason": "Individual short position 10.55% exceeds limit 5%", "strategy": "combined"}, "ts": "2026-06-21T16:06:27.369087+00:00", "session_id": "d5ca3630", "level": "WARNING"}
{"event": "risk_event", "event_type": "trade_rejected", "details": {"symbol": "JPM", "side": "sell", "qty": 92, "reason": "Individual short position 15.03% exceeds limit 5%", "strategy": "combined"}, "ts": "2026-06-21T16:06:27.374747+00:00", "session_id": "d5ca3630", "level": "WARNING"}
  [bar 278] 2024-01-04 05:00:00+00:00 | 3 signals | equity=99,999 | regime=BEAR
StatArbStrategy.generate_signals: no pairs loaded. Call find_pairs() first.
{"event": "signal", "strategy": "momentum", "symbol": "AAPL", "direction": "BUY", "strength": 0.997788, "metadata": {"rank": 0.8666666666666667, "sector": "Technology", "fallback": true}, "ts": "2026-06-21T16:06:27.725510+00:00", "session_id": "d5ca3630", "level": "INFO"}
{"event": "signal", "strategy": "momentum", "symbol": "MSFT", "direction": "BUY", "strength": 0.964372, "metadata": {"rank": 0.9333333333333333, "sector": "Technology", "fallback": true}, "ts": "2026-06-21T16:06:27.725849+00:00", "session_id": "d5ca3630", "level": "INFO"}
{"event": "signal", "strategy": "momentum", "symbol": "NVDA", "direction": "BUY", "strength": 0.593095, "metadata": {"rank": 1.0, "sector": "Technology", "fallback": true}, "ts": "2026-06-21T16:06:27.726094+00:00", "session_id": "d5ca3630", "level": "INFO"}
{"event": "signal", "strategy": "momentum", "symbol": "JNJ", "direction": "SELL", "strength": 1.0, "metadata": {"rank": 0.13333333333333333, "sector": "Healthcare", "fallback": true}, "ts": "2026-06-21T16:06:27.726627+00:00", "session_id": "d5ca3630", "level": "INFO"}
{"event": "signal", "strategy": "momentum", "symbol": "TSLA", "direction": "BUY", "strength": 0.351953, "metadata": {"rank": 0.8, "sector": "Consumer Discretionary", "fallback": true}, "ts": "2026-06-21T16:06:27.727502+00:00", "session_id": "d5ca3630", "level": "INFO"}
{"event": "signal", "strategy": "momentum", "symbol": "XOM", "direction": "SELL", "strength": 0.764949, "metadata": {"rank": 0.2, "sector": "Energy", "fallback": true}, "ts": "2026-06-21T16:06:27.727985+00:00", "session_id": "d5ca3630", "level": "INFO"}
MeanReversion: no volume data supplied — volume filter bypassed
{"event": "signal", "strategy": "mean_reversion", "symbol": "JPM", "direction": "SELL", "strength": 0.754238, "metadata": {"z": 1.8308, "rsi": 80.65, "rv": 0.1015}, "ts": "2026-06-21T16:06:27.752564+00:00", "session_id": "d5ca3630", "level": "INFO"}
{"event": "info", "message": "SignalGenerator: 7 raw \u2192 7 combined signals", "metadata": {"regime": "SIDEWAYS", "n_strategies": 4, "allocations": {"stat_arb": 0.25, "momentum": 0.3, "factor_model": 0.25, "mean_reversion": 0.18}}, "ts": "2026-06-21T16:06:27.773142+00:00", "session_id": "d5ca3630", "level": "INFO"}
{"event": "order", "order_id": "19f55c5f-5e6", "symbol": "MSFT", "side": "buy", "qty": 12, "price": 0.0, "status": "submitted", "metadata": {"order_type": "market", "strategy": "combined"}, "ts": "2026-06-21T16:06:27.788917+00:00", "session_id": "d5ca3630", "level": "INFO"}
{"event": "risk_event", "event_type": "trade_rejected", "details": {"symbol": "JNJ", "side": "sell", "qty": 133, "reason": "Individual short position 19.95% exceeds limit 5%", "strategy": "combined"}, "ts": "2026-06-21T16:06:27.793342+00:00", "session_id": "d5ca3630", "level": "WARNING"}
{"event": "order", "order_id": "ac542ad7-292", "symbol": "TSLA", "side": "buy", "qty": 2, "price": 0.0, "status": "submitted", "metadata": {"order_type": "market", "strategy": "combined"}, "ts": "2026-06-21T16:06:27.795898+00:00", "session_id": "d5ca3630", "level": "INFO"}
{"event": "risk_event", "event_type": "trade_rejected", "details": {"symbol": "XOM", "side": "sell", "qty": 117, "reason": "Individual short position 11.06% exceeds limit 5%", "strategy": "combined"}, "ts": "2026-06-21T16:06:27.799074+00:00", "session_id": "d5ca3630", "level": "WARNING"}
{"event": "risk_event", "event_type": "trade_rejected", "details": {"symbol": "JPM", "side": "sell", "qty": 121, "reason": "Individual short position 19.89% exceeds limit 5%", "strategy": "combined"}, "ts": "2026-06-21T16:06:27.802290+00:00", "session_id": "d5ca3630", "level": "WARNING"}
  [bar 279] 2024-01-05 05:00:00+00:00 | 7 signals | equity=99,906 | regime=SIDEWAYS
{"event": "fill", "order_id": "19f55c5f-5e6", "fill_price": 362.5152371845783, "fill_qty": 12, "slippage_bps": 7.0064, "metadata": {"symbol": "MSFT", "side": "buy", "commission": 0.06, "strategy": "combined"}, "ts": "2026-06-21T16:06:27.806990+00:00", "session_id": "d5ca3630", "level": "INFO"}
{"event": "fill", "order_id": "ac542ad7-292", "fill_price": 236.3053692939358, "fill_qty": 2, "slippage_bps": 7.003, "metadata": {"symbol": "TSLA", "side": "buy", "commission": 0.01, "strategy": "combined"}, "ts": "2026-06-21T16:06:27.808289+00:00", "session_id": "d5ca3630", "level": "INFO"}
StatArbStrategy.generate_signals: no pairs loaded. Call find_pairs() first.
{"event": "signal", "strategy": "momentum", "symbol": "AAPL", "direction": "BUY", "strength": 0.482274, "metadata": {"rank": 0.8666666666666667, "sector": "Technology", "fallback": true}, "ts": "2026-06-21T16:06:28.054223+00:00", "session_id": "d5ca3630", "level": "INFO"}
{"event": "signal", "strategy": "momentum", "symbol": "MSFT", "direction": "BUY", "strength": 0.477445, "metadata": {"rank": 0.9333333333333333, "sector": "Technology", "fallback": true}, "ts": "2026-06-21T16:06:28.054586+00:00", "session_id": "d5ca3630", "level": "INFO"}
{"event": "signal", "strategy": "momentum", "symbol": "NVDA", "direction": "BUY", "strength": 0.279785, "metadata": {"rank": 1.0, "sector": "Technology", "fallback": true}, "ts": "2026-06-21T16:06:28.054814+00:00", "session_id": "d5ca3630", "level": "INFO"}
{"event": "signal", "strategy": "momentum", "symbol": "JNJ", "direction": "SELL", "strength": 0.581384, "metadata": {"rank": 0.13333333333333333, "sector": "Healthcare", "fallback": true}, "ts": "2026-06-21T16:06:28.055412+00:00", "session_id": "d5ca3630", "level": "INFO"}
{"event": "signal", "strategy": "momentum", "symbol": "TSLA", "direction": "BUY", "strength": 0.175622, "metadata": {"rank": 0.8, "sector": "Consumer Discretionary", "fallback": true}, "ts": "2026-06-21T16:06:28.056414+00:00", "session_id": "d5ca3630", "level": "INFO"}
{"event": "signal", "strategy": "momentum", "symbol": "XOM", "direction": "SELL", "strength": 0.402961, "metadata": {"rank": 0.2, "sector": "Energy", "fallback": true}, "ts": "2026-06-21T16:06:28.056956+00:00", "session_id": "d5ca3630", "level": "INFO"}
MeanReversion: no volume data supplied — volume filter bypassed
{"event": "signal", "strategy": "mean_reversion", "symbol": "JNJ", "direction": "SELL", "strength": 0.84383, "metadata": {"z": 1.953, "rsi": 73.72, "rv": 0.1293}, "ts": "2026-06-21T16:06:28.082952+00:00", "session_id": "d5ca3630", "level": "INFO"}
{"event": "signal", "strategy": "mean_reversion", "symbol": "JPM", "direction": "SELL", "strength": 0.658388, "metadata": {"z": 1.7268, "rsi": 77.54, "rv": 0.104}, "ts": "2026-06-21T16:06:28.086438+00:00", "session_id": "d5ca3630", "level": "INFO"}
{"event": "info", "message": "SignalGenerator: 8 raw \u2192 3 combined signals", "metadata": {"regime": "BEAR", "n_strategies": 4, "allocations": {"stat_arb": 0.25, "momentum": 0.15, "factor_model": 0.25, "mean_reversion": 0.3}}, "ts": "2026-06-21T16:06:28.102308+00:00", "session_id": "d5ca3630", "level": "INFO"}
{"event": "risk_event", "event_type": "trade_rejected", "details": {"symbol": "JNJ", "side": "sell", "qty": 98, "reason": "Individual short position 14.62% exceeds limit 5%", "strategy": "combined"}, "ts": "2026-06-21T16:06:28.114285+00:00", "session_id": "d5ca3630", "level": "WARNING"}
{"event": "risk_event", "event_type": "trade_rejected", "details": {"symbol": "XOM", "side": "sell", "qty": 113, "reason": "Individual short position 10.42% exceeds limit 5%", "strategy": "combined"}, "ts": "2026-06-21T16:06:28.117585+00:00", "session_id": "d5ca3630", "level": "WARNING"}
{"event": "risk_event", "event_type": "trade_rejected", "details": {"symbol": "JPM", "side": "sell", "qty": 91, "reason": "Individual short position 14.82% exceeds limit 5%", "strategy": "combined"}, "ts": "2026-06-21T16:06:28.120759+00:00", "session_id": "d5ca3630", "level": "WARNING"}
  [bar 280] 2024-01-08 05:00:00+00:00 | 3 signals | equity=100,694 | regime=BEAR
StatArbStrategy.generate_signals: no pairs loaded. Call find_pairs() first.
{"event": "signal", "strategy": "momentum", "symbol": "AAPL", "direction": "BUY", "strength": 0.965394, "metadata": {"rank": 0.8666666666666667, "sector": "Technology", "fallback": true}, "ts": "2026-06-21T16:06:28.359785+00:00", "session_id": "d5ca3630", "level": "INFO"}
{"event": "signal", "strategy": "momentum", "symbol": "MSFT", "direction": "BUY", "strength": 0.956703, "metadata": {"rank": 0.9333333333333333, "sector": "Technology", "fallback": true}, "ts": "2026-06-21T16:06:28.360130+00:00", "session_id": "d5ca3630", "level": "INFO"}
{"event": "signal", "strategy": "momentum", "symbol": "NVDA", "direction": "BUY", "strength": 0.557519, "metadata": {"rank": 1.0, "sector": "Technology", "fallback": true}, "ts": "2026-06-21T16:06:28.360360+00:00", "session_id": "d5ca3630", "level": "INFO"}
{"event": "signal", "strategy": "momentum", "symbol": "JNJ", "direction": "SELL", "strength": 1.0, "metadata": {"rank": 0.13333333333333333, "sector": "Healthcare", "fallback": true}, "ts": "2026-06-21T16:06:28.360887+00:00", "session_id": "d5ca3630", "level": "INFO"}
{"event": "signal", "strategy": "momentum", "symbol": "AMZN", "direction": "BUY", "strength": 0.544938, "metadata": {"rank": 0.8, "sector": "Consumer Discretionary", "fallback": true}, "ts": "2026-06-21T16:06:28.362044+00:00", "session_id": "d5ca3630", "level": "INFO"}
{"event": "signal", "strategy": "momentum", "symbol": "XOM", "direction": "SELL", "strength": 0.80011, "metadata": {"rank": 0.2, "sector": "Energy", "fallback": true}, "ts": "2026-06-21T16:06:28.362773+00:00", "session_id": "d5ca3630", "level": "INFO"}
MeanReversion: no volume data supplied — volume filter bypassed
{"event": "signal", "strategy": "mean_reversion", "symbol": "JNJ", "direction": "SELL", "strength": 0.793673, "metadata": {"z": 1.8935, "rsi": 73.36, "rv": 0.1257}, "ts": "2026-06-21T16:06:28.387483+00:00", "session_id": "d5ca3630", "level": "INFO"}
{"event": "info", "message": "SignalGenerator: 7 raw \u2192 6 combined signals", "metadata": {"regime": "SIDEWAYS", "n_strategies": 4, "allocations": {"stat_arb": 0.25, "momentum": 0.3, "factor_model": 0.25, "mean_reversion": 0.18}}, "ts": "2026-06-21T16:06:28.404870+00:00", "session_id": "d5ca3630", "level": "INFO"}
{"event": "order", "order_id": "f4bf5913-ad0", "symbol": "MSFT", "side": "buy", "qty": 7, "price": 0.0, "status": "submitted", "metadata": {"order_type": "market", "strategy": "combined"}, "ts": "2026-06-21T16:06:28.425202+00:00", "session_id": "d5ca3630", "level": "INFO"}
{"event": "risk_event", "event_type": "trade_rejected", "details": {"symbol": "JNJ", "side": "sell", "qty": 134, "reason": "Individual short position 19.94% exceeds limit 5%", "strategy": "combined"}, "ts": "2026-06-21T16:06:28.429910+00:00", "session_id": "d5ca3630", "level": "WARNING"}
{"event": "order", "order_id": "9a5cac18-cb6", "symbol": "AMZN", "side": "buy", "qty": 31, "price": 0.0, "status": "submitted", "metadata": {"order_type": "market", "strategy": "combined"}, "ts": "2026-06-21T16:06:28.433229+00:00", "session_id": "d5ca3630", "level": "INFO"}
{"event": "risk_event", "event_type": "trade_rejected", "details": {"symbol": "XOM", "side": "sell", "qty": 181, "reason": "Individual short position 16.44% exceeds limit 5%", "strategy": "combined"}, "ts": "2026-06-21T16:06:28.436434+00:00", "session_id": "d5ca3630", "level": "WARNING"}
  [bar 281] 2024-01-09 05:00:00+00:00 | 6 signals | equity=101,020 | regime=SIDEWAYS
{"event": "fill", "order_id": "9a5cac18-cb6", "fill_price": 152.1666110883434, "fill_qty": 31, "slippage_bps": 7.0113, "metadata": {"symbol": "AMZN", "side": "buy", "commission": 0.155, "strategy": "combined"}, "ts": "2026-06-21T16:06:28.439872+00:00", "session_id": "d5ca3630", "level": "INFO"}
{"event": "fill", "order_id": "f4bf5913-ad0", "fill_price": 369.45531431655553, "fill_qty": 7, "slippage_bps": 7.0052, "metadata": {"symbol": "MSFT", "side": "buy", "commission": 0.035, "strategy": "combined"}, "ts": "2026-06-21T16:06:28.441542+00:00", "session_id": "d5ca3630", "level": "INFO"}
StatArbStrategy.generate_signals: no pairs loaded. Call find_pairs() first.
{"event": "signal", "strategy": "momentum", "symbol": "AAPL", "direction": "BUY", "strength": 0.485697, "metadata": {"rank": 0.8666666666666667, "sector": "Technology", "fallback": true}, "ts": "2026-06-21T16:06:28.755321+00:00", "session_id": "d5ca3630", "level": "INFO"}
{"event": "signal", "strategy": "momentum", "symbol": "MSFT", "direction": "BUY", "strength": 0.475873, "metadata": {"rank": 0.9333333333333333, "sector": "Technology", "fallback": true}, "ts": "2026-06-21T16:06:28.755673+00:00", "session_id": "d5ca3630", "level": "INFO"}
{"event": "signal", "strategy": "momentum", "symbol": "NVDA", "direction": "BUY", "strength": 0.282538, "metadata": {"rank": 1.0, "sector": "Technology", "fallback": true}, "ts": "2026-06-21T16:06:28.755907+00:00", "session_id": "d5ca3630", "level": "INFO"}
{"event": "signal", "strategy": "momentum", "symbol": "JNJ", "direction": "SELL", "strength": 0.581743, "metadata": {"rank": 0.13333333333333333, "sector": "Healthcare", "fallback": true}, "ts": "2026-06-21T16:06:28.756485+00:00", "session_id": "d5ca3630", "level": "INFO"}
{"event": "signal", "strategy": "momentum", "symbol": "TSLA", "direction": "BUY", "strength": 0.176663, "metadata": {"rank": 0.8, "sector": "Consumer Discretionary", "fallback": true}, "ts": "2026-06-21T16:06:28.757511+00:00", "session_id": "d5ca3630", "level": "INFO"}
{"event": "signal", "strategy": "momentum", "symbol": "XOM", "direction": "SELL", "strength": 0.423231, "metadata": {"rank": 0.2, "sector": "Energy", "fallback": true}, "ts": "2026-06-21T16:06:28.758059+00:00", "session_id": "d5ca3630", "level": "INFO"}
MeanReversion: no volume data supplied — volume filter bypassed
{"event": "signal", "strategy": "mean_reversion", "symbol": "JNJ", "direction": "SELL", "strength": 0.772656, "metadata": {"z": 1.8697, "rsi": 71.69, "rv": 0.1256}, "ts": "2026-06-21T16:06:28.784050+00:00", "session_id": "d5ca3630", "level": "INFO"}
{"event": "info", "message": "SignalGenerator: 7 raw \u2192 2 combined signals", "metadata": {"regime": "BEAR", "n_strategies": 4, "allocations": {"stat_arb": 0.25, "momentum": 0.15, "factor_model": 0.25, "mean_reversion": 0.3}}, "ts": "2026-06-21T16:06:28.801606+00:00", "session_id": "d5ca3630", "level": "INFO"}
{"event": "risk_event", "event_type": "trade_rejected", "details": {"symbol": "JNJ", "side": "sell", "qty": 91, "reason": "Individual short position 13.53% exceeds limit 5%", "strategy": "combined"}, "ts": "2026-06-21T16:06:28.812762+00:00", "session_id": "d5ca3630", "level": "WARNING"}
{"event": "risk_event", "event_type": "trade_rejected", "details": {"symbol": "XOM", "side": "sell", "qty": 140, "reason": "Individual short position 12.56% exceeds limit 5%", "strategy": "combined"}, "ts": "2026-06-21T16:06:28.816829+00:00", "session_id": "d5ca3630", "level": "WARNING"}
  [bar 282] 2024-01-10 05:00:00+00:00 | 2 signals | equity=101,270 | regime=BEAR
StatArbStrategy.generate_signals: no pairs loaded. Call find_pairs() first.
{"event": "signal", "strategy": "momentum", "symbol": "AAPL", "direction": "BUY", "strength": 0.970531, "metadata": {"rank": 0.8666666666666667, "sector": "Technology", "fallback": true}, "ts": "2026-06-21T16:06:29.048516+00:00", "session_id": "d5ca3630", "level": "INFO"}
{"event": "signal", "strategy": "momentum", "symbol": "MSFT", "direction": "BUY", "strength": 0.959597, "metadata": {"rank": 0.9333333333333333, "sector": "Technology", "fallback": true}, "ts": "2026-06-21T16:06:29.048807+00:00", "session_id": "d5ca3630", "level": "INFO"}
{"event": "signal", "strategy": "momentum", "symbol": "NVDA", "direction": "BUY", "strength": 0.565912, "metadata": {"rank": 1.0, "sector": "Technology", "fallback": true}, "ts": "2026-06-21T16:06:29.049020+00:00", "session_id": "d5ca3630", "level": "INFO"}
{"event": "signal", "strategy": "momentum", "symbol": "JNJ", "direction": "SELL", "strength": 1.0, "metadata": {"rank": 0.13333333333333333, "sector": "Healthcare", "fallback": true}, "ts": "2026-06-21T16:06:29.049510+00:00", "session_id": "d5ca3630", "level": "INFO"}
{"event": "signal", "strategy": "momentum", "symbol": "TSLA", "direction": "BUY", "strength": 0.351122, "metadata": {"rank": 0.8, "sector": "Consumer Discretionary", "fallback": true}, "ts": "2026-06-21T16:06:29.050331+00:00", "session_id": "d5ca3630", "level": "INFO"}
{"event": "signal", "strategy": "momentum", "symbol": "XOM", "direction": "SELL", "strength": 0.846642, "metadata": {"rank": 0.2, "sector": "Energy", "fallback": true}, "ts": "2026-06-21T16:06:29.050781+00:00", "session_id": "d5ca3630", "level": "INFO"}
MeanReversion: no volume data supplied — volume filter bypassed
{"event": "signal", "strategy": "mean_reversion", "symbol": "MSFT", "direction": "SELL", "strength": 0.192046, "metadata": {"z": 1.2216, "rsi": 72.05, "rv": 0.1538}, "ts": "2026-06-21T16:06:29.074580+00:00", "session_id": "d5ca3630", "level": "INFO"}
{"event": "signal", "strategy": "mean_reversion", "symbol": "NVDA", "direction": "SELL", "strength": 1.0, "metadata": {"z": 2.3279, "rsi": 80.68, "rv": 0.3165}, "ts": "2026-06-21T16:06:29.076462+00:00", "session_id": "d5ca3630", "level": "INFO"}
{"event": "signal", "strategy": "mean_reversion", "symbol": "JNJ", "direction": "SELL", "strength": 0.58767, "metadata": {"z": 1.6626, "rsi": 89.4, "rv": 0.1276}, "ts": "2026-06-21T16:06:29.078338+00:00", "session_id": "d5ca3630", "level": "INFO"}
{"event": "signal", "strategy": "mean_reversion", "symbol": "JPM", "direction": "SELL", "strength": 0.350916, "metadata": {"z": 1.3906, "rsi": 70.71, "rv": 0.113}, "ts": "2026-06-21T16:06:29.081765+00:00", "session_id": "d5ca3630", "level": "INFO"}
{"event": "info", "message": "SignalGenerator: 10 raw \u2192 6 combined signals", "metadata": {"regime": "SIDEWAYS", "n_strategies": 4, "allocations": {"stat_arb": 0.25, "momentum": 0.3, "factor_model": 0.25, "mean_reversion": 0.18}}, "ts": "2026-06-21T16:06:29.096142+00:00", "session_id": "d5ca3630", "level": "INFO"}
{"event": "order", "order_id": "f1ef6fe9-b3c", "symbol": "NVDA", "side": "sell", "qty": 109, "price": 0.0, "status": "submitted", "metadata": {"order_type": "market", "strategy": "combined"}, "ts": "2026-06-21T16:06:29.108397+00:00", "session_id": "d5ca3630", "level": "INFO"}
{"event": "risk_event", "event_type": "trade_rejected", "details": {"symbol": "JNJ", "side": "sell", "qty": 135, "reason": "Individual short position 19.90% exceeds limit 5%", "strategy": "combined"}, "ts": "2026-06-21T16:06:29.112638+00:00", "session_id": "d5ca3630", "level": "WARNING"}
{"event": "order", "order_id": "d8e0ffd5-c06", "symbol": "TSLA", "side": "buy", "qty": 2, "price": 0.0, "status": "submitted", "metadata": {"order_type": "market", "strategy": "combined"}, "ts": "2026-06-21T16:06:29.115878+00:00", "session_id": "d5ca3630", "level": "INFO"}
{"event": "risk_event", "event_type": "trade_rejected", "details": {"symbol": "XOM", "side": "sell", "qty": 183, "reason": "Individual short position 16.34% exceeds limit 5%", "strategy": "combined"}, "ts": "2026-06-21T16:06:29.119779+00:00", "session_id": "d5ca3630", "level": "WARNING"}
  [bar 283] 2024-01-11 05:00:00+00:00 | 6 signals | equity=101,683 | regime=SIDEWAYS
{"event": "fill", "order_id": "f1ef6fe9-b3c", "fill_price": 54.48486342863616, "fill_qty": 109, "slippage_bps": 7.0103, "metadata": {"symbol": "NVDA", "side": "sell", "commission": 0.545, "strategy": "combined"}, "ts": "2026-06-21T16:06:29.125164+00:00", "session_id": "d5ca3630", "level": "INFO"}
{"event": "fill", "order_id": "d8e0ffd5-c06", "fill_price": 220.23413143919237, "fill_qty": 2, "slippage_bps": 7.0033, "metadata": {"symbol": "TSLA", "side": "buy", "commission": 0.01, "strategy": "combined"}, "ts": "2026-06-21T16:06:29.126172+00:00", "session_id": "d5ca3630", "level": "INFO"}
StatArbStrategy.generate_signals: no pairs loaded. Call find_pairs() first.
{"event": "signal", "strategy": "momentum", "symbol": "AAPL", "direction": "BUY", "strength": 0.488228, "metadata": {"rank": 0.8666666666666667, "sector": "Technology", "fallback": true}, "ts": "2026-06-21T16:06:29.360860+00:00", "session_id": "d5ca3630", "level": "INFO"}
{"event": "signal", "strategy": "momentum", "symbol": "MSFT", "direction": "BUY", "strength": 0.478826, "metadata": {"rank": 0.9333333333333333, "sector": "Technology", "fallback": true}, "ts": "2026-06-21T16:06:29.361208+00:00", "session_id": "d5ca3630", "level": "INFO"}
{"event": "signal", "strategy": "momentum", "symbol": "NVDA", "direction": "BUY", "strength": 0.296402, "metadata": {"rank": 1.0, "sector": "Technology", "fallback": true}, "ts": "2026-06-21T16:06:29.361481+00:00", "session_id": "d5ca3630", "level": "INFO"}
{"event": "signal", "strategy": "momentum", "symbol": "JNJ", "direction": "SELL", "strength": 0.583775, "metadata": {"rank": 0.13333333333333333, "sector": "Healthcare", "fallback": true}, "ts": "2026-06-21T16:06:29.362028+00:00", "session_id": "d5ca3630", "level": "INFO"}
{"event": "signal", "strategy": "momentum", "symbol": "TSLA", "direction": "BUY", "strength": 0.173431, "metadata": {"rank": 0.8, "sector": "Consumer Discretionary", "fallback": true}, "ts": "2026-06-21T16:06:29.363054+00:00", "session_id": "d5ca3630", "level": "INFO"}
{"event": "signal", "strategy": "momentum", "symbol": "XOM", "direction": "SELL", "strength": 0.423412, "metadata": {"rank": 0.2, "sector": "Energy", "fallback": true}, "ts": "2026-06-21T16:06:29.363668+00:00", "session_id": "d5ca3630", "level": "INFO"}
MeanReversion: no volume data supplied — volume filter bypassed
{"event": "signal", "strategy": "mean_reversion", "symbol": "MSFT", "direction": "SELL", "strength": 0.354308, "metadata": {"z": 1.4098, "rsi": 72.84, "rv": 0.1567}, "ts": "2026-06-21T16:06:29.384676+00:00", "session_id": "d5ca3630", "level": "INFO"}
{"event": "signal", "strategy": "mean_reversion", "symbol": "NVDA", "direction": "SELL", "strength": 0.883788, "metadata": {"z": 2.1648, "rsi": 78.12, "rv": 0.318}, "ts": "2026-06-21T16:06:29.386562+00:00", "session_id": "d5ca3630", "level": "INFO"}
{"event": "signal", "strategy": "mean_reversion", "symbol": "JNJ", "direction": "SELL", "strength": 0.746787, "metadata": {"z": 1.843, "rsi": 89.04, "rv": 0.1289}, "ts": "2026-06-21T16:06:29.388452+00:00", "session_id": "d5ca3630", "level": "INFO"}
{"event": "info", "message": "SignalGenerator: 9 raw \u2192 4 combined signals", "metadata": {"regime": "BEAR", "n_strategies": 4, "allocations": {"stat_arb": 0.25, "momentum": 0.15, "factor_model": 0.25, "mean_reversion": 0.3}}, "ts": "2026-06-21T16:06:29.406497+00:00", "session_id": "d5ca3630", "level": "INFO"}
{"event": "order", "order_id": "0f4092eb-f0e", "symbol": "MSFT", "side": "sell", "qty": 54, "price": 0.0, "status": "submitted", "metadata": {"order_type": "market", "strategy": "combined"}, "ts": "2026-06-21T16:06:29.416567+00:00", "session_id": "d5ca3630", "level": "INFO"}
{"event": "risk_event", "event_type": "trade_rejected", "details": {"symbol": "JNJ", "side": "sell", "qty": 116, "reason": "Individual short position 17.22% exceeds limit 5%", "strategy": "combined"}, "ts": "2026-06-21T16:06:29.420294+00:00", "session_id": "d5ca3630", "level": "WARNING"}
{"event": "risk_event", "event_type": "trade_rejected", "details": {"symbol": "XOM", "side": "sell", "qty": 170, "reason": "Individual short position 15.37% exceeds limit 5%", "strategy": "combined"}, "ts": "2026-06-21T16:06:29.423722+00:00", "session_id": "d5ca3630", "level": "WARNING"}
  [bar 284] 2024-01-12 05:00:00+00:00 | 4 signals | equity=101,768 | regime=BEAR
{"event": "fill", "order_id": "0f4092eb-f0e", "fill_price": 385.8863869714348, "fill_qty": 54, "slippage_bps": 7.012, "metadata": {"symbol": "MSFT", "side": "sell", "commission": 0.27, "strategy": "combined"}, "ts": "2026-06-21T16:06:29.430497+00:00", "session_id": "d5ca3630", "level": "INFO"}
StatArbStrategy.generate_signals: no pairs loaded. Call find_pairs() first.
{"event": "signal", "strategy": "momentum", "symbol": "AAPL", "direction": "BUY", "strength": 0.969496, "metadata": {"rank": 0.8666666666666667, "sector": "Technology", "fallback": true}, "ts": "2026-06-21T16:06:29.695196+00:00", "session_id": "d5ca3630", "level": "INFO"}
{"event": "signal", "strategy": "momentum", "symbol": "MSFT", "direction": "BUY", "strength": 0.961488, "metadata": {"rank": 0.9333333333333333, "sector": "Technology", "fallback": true}, "ts": "2026-06-21T16:06:29.695538+00:00", "session_id": "d5ca3630", "level": "INFO"}
{"event": "signal", "strategy": "momentum", "symbol": "NVDA", "direction": "BUY", "strength": 0.608165, "metadata": {"rank": 1.0, "sector": "Technology", "fallback": true}, "ts": "2026-06-21T16:06:29.695758+00:00", "session_id": "d5ca3630", "level": "INFO"}
{"event": "signal", "strategy": "momentum", "symbol": "JNJ", "direction": "SELL", "strength": 1.0, "metadata": {"rank": 0.13333333333333333, "sector": "Healthcare", "fallback": true}, "ts": "2026-06-21T16:06:29.696225+00:00", "session_id": "d5ca3630", "level": "INFO"}
{"event": "signal", "strategy": "momentum", "symbol": "TSLA", "direction": "BUY", "strength": 0.354593, "metadata": {"rank": 0.8, "sector": "Consumer Discretionary", "fallback": true}, "ts": "2026-06-21T16:06:29.697028+00:00", "session_id": "d5ca3630", "level": "INFO"}
{"event": "signal", "strategy": "momentum", "symbol": "XOM", "direction": "SELL", "strength": 0.837584, "metadata": {"rank": 0.2, "sector": "Energy", "fallback": true}, "ts": "2026-06-21T16:06:29.697490+00:00", "session_id": "d5ca3630", "level": "INFO"}
MeanReversion: no volume data supplied — volume filter bypassed
{"event": "signal", "strategy": "mean_reversion", "symbol": "MSFT", "direction": "SELL", "strength": 0.430325, "metadata": {"z": 1.4849, "rsi": 73.45, "rv": 0.1269}, "ts": "2026-06-21T16:06:29.715843+00:00", "session_id": "d5ca3630", "level": "INFO"}
{"event": "signal", "strategy": "mean_reversion", "symbol": "NVDA", "direction": "SELL", "strength": 1.0, "metadata": {"z": 2.491, "rsi": 82.32, "rv": 0.3288}, "ts": "2026-06-21T16:06:29.717729+00:00", "session_id": "d5ca3630", "level": "INFO"}
{"event": "signal", "strategy": "mean_reversion", "symbol": "JNJ", "direction": "SELL", "strength": 0.357774, "metadata": {"z": 1.4065, "rsi": 73.17, "rv": 0.1362}, "ts": "2026-06-21T16:06:29.719555+00:00", "session_id": "d5ca3630", "level": "INFO"}
{"event": "info", "message": "SignalGenerator: 9 raw \u2192 6 combined signals", "metadata": {"regime": "SIDEWAYS", "n_strategies": 4, "allocations": {"stat_arb": 0.25, "momentum": 0.3, "factor_model": 0.25, "mean_reversion": 0.18}}, "ts": "2026-06-21T16:06:29.736867+00:00", "session_id": "d5ca3630", "level": "INFO"}
{"event": "order", "order_id": "418667f0-efa", "symbol": "MSFT", "side": "buy", "qty": 53, "price": 0.0, "status": "submitted", "metadata": {"order_type": "market", "strategy": "combined"}, "ts": "2026-06-21T16:06:29.751910+00:00", "session_id": "d5ca3630", "level": "INFO"}
{"event": "risk_event", "event_type": "trade_rejected", "details": {"symbol": "JNJ", "side": "sell", "qty": 136, "reason": "Individual short position 19.95% exceeds limit 5%", "strategy": "combined"}, "ts": "2026-06-21T16:06:29.755340+00:00", "session_id": "d5ca3630", "level": "WARNING"}
{"event": "risk_event", "event_type": "trade_rejected", "details": {"symbol": "XOM", "side": "sell", "qty": 181, "reason": "Individual short position 15.99% exceeds limit 5%", "strategy": "combined"}, "ts": "2026-06-21T16:06:29.758861+00:00", "session_id": "d5ca3630", "level": "WARNING"}
  [bar 285] 2024-01-16 05:00:00+00:00 | 6 signals | equity=101,769 | regime=SIDEWAYS
{"event": "fill", "order_id": "418667f0-efa", "fill_price": 380.8523105408809, "fill_qty": 53, "slippage_bps": 7.0122, "metadata": {"symbol": "MSFT", "side": "buy", "commission": 0.265, "strategy": "combined"}, "ts": "2026-06-21T16:06:29.765373+00:00", "session_id": "d5ca3630", "level": "INFO"}
StatArbStrategy.generate_signals: no pairs loaded. Call find_pairs() first.
{"event": "signal", "strategy": "momentum", "symbol": "AAPL", "direction": "BUY", "strength": 0.48389, "metadata": {"rank": 0.8666666666666667, "sector": "Technology", "fallback": true}, "ts": "2026-06-21T16:06:30.104597+00:00", "session_id": "d5ca3630", "level": "INFO"}
{"event": "signal", "strategy": "momentum", "symbol": "MSFT", "direction": "BUY", "strength": 0.480131, "metadata": {"rank": 0.9333333333333333, "sector": "Technology", "fallback": true}, "ts": "2026-06-21T16:06:30.104887+00:00", "session_id": "d5ca3630", "level": "INFO"}
{"event": "signal", "strategy": "momentum", "symbol": "NVDA", "direction": "BUY", "strength": 0.303701, "metadata": {"rank": 1.0, "sector": "Technology", "fallback": true}, "ts": "2026-06-21T16:06:30.105108+00:00", "session_id": "d5ca3630", "level": "INFO"}
{"event": "signal", "strategy": "momentum", "symbol": "JNJ", "direction": "SELL", "strength": 0.605797, "metadata": {"rank": 0.13333333333333333, "sector": "Healthcare", "fallback": true}, "ts": "2026-06-21T16:06:30.105595+00:00", "session_id": "d5ca3630", "level": "INFO"}
{"event": "signal", "strategy": "momentum", "symbol": "TSLA", "direction": "BUY", "strength": 0.196784, "metadata": {"rank": 0.8, "sector": "Consumer Discretionary", "fallback": true}, "ts": "2026-06-21T16:06:30.106436+00:00", "session_id": "d5ca3630", "level": "INFO"}
{"event": "signal", "strategy": "momentum", "symbol": "XOM", "direction": "SELL", "strength": 0.418403, "metadata": {"rank": 0.2, "sector": "Energy", "fallback": true}, "ts": "2026-06-21T16:06:30.106891+00:00", "session_id": "d5ca3630", "level": "INFO"}
MeanReversion: no volume data supplied — volume filter bypassed
{"event": "signal", "strategy": "mean_reversion", "symbol": "MSFT", "direction": "SELL", "strength": 0.36429, "metadata": {"z": 1.409, "rsi": 71.67, "rv": 0.1226}, "ts": "2026-06-21T16:06:30.126303+00:00", "session_id": "d5ca3630", "level": "INFO"}
{"event": "signal", "strategy": "mean_reversion", "symbol": "NVDA", "direction": "SELL", "strength": 0.955752, "metadata": {"z": 2.273, "rsi": 79.29, "rv": 0.332}, "ts": "2026-06-21T16:06:30.128190+00:00", "session_id": "d5ca3630", "level": "INFO"}
{"event": "signal", "strategy": "mean_reversion", "symbol": "JNJ", "direction": "SELL", "strength": 0.300071, "metadata": {"z": 1.3387, "rsi": 70.76, "rv": 0.1287}, "ts": "2026-06-21T16:06:30.130000+00:00", "session_id": "d5ca3630", "level": "INFO"}
{"event": "info", "message": "SignalGenerator: 9 raw \u2192 4 combined signals", "metadata": {"regime": "BEAR", "n_strategies": 4, "allocations": {"stat_arb": 0.25, "momentum": 0.15, "factor_model": 0.25, "mean_reversion": 0.3}}, "ts": "2026-06-21T16:06:30.147562+00:00", "session_id": "d5ca3630", "level": "INFO"}
{"event": "order", "order_id": "98ffaaa0-e3e", "symbol": "MSFT", "side": "sell", "qty": 53, "price": 0.0, "status": "submitted", "metadata": {"order_type": "market", "strategy": "combined"}, "ts": "2026-06-21T16:06:30.159505+00:00", "session_id": "d5ca3630", "level": "INFO"}
{"event": "risk_event", "event_type": "trade_rejected", "details": {"symbol": "JNJ", "side": "sell", "qty": 111, "reason": "Individual short position 16.31% exceeds limit 5%", "strategy": "combined"}, "ts": "2026-06-21T16:06:30.164208+00:00", "session_id": "d5ca3630", "level": "WARNING"}
{"event": "risk_event", "event_type": "trade_rejected", "details": {"symbol": "XOM", "side": "sell", "qty": 167, "reason": "Individual short position 14.68% exceeds limit 5%", "strategy": "combined"}, "ts": "2026-06-21T16:06:30.168512+00:00", "session_id": "d5ca3630", "level": "WARNING"}
  [bar 286] 2024-01-17 05:00:00+00:00 | 4 signals | equity=101,563 | regime=BEAR
{"event": "fill", "order_id": "98ffaaa0-e3e", "fill_price": 383.98468165573007, "fill_qty": 53, "slippage_bps": 7.0126, "metadata": {"symbol": "MSFT", "side": "sell", "commission": 0.265, "strategy": "combined"}, "ts": "2026-06-21T16:06:30.174133+00:00", "session_id": "d5ca3630", "level": "INFO"}
StatArbStrategy.generate_signals: no pairs loaded. Call find_pairs() first.
{"event": "signal", "strategy": "momentum", "symbol": "AAPL", "direction": "BUY", "strength": 0.925255, "metadata": {"rank": 0.8666666666666667, "sector": "Technology", "fallback": true}, "ts": "2026-06-21T16:06:30.436273+00:00", "session_id": "d5ca3630", "level": "INFO"}
{"event": "signal", "strategy": "momentum", "symbol": "MSFT", "direction": "BUY", "strength": 0.972584, "metadata": {"rank": 0.9333333333333333, "sector": "Technology", "fallback": true}, "ts": "2026-06-21T16:06:30.436613+00:00", "session_id": "d5ca3630", "level": "INFO"}
{"event": "signal", "strategy": "momentum", "symbol": "NVDA", "direction": "BUY", "strength": 0.611118, "metadata": {"rank": 1.0, "sector": "Technology", "fallback": true}, "ts": "2026-06-21T16:06:30.436825+00:00", "session_id": "d5ca3630", "level": "INFO"}
{"event": "signal", "strategy": "momentum", "symbol": "JNJ", "direction": "SELL", "strength": 1.0, "metadata": {"rank": 0.13333333333333333, "sector": "Healthcare", "fallback": true}, "ts": "2026-06-21T16:06:30.437403+00:00", "session_id": "d5ca3630", "level": "INFO"}
{"event": "signal", "strategy": "momentum", "symbol": "TSLA", "direction": "BUY", "strength": 0.39934, "metadata": {"rank": 0.8, "sector": "Consumer Discretionary", "fallback": true}, "ts": "2026-06-21T16:06:30.438520+00:00", "session_id": "d5ca3630", "level": "INFO"}
{"event": "signal", "strategy": "momentum", "symbol": "XOM", "direction": "SELL", "strength": 0.848084, "metadata": {"rank": 0.2, "sector": "Energy", "fallback": true}, "ts": "2026-06-21T16:06:30.439076+00:00", "session_id": "d5ca3630", "level": "INFO"}
MeanReversion: no volume data supplied — volume filter bypassed
{"event": "signal", "strategy": "mean_reversion", "symbol": "MSFT", "direction": "SELL", "strength": 0.58987, "metadata": {"z": 1.6643, "rsi": 76.07, "rv": 0.1262}, "ts": "2026-06-21T16:06:30.467259+00:00", "session_id": "d5ca3630", "level": "INFO"}
{"event": "signal", "strategy": "mean_reversion", "symbol": "NVDA", "direction": "SELL", "strength": 1.0, "metadata": {"z": 2.4261, "rsi": 80.81, "rv": 0.3288}, "ts": "2026-06-21T16:06:30.470056+00:00", "session_id": "d5ca3630", "level": "INFO"}
{"event": "signal", "strategy": "mean_reversion", "symbol": "JNJ", "direction": "SELL", "strength": 0.387922, "metadata": {"z": 1.438, "rsi": 72.29, "rv": 0.1292}, "ts": "2026-06-21T16:06:30.472959+00:00", "session_id": "d5ca3630", "level": "INFO"}
{"event": "signal", "strategy": "mean_reversion", "symbol": "TSLA", "direction": "BUY", "strength": 0.253011, "metadata": {"z": -1.3392, "rsi": 6.92, "rv": 0.3408}, "ts": "2026-06-21T16:06:30.486015+00:00", "session_id": "d5ca3630", "level": "INFO"}
{"event": "info", "message": "SignalGenerator: 10 raw \u2192 6 combined signals", "metadata": {"regime": "SIDEWAYS", "n_strategies": 4, "allocations": {"stat_arb": 0.25, "momentum": 0.3, "factor_model": 0.25, "mean_reversion": 0.18}}, "ts": "2026-06-21T16:06:30.501077+00:00", "session_id": "d5ca3630", "level": "INFO"}
{"event": "order", "order_id": "c923ccef-c3a", "symbol": "AAPL", "side": "buy", "qty": 17, "price": 0.0, "status": "submitted", "metadata": {"order_type": "market", "strategy": "combined"}, "ts": "2026-06-21T16:06:30.523478+00:00", "session_id": "d5ca3630", "level": "INFO"}
{"event": "order", "order_id": "fed5ef90-5f5", "symbol": "MSFT", "side": "buy", "qty": 36, "price": 0.0, "status": "submitted", "metadata": {"order_type": "market", "strategy": "combined"}, "ts": "2026-06-21T16:06:30.526124+00:00", "session_id": "d5ca3630", "level": "INFO"}
{"event": "risk_event", "event_type": "trade_rejected", "details": {"symbol": "JNJ", "side": "sell", "qty": 136, "reason": "Individual short position 19.94% exceeds limit 5%", "strategy": "combined"}, "ts": "2026-06-21T16:06:30.528704+00:00", "session_id": "d5ca3630", "level": "WARNING"}
{"event": "order", "order_id": "aebed882-1f0", "symbol": "TSLA", "side": "buy", "qty": 1, "price": 0.0, "status": "submitted", "metadata": {"order_type": "market", "strategy": "combined"}, "ts": "2026-06-21T16:06:30.530503+00:00", "session_id": "d5ca3630", "level": "INFO"}
{"event": "risk_event", "event_type": "trade_rejected", "details": {"symbol": "XOM", "side": "sell", "qty": 180, "reason": "Individual short position 15.68% exceeds limit 5%", "strategy": "combined"}, "ts": "2026-06-21T16:06:30.533081+00:00", "session_id": "d5ca3630", "level": "WARNING"}
  [bar 287] 2024-01-18 05:00:00+00:00 | 6 signals | equity=102,263 | regime=SIDEWAYS
{"event": "fill", "order_id": "c923ccef-c3a", "fill_price": 187.342085027692, "fill_qty": 17, "slippage_bps": 7.008, "metadata": {"symbol": "AAPL", "side": "buy", "commission": 0.085, "strategy": "combined"}, "ts": "2026-06-21T16:06:30.536599+00:00", "session_id": "d5ca3630", "level": "INFO"}
{"event": "fill", "order_id": "fed5ef90-5f5", "fill_price": 388.48924690079355, "fill_qty": 36, "slippage_bps": 7.0106, "metadata": {"symbol": "MSFT", "side": "buy", "commission": 0.18, "strategy": "combined"}, "ts": "2026-06-21T16:06:30.539535+00:00", "session_id": "d5ca3630", "level": "INFO"}
{"event": "fill", "order_id": "aebed882-1f0", "fill_price": 210.13704068431855, "fill_qty": 1, "slippage_bps": 7.002, "metadata": {"symbol": "TSLA", "side": "buy", "commission": 0.005, "strategy": "combined"}, "ts": "2026-06-21T16:06:30.540859+00:00", "session_id": "d5ca3630", "level": "INFO"}
StatArbStrategy.generate_signals: no pairs loaded. Call find_pairs() first.
{"event": "signal", "strategy": "momentum", "symbol": "AAPL", "direction": "BUY", "strength": 0.422186, "metadata": {"rank": 0.8, "sector": "Technology", "fallback": true}, "ts": "2026-06-21T16:06:30.885743+00:00", "session_id": "d5ca3630", "level": "INFO"}
{"event": "signal", "strategy": "momentum", "symbol": "MSFT", "direction": "BUY", "strength": 0.484728, "metadata": {"rank": 0.9333333333333333, "sector": "Technology", "fallback": true}, "ts": "2026-06-21T16:06:30.886044+00:00", "session_id": "d5ca3630", "level": "INFO"}
{"event": "signal", "strategy": "momentum", "symbol": "NVDA", "direction": "BUY", "strength": 0.304227, "metadata": {"rank": 1.0, "sector": "Technology", "fallback": true}, "ts": "2026-06-21T16:06:30.886217+00:00", "session_id": "d5ca3630", "level": "INFO"}
{"event": "signal", "strategy": "momentum", "symbol": "JNJ", "direction": "SELL", "strength": 0.614229, "metadata": {"rank": 0.13333333333333333, "sector": "Healthcare", "fallback": true}, "ts": "2026-06-21T16:06:30.886744+00:00", "session_id": "d5ca3630", "level": "INFO"}
{"event": "signal", "strategy": "momentum", "symbol": "TSLA", "direction": "BUY", "strength": 0.216304, "metadata": {"rank": 0.8666666666666667, "sector": "Consumer Discretionary", "fallback": true}, "ts": "2026-06-21T16:06:30.887728+00:00", "session_id": "d5ca3630", "level": "INFO"}
{"event": "signal", "strategy": "momentum", "symbol": "XOM", "direction": "SELL", "strength": 0.427927, "metadata": {"rank": 0.2, "sector": "Energy", "fallback": true}, "ts": "2026-06-21T16:06:30.888312+00:00", "session_id": "d5ca3630", "level": "INFO"}
MeanReversion: no volume data supplied — volume filter bypassed
{"event": "signal", "strategy": "mean_reversion", "symbol": "MSFT", "direction": "SELL", "strength": 0.831769, "metadata": {"z": 1.9402, "rsi": 78.13, "rv": 0.1304}, "ts": "2026-06-21T16:06:30.928318+00:00", "session_id": "d5ca3630", "level": "INFO"}
{"event": "signal", "strategy": "mean_reversion", "symbol": "NVDA", "direction": "SELL", "strength": 1.0, "metadata": {"z": 2.8224, "rsi": 83.78, "rv": 0.3445}, "ts": "2026-06-21T16:06:30.930465+00:00", "session_id": "d5ca3630", "level": "INFO"}
{"event": "signal", "strategy": "mean_reversion", "symbol": "JNJ", "direction": "SELL", "strength": 0.417438, "metadata": {"z": 1.4709, "rsi": 72.89, "rv": 0.1281}, "ts": "2026-06-21T16:06:30.932336+00:00", "session_id": "d5ca3630", "level": "INFO"}
{"event": "signal", "strategy": "mean_reversion", "symbol": "TSLA", "direction": "BUY", "strength": 0.241243, "metadata": {"z": -1.3199, "rsi": 8.65, "rv": 0.3259}, "ts": "2026-06-21T16:06:30.940381+00:00", "session_id": "d5ca3630", "level": "INFO"}
{"event": "info", "message": "SignalGenerator: 10 raw \u2192 4 combined signals", "metadata": {"regime": "BEAR", "n_strategies": 4, "allocations": {"stat_arb": 0.25, "momentum": 0.15, "factor_model": 0.25, "mean_reversion": 0.3}}, "ts": "2026-06-21T16:06:30.950105+00:00", "session_id": "d5ca3630", "level": "INFO"}
{"event": "order", "order_id": "53973e3c-259", "symbol": "MSFT", "side": "sell", "qty": 8, "price": 0.0, "status": "submitted", "metadata": {"order_type": "market", "strategy": "combined"}, "ts": "2026-06-21T16:06:30.968300+00:00", "session_id": "d5ca3630", "level": "INFO"}
{"event": "risk_event", "event_type": "trade_rejected", "details": {"symbol": "JNJ", "side": "sell", "qty": 112, "reason": "Individual short position 16.45% exceeds limit 5%", "strategy": "combined"}, "ts": "2026-06-21T16:06:30.972856+00:00", "session_id": "d5ca3630", "level": "WARNING"}
{"event": "risk_event", "event_type": "trade_rejected", "details": {"symbol": "XOM", "side": "sell", "qty": 167, "reason": "Individual short position 14.56% exceeds limit 5%", "strategy": "combined"}, "ts": "2026-06-21T16:06:30.976290+00:00", "session_id": "d5ca3630", "level": "WARNING"}
  [bar 288] 2024-01-19 05:00:00+00:00 | 4 signals | equity=102,366 | regime=BEAR
{"event": "fill", "order_id": "53973e3c-259", "fill_price": 392.1211233494738, "fill_qty": 8, "slippage_bps": 7.0049, "metadata": {"symbol": "MSFT", "side": "sell", "commission": 0.04, "strategy": "combined"}, "ts": "2026-06-21T16:06:30.981059+00:00", "session_id": "d5ca3630", "level": "INFO"}
StatArbStrategy.generate_signals: no pairs loaded. Call find_pairs() first.
{"event": "signal", "strategy": "momentum", "symbol": "AAPL", "direction": "BUY", "strength": 0.909059, "metadata": {"rank": 0.8666666666666667, "sector": "Technology", "fallback": true}, "ts": "2026-06-21T16:06:31.211693+00:00", "session_id": "d5ca3630", "level": "INFO"}
{"event": "signal", "strategy": "momentum", "symbol": "MSFT", "direction": "BUY", "strength": 0.96539, "metadata": {"rank": 0.9333333333333333, "sector": "Technology", "fallback": true}, "ts": "2026-06-21T16:06:31.211972+00:00", "session_id": "d5ca3630", "level": "INFO"}
{"event": "signal", "strategy": "momentum", "symbol": "NVDA", "direction": "BUY", "strength": 0.609723, "metadata": {"rank": 1.0, "sector": "Technology", "fallback": true}, "ts": "2026-06-21T16:06:31.212195+00:00", "session_id": "d5ca3630", "level": "INFO"}
{"event": "signal", "strategy": "momentum", "symbol": "JNJ", "direction": "SELL", "strength": 1.0, "metadata": {"rank": 0.13333333333333333, "sector": "Healthcare", "fallback": true}, "ts": "2026-06-21T16:06:31.212687+00:00", "session_id": "d5ca3630", "level": "INFO"}
{"event": "signal", "strategy": "momentum", "symbol": "TSLA", "direction": "BUY", "strength": 0.400353, "metadata": {"rank": 0.8, "sector": "Consumer Discretionary", "fallback": true}, "ts": "2026-06-21T16:06:31.213483+00:00", "session_id": "d5ca3630", "level": "INFO"}
{"event": "signal", "strategy": "momentum", "symbol": "XOM", "direction": "SELL", "strength": 0.859154, "metadata": {"rank": 0.2, "sector": "Energy", "fallback": true}, "ts": "2026-06-21T16:06:31.213952+00:00", "session_id": "d5ca3630", "level": "INFO"}
MeanReversion: no volume data supplied — volume filter bypassed
{"event": "signal", "strategy": "mean_reversion", "symbol": "MSFT", "direction": "SELL", "strength": 0.69248, "metadata": {"z": 1.7816, "rsi": 73.82, "rv": 0.1287}, "ts": "2026-06-21T16:06:31.231803+00:00", "session_id": "d5ca3630", "level": "INFO"}
{"event": "signal", "strategy": "mean_reversion", "symbol": "NVDA", "direction": "SELL", "strength": 1.0, "metadata": {"z": 2.6529, "rsi": 83.95, "rv": 0.3124}, "ts": "2026-06-21T16:06:31.233645+00:00", "session_id": "d5ca3630", "level": "INFO"}
{"event": "signal", "strategy": "mean_reversion", "symbol": "JNJ", "direction": "SELL", "strength": 0.508104, "metadata": {"z": 1.5578, "rsi": 74.34, "rv": 0.0978}, "ts": "2026-06-21T16:06:31.235489+00:00", "session_id": "d5ca3630", "level": "INFO"}
{"event": "signal", "strategy": "mean_reversion", "symbol": "TSLA", "direction": "BUY", "strength": 0.391007, "metadata": {"z": -1.511, "rsi": 8.89, "rv": 0.3069}, "ts": "2026-06-21T16:06:31.243635+00:00", "session_id": "d5ca3630", "level": "INFO"}
{"event": "info", "message": "SignalGenerator: 10 raw \u2192 6 combined signals", "metadata": {"regime": "SIDEWAYS", "n_strategies": 4, "allocations": {"stat_arb": 0.25, "momentum": 0.3, "factor_model": 0.25, "mean_reversion": 0.18}}, "ts": "2026-06-21T16:06:31.254304+00:00", "session_id": "d5ca3630", "level": "INFO"}
{"event": "order", "order_id": "99b3dd1d-59c", "symbol": "MSFT", "side": "buy", "qty": 24, "price": 0.0, "status": "submitted", "metadata": {"order_type": "market", "strategy": "combined"}, "ts": "2026-06-21T16:06:31.273033+00:00", "session_id": "d5ca3630", "level": "INFO"}
{"event": "risk_event", "event_type": "trade_rejected", "details": {"symbol": "JNJ", "side": "sell", "qty": 136, "reason": "Individual short position 19.97% exceeds limit 5%", "strategy": "combined"}, "ts": "2026-06-21T16:06:31.276431+00:00", "session_id": "d5ca3630", "level": "WARNING"}
{"event": "risk_event", "event_type": "trade_rejected", "details": {"symbol": "XOM", "side": "sell", "qty": 176, "reason": "Individual short position 15.24% exceeds limit 5%", "strategy": "combined"}, "ts": "2026-06-21T16:06:31.279616+00:00", "session_id": "d5ca3630", "level": "WARNING"}
  [bar 289] 2024-01-22 05:00:00+00:00 | 6 signals | equity=102,932 | regime=SIDEWAYS
{"event": "fill", "order_id": "99b3dd1d-59c", "fill_price": 388.47938771574235, "fill_qty": 24, "slippage_bps": 7.0085, "metadata": {"symbol": "MSFT", "side": "buy", "commission": 0.12, "strategy": "combined"}, "ts": "2026-06-21T16:06:31.284417+00:00", "session_id": "d5ca3630", "level": "INFO"}
StatArbStrategy.generate_signals: no pairs loaded. Call find_pairs() first.
{"event": "signal", "strategy": "momentum", "symbol": "AAPL", "direction": "BUY", "strength": 0.425181, "metadata": {"rank": 0.8, "sector": "Technology", "fallback": true}, "ts": "2026-06-21T16:06:31.524348+00:00", "session_id": "d5ca3630", "level": "INFO"}
{"event": "signal", "strategy": "momentum", "symbol": "MSFT", "direction": "BUY", "strength": 0.504434, "metadata": {"rank": 0.9333333333333333, "sector": "Technology", "fallback": true}, "ts": "2026-06-21T16:06:31.524679+00:00", "session_id": "d5ca3630", "level": "INFO"}
{"event": "signal", "strategy": "momentum", "symbol": "NVDA", "direction": "BUY", "strength": 0.320984, "metadata": {"rank": 1.0, "sector": "Technology", "fallback": true}, "ts": "2026-06-21T16:06:31.524923+00:00", "session_id": "d5ca3630", "level": "INFO"}
{"event": "signal", "strategy": "momentum", "symbol": "JNJ", "direction": "SELL", "strength": 0.594238, "metadata": {"rank": 0.13333333333333333, "sector": "Healthcare", "fallback": true}, "ts": "2026-06-21T16:06:31.525537+00:00", "session_id": "d5ca3630", "level": "INFO"}
{"event": "signal", "strategy": "momentum", "symbol": "AMZN", "direction": "BUY", "strength": 0.348854, "metadata": {"rank": 0.8666666666666667, "sector": "Consumer Discretionary", "fallback": true}, "ts": "2026-06-21T16:06:31.526646+00:00", "session_id": "d5ca3630", "level": "INFO"}
{"event": "signal", "strategy": "momentum", "symbol": "XOM", "direction": "SELL", "strength": 0.42559, "metadata": {"rank": 0.2, "sector": "Energy", "fallback": true}, "ts": "2026-06-21T16:06:31.527296+00:00", "session_id": "d5ca3630", "level": "INFO"}
MeanReversion: no volume data supplied — volume filter bypassed
{"event": "signal", "strategy": "mean_reversion", "symbol": "MSFT", "direction": "SELL", "strength": 0.785155, "metadata": {"z": 1.8857, "rsi": 84.87, "rv": 0.1281}, "ts": "2026-06-21T16:06:31.547827+00:00", "session_id": "d5ca3630", "level": "INFO"}
{"event": "signal", "strategy": "mean_reversion", "symbol": "NVDA", "direction": "SELL", "strength": 1.0, "metadata": {"z": 2.5412, "rsi": 92.46, "rv": 0.3121}, "ts": "2026-06-21T16:06:31.549726+00:00", "session_id": "d5ca3630", "level": "INFO"}
{"event": "signal", "strategy": "mean_reversion", "symbol": "TSLA", "direction": "BUY", "strength": 0.37548, "metadata": {"z": -1.479, "rsi": 9.54, "rv": 0.2758}, "ts": "2026-06-21T16:06:31.562809+00:00", "session_id": "d5ca3630", "level": "INFO"}
{"event": "signal", "strategy": "mean_reversion", "symbol": "PG", "direction": "SELL", "strength": 1.0, "metadata": {"z": 2.2557, "rsi": 70.75, "rv": 0.1653}, "ts": "2026-06-21T16:06:31.569693+00:00", "session_id": "d5ca3630", "level": "INFO"}
{"event": "signal", "strategy": "mean_reversion", "symbol": "GOOGL", "direction": "SELL", "strength": 0.862146, "metadata": {"z": 2.0061, "rsi": 73.6, "rv": 0.167}, "ts": "2026-06-21T16:06:31.571931+00:00", "session_id": "d5ca3630", "level": "INFO"}
{"event": "info", "message": "SignalGenerator: 11 raw \u2192 7 combined signals", "metadata": {"regime": "BEAR", "n_strategies": 4, "allocations": {"stat_arb": 0.25, "momentum": 0.15, "factor_model": 0.25, "mean_reversion": 0.3}}, "ts": "2026-06-21T16:06:31.575510+00:00", "session_id": "d5ca3630", "level": "INFO"}
{"event": "risk_event", "event_type": "trade_rejected", "details": {"symbol": "JNJ", "side": "sell", "qty": 138, "reason": "Individual short position 19.91% exceeds limit 5%", "strategy": "combined"}, "ts": "2026-06-21T16:06:31.591622+00:00", "session_id": "d5ca3630", "level": "WARNING"}
{"event": "risk_event", "event_type": "trade_rejected", "details": {"symbol": "XOM", "side": "sell", "qty": 134, "reason": "Individual short position 11.72% exceeds limit 5%", "strategy": "combined"}, "ts": "2026-06-21T16:06:31.594883+00:00", "session_id": "d5ca3630", "level": "WARNING"}
{"event": "risk_event", "event_type": "trade_rejected", "details": {"symbol": "PG", "side": "sell", "qty": 141, "reason": "Individual short position 19.87% exceeds limit 5%", "strategy": "combined"}, "ts": "2026-06-21T16:06:31.598184+00:00", "session_id": "d5ca3630", "level": "WARNING"}
{"event": "risk_event", "event_type": "trade_rejected", "details": {"symbol": "GOOGL", "side": "sell", "qty": 84, "reason": "Individual short position 11.88% exceeds limit 5%", "strategy": "combined"}, "ts": "2026-06-21T16:06:31.601429+00:00", "session_id": "d5ca3630", "level": "WARNING"}
  [bar 290] 2024-01-23 05:00:00+00:00 | 7 signals | equity=103,014 | regime=BEAR
StatArbStrategy.generate_signals: no pairs loaded. Call find_pairs() first.
{"event": "signal", "strategy": "momentum", "symbol": "MSFT", "direction": "BUY", "strength": 1.0, "metadata": {"rank": 0.9333333333333333, "sector": "Technology", "fallback": true}, "ts": "2026-06-21T16:06:31.834217+00:00", "session_id": "d5ca3630", "level": "INFO"}
{"event": "signal", "strategy": "momentum", "symbol": "NVDA", "direction": "BUY", "strength": 0.663156, "metadata": {"rank": 1.0, "sector": "Technology", "fallback": true}, "ts": "2026-06-21T16:06:31.834522+00:00", "session_id": "d5ca3630", "level": "INFO"}
{"event": "signal", "strategy": "momentum", "symbol": "JNJ", "direction": "SELL", "strength": 1.0, "metadata": {"rank": 0.2, "sector": "Healthcare", "fallback": true}, "ts": "2026-06-21T16:06:31.835052+00:00", "session_id": "d5ca3630", "level": "INFO"}
{"event": "signal", "strategy": "momentum", "symbol": "AMZN", "direction": "BUY", "strength": 0.707005, "metadata": {"rank": 0.8666666666666667, "sector": "Consumer Discretionary", "fallback": true}, "ts": "2026-06-21T16:06:31.835847+00:00", "session_id": "d5ca3630", "level": "INFO"}
{"event": "signal", "strategy": "momentum", "symbol": "XOM", "direction": "SELL", "strength": 0.906884, "metadata": {"rank": 0.13333333333333333, "sector": "Energy", "fallback": true}, "ts": "2026-06-21T16:06:31.836447+00:00", "session_id": "d5ca3630", "level": "INFO"}
{"event": "signal", "strategy": "momentum", "symbol": "GOOGL", "direction": "BUY", "strength": 0.787899, "metadata": {"rank": 0.8, "sector": "Communication Services", "fallback": true}, "ts": "2026-06-21T16:06:31.837664+00:00", "session_id": "d5ca3630", "level": "INFO"}
MeanReversion: no volume data supplied — volume filter bypassed
{"event": "signal", "strategy": "mean_reversion", "symbol": "MSFT", "direction": "SELL", "strength": 1.0, "metadata": {"z": 2.1343, "rsi": 86.67, "rv": 0.1297}, "ts": "2026-06-21T16:06:31.864105+00:00", "session_id": "d5ca3630", "level": "INFO"}
{"event": "signal", "strategy": "mean_reversion", "symbol": "NVDA", "direction": "SELL", "strength": 1.0, "metadata": {"z": 2.7135, "rsi": 96.99, "rv": 0.312}, "ts": "2026-06-21T16:06:31.866851+00:00", "session_id": "d5ca3630", "level": "INFO"}
{"event": "signal", "strategy": "mean_reversion", "symbol": "TSLA", "direction": "BUY", "strength": 0.44574, "metadata": {"z": -1.5688, "rsi": 11.61, "rv": 0.276}, "ts": "2026-06-21T16:06:31.880070+00:00", "session_id": "d5ca3630", "level": "INFO"}
{"event": "signal", "strategy": "mean_reversion", "symbol": "GOOGL", "direction": "SELL", "strength": 1.0, "metadata": {"z": 2.2237, "rsi": 74.82, "rv": 0.169}, "ts": "2026-06-21T16:06:31.887581+00:00", "session_id": "d5ca3630", "level": "INFO"}
{"event": "info", "message": "SignalGenerator: 10 raw \u2192 7 combined signals", "metadata": {"regime": "SIDEWAYS", "n_strategies": 4, "allocations": {"stat_arb": 0.25, "momentum": 0.3, "factor_model": 0.25, "mean_reversion": 0.18}}, "ts": "2026-06-21T16:06:31.891794+00:00", "session_id": "d5ca3630", "level": "INFO"}
{"event": "risk_event", "event_type": "trade_rejected", "details": {"symbol": "JNJ", "side": "sell", "qty": 139, "reason": "Individual short position 19.90% exceeds limit 5%", "strategy": "combined"}, "ts": "2026-06-21T16:06:31.908170+00:00", "session_id": "d5ca3630", "level": "WARNING"}
{"event": "order", "order_id": "dc52b220-940", "symbol": "AMZN", "side": "buy", "qty": 28, "price": 0.0, "status": "submitted", "metadata": {"order_type": "market", "strategy": "combined"}, "ts": "2026-06-21T16:06:31.910775+00:00", "session_id": "d5ca3630", "level": "INFO"}
{"event": "risk_event", "event_type": "trade_rejected", "details": {"symbol": "XOM", "side": "sell", "qty": 213, "reason": "Individual short position 18.91% exceeds limit 5%", "strategy": "combined"}, "ts": "2026-06-21T16:06:31.913975+00:00", "session_id": "d5ca3630", "level": "WARNING"}
{"event": "order", "order_id": "1956dd4c-19a", "symbol": "TSLA", "side": "buy", "qty": 5, "price": 0.0, "status": "submitted", "metadata": {"order_type": "market", "strategy": "combined"}, "ts": "2026-06-21T16:06:31.916461+00:00", "session_id": "d5ca3630", "level": "INFO"}
  [bar 291] 2024-01-24 05:00:00+00:00 | 7 signals | equity=103,277 | regime=SIDEWAYS
{"event": "fill", "order_id": "dc52b220-940", "fill_price": 157.06001857905648, "fill_qty": 28, "slippage_bps": 7.01, "metadata": {"symbol": "AMZN", "side": "buy", "commission": 0.14, "strategy": "combined"}, "ts": "2026-06-21T16:06:31.920018+00:00", "session_id": "d5ca3630", "level": "INFO"}
{"event": "fill", "order_id": "1956dd4c-19a", "fill_price": 189.83291194594827, "fill_qty": 5, "slippage_bps": 7.0066, "metadata": {"symbol": "TSLA", "side": "buy", "commission": 0.025, "strategy": "combined"}, "ts": "2026-06-21T16:06:31.922550+00:00", "session_id": "d5ca3630", "level": "INFO"}
StatArbStrategy.generate_signals: no pairs loaded. Call find_pairs() first.
{"event": "signal", "strategy": "momentum", "symbol": "MSFT", "direction": "BUY", "strength": 0.566892, "metadata": {"rank": 0.9333333333333333, "sector": "Technology", "fallback": true}, "ts": "2026-06-21T16:06:32.208133+00:00", "session_id": "d5ca3630", "level": "INFO"}
{"event": "signal", "strategy": "momentum", "symbol": "NVDA", "direction": "BUY", "strength": 0.331571, "metadata": {"rank": 1.0, "sector": "Technology", "fallback": true}, "ts": "2026-06-21T16:06:32.208438+00:00", "session_id": "d5ca3630", "level": "INFO"}
{"event": "signal", "strategy": "momentum", "symbol": "JNJ", "direction": "SELL", "strength": 0.655385, "metadata": {"rank": 0.13333333333333333, "sector": "Healthcare", "fallback": true}, "ts": "2026-06-21T16:06:32.208909+00:00", "session_id": "d5ca3630", "level": "INFO"}
{"event": "signal", "strategy": "momentum", "symbol": "AMZN", "direction": "BUY", "strength": 0.414776, "metadata": {"rank": 0.8666666666666667, "sector": "Consumer Discretionary", "fallback": true}, "ts": "2026-06-21T16:06:32.209680+00:00", "session_id": "d5ca3630", "level": "INFO"}
{"event": "signal", "strategy": "momentum", "symbol": "XOM", "direction": "SELL", "strength": 0.410779, "metadata": {"rank": 0.2, "sector": "Energy", "fallback": true}, "ts": "2026-06-21T16:06:32.210160+00:00", "session_id": "d5ca3630", "level": "INFO"}
{"event": "signal", "strategy": "momentum", "symbol": "GOOGL", "direction": "BUY", "strength": 0.388111, "metadata": {"rank": 0.8, "sector": "Communication Services", "fallback": true}, "ts": "2026-06-21T16:06:32.211070+00:00", "session_id": "d5ca3630", "level": "INFO"}
MeanReversion: no volume data supplied — volume filter bypassed
{"event": "signal", "strategy": "mean_reversion", "symbol": "MSFT", "direction": "SELL", "strength": 1.0, "metadata": {"z": 2.2962, "rsi": 92.71, "rv": 0.1293}, "ts": "2026-06-21T16:06:32.228366+00:00", "session_id": "d5ca3630", "level": "INFO"}
{"event": "signal", "strategy": "mean_reversion", "symbol": "NVDA", "direction": "SELL", "strength": 1.0, "metadata": {"z": 2.6157, "rsi": 96.96, "rv": 0.313}, "ts": "2026-06-21T16:06:32.230159+00:00", "session_id": "d5ca3630", "level": "INFO"}
{"event": "signal", "strategy": "mean_reversion", "symbol": "UNH", "direction": "BUY", "strength": 1.0, "metadata": {"z": -3.2566, "rsi": 22.71, "rv": 0.2568}, "ts": "2026-06-21T16:06:32.233550+00:00", "session_id": "d5ca3630", "level": "INFO"}
{"event": "signal", "strategy": "mean_reversion", "symbol": "AMZN", "direction": "SELL", "strength": 0.614799, "metadata": {"z": 1.7355, "rsi": 81.03, "rv": 0.1964}, "ts": "2026-06-21T16:06:32.238436+00:00", "session_id": "d5ca3630", "level": "INFO"}
{"event": "signal", "strategy": "mean_reversion", "symbol": "TSLA", "direction": "BUY", "strength": 1.0, "metadata": {"z": -2.9476, "rsi": 7.17, "rv": 0.4928}, "ts": "2026-06-21T16:06:32.240227+00:00", "session_id": "d5ca3630", "level": "INFO"}
{"event": "signal", "strategy": "mean_reversion", "symbol": "PG", "direction": "SELL", "strength": 1.0, "metadata": {"z": 2.599, "rsi": 71.32, "rv": 0.1879}, "ts": "2026-06-21T16:06:32.245098+00:00", "session_id": "d5ca3630", "level": "INFO"}
{"event": "signal", "strategy": "mean_reversion", "symbol": "GOOGL", "direction": "SELL", "strength": 1.0, "metadata": {"z": 2.6544, "rsi": 88.05, "rv": 0.1811}, "ts": "2026-06-21T16:06:32.246925+00:00", "session_id": "d5ca3630", "level": "INFO"}
{"event": "info", "message": "SignalGenerator: 13 raw \u2192 9 combined signals", "metadata": {"regime": "BEAR", "n_strategies": 4, "allocations": {"stat_arb": 0.25, "momentum": 0.15, "factor_model": 0.25, "mean_reversion": 0.3}}, "ts": "2026-06-21T16:06:32.250400+00:00", "session_id": "d5ca3630", "level": "INFO"}
{"event": "risk_event", "event_type": "trade_rejected", "details": {"symbol": "JNJ", "side": "sell", "qty": 138, "reason": "Individual short position 19.88% exceeds limit 5%", "strategy": "combined"}, "ts": "2026-06-21T16:06:32.274031+00:00", "session_id": "d5ca3630", "level": "WARNING"}
{"event": "risk_event", "event_type": "trade_rejected", "details": {"symbol": "XOM", "side": "sell", "qty": 143, "reason": "Individual short position 13.04% exceeds limit 5%", "strategy": "combined"}, "ts": "2026-06-21T16:06:32.277381+00:00", "session_id": "d5ca3630", "level": "WARNING"}
{"event": "risk_event", "event_type": "trade_rejected", "details": {"symbol": "GOOGL", "side": "sell", "qty": 87, "reason": "Individual short position 12.71% exceeds limit 5%", "strategy": "combined"}, "ts": "2026-06-21T16:06:32.280567+00:00", "session_id": "d5ca3630", "level": "WARNING"}
{"event": "order", "order_id": "c5082062-687", "symbol": "UNH", "side": "buy", "qty": 38, "price": 0.0, "status": "submitted", "metadata": {"order_type": "market", "strategy": "combined"}, "ts": "2026-06-21T16:06:32.283753+00:00", "session_id": "d5ca3630", "level": "INFO"}
{"event": "risk_event", "event_type": "trade_rejected", "details": {"symbol": "PG", "side": "sell", "qty": 140, "reason": "Individual short position 19.93% exceeds limit 5%", "strategy": "combined"}, "ts": "2026-06-21T16:06:32.287103+00:00", "session_id": "d5ca3630", "level": "WARNING"}
  [bar 292] 2024-01-25 05:00:00+00:00 | 9 signals | equity=103,041 | regime=BEAR
{"event": "fill", "order_id": "c5082062-687", "fill_price": 468.00470086060574, "fill_qty": 38, "slippage_bps": 7.05, "metadata": {"symbol": "UNH", "side": "buy", "commission": 0.19, "strategy": "combined"}, "ts": "2026-06-21T16:06:32.292996+00:00", "session_id": "d5ca3630", "level": "INFO"}
StatArbStrategy.generate_signals: no pairs loaded. Call find_pairs() first.
{"event": "signal", "strategy": "momentum", "symbol": "MSFT", "direction": "BUY", "strength": 1.0, "metadata": {"rank": 0.9333333333333333, "sector": "Technology", "fallback": true}, "ts": "2026-06-21T16:06:32.557753+00:00", "session_id": "d5ca3630", "level": "INFO"}
{"event": "signal", "strategy": "momentum", "symbol": "NVDA", "direction": "BUY", "strength": 0.660383, "metadata": {"rank": 1.0, "sector": "Technology", "fallback": true}, "ts": "2026-06-21T16:06:32.558065+00:00", "session_id": "d5ca3630", "level": "INFO"}
{"event": "signal", "strategy": "momentum", "symbol": "JNJ", "direction": "SELL", "strength": 1.0, "metadata": {"rank": 0.2, "sector": "Healthcare", "fallback": true}, "ts": "2026-06-21T16:06:32.558672+00:00", "session_id": "d5ca3630", "level": "INFO"}
{"event": "signal", "strategy": "momentum", "symbol": "AMZN", "direction": "BUY", "strength": 0.882463, "metadata": {"rank": 0.8666666666666667, "sector": "Consumer Discretionary", "fallback": true}, "ts": "2026-06-21T16:06:32.559772+00:00", "session_id": "d5ca3630", "level": "INFO"}
{"event": "signal", "strategy": "momentum", "symbol": "XOM", "direction": "SELL", "strength": 0.886732, "metadata": {"rank": 0.13333333333333333, "sector": "Energy", "fallback": true}, "ts": "2026-06-21T16:06:32.560432+00:00", "session_id": "d5ca3630", "level": "INFO"}
{"event": "signal", "strategy": "momentum", "symbol": "GOOGL", "direction": "BUY", "strength": 0.785173, "metadata": {"rank": 0.8, "sector": "Communication Services", "fallback": true}, "ts": "2026-06-21T16:06:32.561795+00:00", "session_id": "d5ca3630", "level": "INFO"}
MeanReversion: no volume data supplied — volume filter bypassed
{"event": "signal", "strategy": "mean_reversion", "symbol": "MSFT", "direction": "SELL", "strength": 1.0, "metadata": {"z": 2.1971, "rsi": 91.13, "rv": 0.1297}, "ts": "2026-06-21T16:06:32.589828+00:00", "session_id": "d5ca3630", "level": "INFO"}
{"event": "signal", "strategy": "mean_reversion", "symbol": "NVDA", "direction": "SELL", "strength": 1.0, "metadata": {"z": 2.3662, "rsi": 92.66, "rv": 0.3204}, "ts": "2026-06-21T16:06:32.592718+00:00", "session_id": "d5ca3630", "level": "INFO"}
{"event": "signal", "strategy": "mean_reversion", "symbol": "AMZN", "direction": "SELL", "strength": 0.795486, "metadata": {"z": 1.9529, "rsi": 81.63, "rv": 0.1979}, "ts": "2026-06-21T16:06:32.603830+00:00", "session_id": "d5ca3630", "level": "INFO"}
{"event": "signal", "strategy": "mean_reversion", "symbol": "TSLA", "direction": "BUY", "strength": 1.0, "metadata": {"z": -2.8001, "rsi": 8.11, "rv": 0.481}, "ts": "2026-06-21T16:06:32.606290+00:00", "session_id": "d5ca3630", "level": "INFO"}
{"event": "signal", "strategy": "mean_reversion", "symbol": "PG", "direction": "SELL", "strength": 1.0, "metadata": {"z": 2.5764, "rsi": 77.04, "rv": 0.1876}, "ts": "2026-06-21T16:06:32.611885+00:00", "session_id": "d5ca3630", "level": "INFO"}
{"event": "signal", "strategy": "mean_reversion", "symbol": "GOOGL", "direction": "SELL", "strength": 1.0, "metadata": {"z": 2.5707, "rsi": 91.15, "rv": 0.1759}, "ts": "2026-06-21T16:06:32.613702+00:00", "session_id": "d5ca3630", "level": "INFO"}
{"event": "info", "message": "SignalGenerator: 12 raw \u2192 8 combined signals", "metadata": {"regime": "SIDEWAYS", "n_strategies": 4, "allocations": {"stat_arb": 0.25, "momentum": 0.3, "factor_model": 0.25, "mean_reversion": 0.18}}, "ts": "2026-06-21T16:06:32.617160+00:00", "session_id": "d5ca3630", "level": "INFO"}
{"event": "risk_event", "event_type": "trade_rejected", "details": {"symbol": "JNJ", "side": "sell", "qty": 138, "reason": "Individual short position 19.92% exceeds limit 5%", "strategy": "combined"}, "ts": "2026-06-21T16:06:32.635486+00:00", "session_id": "d5ca3630", "level": "WARNING"}
{"event": "risk_event", "event_type": "trade_rejected", "details": {"symbol": "XOM", "side": "sell", "qty": 150, "reason": "Individual short position 13.84% exceeds limit 5%", "strategy": "combined"}, "ts": "2026-06-21T16:06:32.640413+00:00", "session_id": "d5ca3630", "level": "WARNING"}
{"event": "risk_event", "event_type": "trade_rejected", "details": {"symbol": "PG", "side": "sell", "qty": 139, "reason": "Individual short position 19.91% exceeds limit 5%", "strategy": "combined"}, "ts": "2026-06-21T16:06:32.644343+00:00", "session_id": "d5ca3630", "level": "WARNING"}
  [bar 293] 2024-01-26 05:00:00+00:00 | 8 signals | equity=102,774 | regime=SIDEWAYS
Model is not converging.  Current: 1597.6792940891119 is not greater than 1597.7144614676847. Delta is -0.035167378572850794
StatArbStrategy.generate_signals: no pairs loaded. Call find_pairs() first.
{"event": "signal", "strategy": "momentum", "symbol": "MSFT", "direction": "BUY", "strength": 1.0, "metadata": {"rank": 0.9333333333333333, "sector": "Technology", "fallback": true}, "ts": "2026-06-21T16:06:32.904923+00:00", "session_id": "d5ca3630", "level": "INFO"}
{"event": "signal", "strategy": "momentum", "symbol": "NVDA", "direction": "BUY", "strength": 0.660258, "metadata": {"rank": 1.0, "sector": "Technology", "fallback": true}, "ts": "2026-06-21T16:06:32.905217+00:00", "session_id": "d5ca3630", "level": "INFO"}
{"event": "signal", "strategy": "momentum", "symbol": "JNJ", "direction": "SELL", "strength": 1.0, "metadata": {"rank": 0.2, "sector": "Healthcare", "fallback": true}, "ts": "2026-06-21T16:06:32.905713+00:00", "session_id": "d5ca3630", "level": "INFO"}
{"event": "signal", "strategy": "momentum", "symbol": "JPM", "direction": "BUY", "strength": 1.0, "metadata": {"rank": 0.8, "sector": "Financials", "fallback": true}, "ts": "2026-06-21T16:06:32.906200+00:00", "session_id": "d5ca3630", "level": "INFO"}
{"event": "signal", "strategy": "momentum", "symbol": "AMZN", "direction": "BUY", "strength": 0.877381, "metadata": {"rank": 0.8666666666666667, "sector": "Consumer Discretionary", "fallback": true}, "ts": "2026-06-21T16:06:32.906742+00:00", "session_id": "d5ca3630", "level": "INFO"}
{"event": "signal", "strategy": "momentum", "symbol": "XOM", "direction": "SELL", "strength": 0.886612, "metadata": {"rank": 0.13333333333333333, "sector": "Energy", "fallback": true}, "ts": "2026-06-21T16:06:32.907216+00:00", "session_id": "d5ca3630", "level": "INFO"}
MeanReversion: no volume data supplied — volume filter bypassed
{"event": "signal", "strategy": "mean_reversion", "symbol": "MSFT", "direction": "SELL", "strength": 1.0, "metadata": {"z": 2.5715, "rsi": 90.89, "rv": 0.1348}, "ts": "2026-06-21T16:06:32.925362+00:00", "session_id": "d5ca3630", "level": "INFO"}
{"event": "signal", "strategy": "mean_reversion", "symbol": "NVDA", "direction": "SELL", "strength": 1.0, "metadata": {"z": 2.531, "rsi": 91.63, "rv": 0.3218}, "ts": "2026-06-21T16:06:32.927206+00:00", "session_id": "d5ca3630", "level": "INFO"}
{"event": "signal", "strategy": "mean_reversion", "symbol": "AMZN", "direction": "SELL", "strength": 1.0, "metadata": {"z": 2.297, "rsi": 80.07, "rv": 0.2019}, "ts": "2026-06-21T16:06:32.935217+00:00", "session_id": "d5ca3630", "level": "INFO"}
{"event": "signal", "strategy": "mean_reversion", "symbol": "TSLA", "direction": "BUY", "strength": 0.858586, "metadata": {"z": -2.3055, "rsi": 14.35, "rv": 0.5206}, "ts": "2026-06-21T16:06:32.937014+00:00", "session_id": "d5ca3630", "level": "INFO"}
{"event": "signal", "strategy": "mean_reversion", "symbol": "PG", "direction": "SELL", "strength": 1.0, "metadata": {"z": 2.4135, "rsi": 75.32, "rv": 0.1868}, "ts": "2026-06-21T16:06:32.941916+00:00", "session_id": "d5ca3630", "level": "INFO"}
{"event": "signal", "strategy": "mean_reversion", "symbol": "GOOGL", "direction": "SELL", "strength": 1.0, "metadata": {"z": 2.6481, "rsi": 90.28, "rv": 0.1756}, "ts": "2026-06-21T16:06:32.943723+00:00", "session_id": "d5ca3630", "level": "INFO"}
{"event": "info", "message": "SignalGenerator: 12 raw \u2192 9 combined signals", "metadata": {"regime": "SIDEWAYS", "n_strategies": 4, "allocations": {"stat_arb": 0.25, "momentum": 0.3, "factor_model": 0.25, "mean_reversion": 0.18}}, "ts": "2026-06-21T16:06:32.947159+00:00", "session_id": "d5ca3630", "level": "INFO"}
{"event": "risk_event", "event_type": "trade_rejected", "details": {"symbol": "JNJ", "side": "sell", "qty": 139, "reason": "Individual short position 19.87% exceeds limit 5%", "strategy": "combined"}, "ts": "2026-06-21T16:06:32.971092+00:00", "session_id": "d5ca3630", "level": "WARNING"}
{"event": "order", "order_id": "ecf49add-f8c", "symbol": "JPM", "side": "buy", "qty": 125, "price": 0.0, "status": "submitted", "metadata": {"order_type": "market", "strategy": "combined"}, "ts": "2026-06-21T16:06:32.975313+00:00", "session_id": "d5ca3630", "level": "INFO"}
{"event": "risk_event", "event_type": "trade_rejected", "details": {"symbol": "XOM", "side": "sell", "qty": 141, "reason": "Individual short position 12.91% exceeds limit 5%", "strategy": "combined"}, "ts": "2026-06-21T16:06:32.979279+00:00", "session_id": "d5ca3630", "level": "WARNING"}
{"event": "risk_event", "event_type": "trade_rejected", "details": {"symbol": "PG", "side": "sell", "qty": 140, "reason": "Individual short position 19.88% exceeds limit 5%", "strategy": "combined"}, "ts": "2026-06-21T16:06:32.983202+00:00", "session_id": "d5ca3630", "level": "WARNING"}
  [bar 294] 2024-01-29 05:00:00+00:00 | 9 signals | equity=103,691 | regime=SIDEWAYS
{"event": "fill", "order_id": "ecf49add-f8c", "fill_price": 164.84513746803808, "fill_qty": 125, "slippage_bps": 7.0289, "metadata": {"symbol": "JPM", "side": "buy", "commission": 0.625, "strategy": "combined"}, "ts": "2026-06-21T16:06:32.987554+00:00", "session_id": "d5ca3630", "level": "INFO"}
StatArbStrategy.generate_signals: no pairs loaded. Call find_pairs() first.
{"event": "signal", "strategy": "momentum", "symbol": "MSFT", "direction": "BUY", "strength": 0.59541, "metadata": {"rank": 0.9333333333333333, "sector": "Technology", "fallback": true}, "ts": "2026-06-21T16:06:33.216799+00:00", "session_id": "d5ca3630", "level": "INFO"}
{"event": "signal", "strategy": "momentum", "symbol": "NVDA", "direction": "BUY", "strength": 0.337411, "metadata": {"rank": 1.0, "sector": "Technology", "fallback": true}, "ts": "2026-06-21T16:06:33.217074+00:00", "session_id": "d5ca3630", "level": "INFO"}
{"event": "signal", "strategy": "momentum", "symbol": "JNJ", "direction": "SELL", "strength": 0.611746, "metadata": {"rank": 0.2, "sector": "Healthcare", "fallback": true}, "ts": "2026-06-21T16:06:33.217575+00:00", "session_id": "d5ca3630", "level": "INFO"}
{"event": "signal", "strategy": "momentum", "symbol": "AMZN", "direction": "BUY", "strength": 0.448478, "metadata": {"rank": 0.8666666666666667, "sector": "Consumer Discretionary", "fallback": true}, "ts": "2026-06-21T16:06:33.218390+00:00", "session_id": "d5ca3630", "level": "INFO"}
{"event": "signal", "strategy": "momentum", "symbol": "XOM", "direction": "SELL", "strength": 0.436662, "metadata": {"rank": 0.13333333333333333, "sector": "Energy", "fallback": true}, "ts": "2026-06-21T16:06:33.218905+00:00", "session_id": "d5ca3630", "level": "INFO"}
{"event": "signal", "strategy": "momentum", "symbol": "GOOGL", "direction": "BUY", "strength": 0.392194, "metadata": {"rank": 0.8, "sector": "Communication Services", "fallback": true}, "ts": "2026-06-21T16:06:33.219821+00:00", "session_id": "d5ca3630", "level": "INFO"}
MeanReversion: no volume data supplied — volume filter bypassed
{"event": "signal", "strategy": "mean_reversion", "symbol": "MSFT", "direction": "SELL", "strength": 1.0, "metadata": {"z": 2.3969, "rsi": 88.26, "rv": 0.137}, "ts": "2026-06-21T16:06:33.237349+00:00", "session_id": "d5ca3630", "level": "INFO"}
{"event": "signal", "strategy": "mean_reversion", "symbol": "NVDA", "direction": "SELL", "strength": 1.0, "metadata": {"z": 2.4487, "rsi": 91.21, "rv": 0.3199}, "ts": "2026-06-21T16:06:33.239167+00:00", "session_id": "d5ca3630", "level": "INFO"}
{"event": "signal", "strategy": "mean_reversion", "symbol": "TSLA", "direction": "BUY", "strength": 0.788105, "metadata": {"z": -2.201, "rsi": 16.45, "rv": 0.5239}, "ts": "2026-06-21T16:06:33.248740+00:00", "session_id": "d5ca3630", "level": "INFO"}
{"event": "signal", "strategy": "mean_reversion", "symbol": "PG", "direction": "SELL", "strength": 1.0, "metadata": {"z": 2.6194, "rsi": 76.36, "rv": 0.1875}, "ts": "2026-06-21T16:06:33.254651+00:00", "session_id": "d5ca3630", "level": "INFO"}
{"event": "signal", "strategy": "mean_reversion", "symbol": "GOOGL", "direction": "SELL", "strength": 1.0, "metadata": {"z": 2.209, "rsi": 78.95, "rv": 0.1847}, "ts": "2026-06-21T16:06:33.257098+00:00", "session_id": "d5ca3630", "level": "INFO"}
{"event": "info", "message": "SignalGenerator: 11 raw \u2192 7 combined signals", "metadata": {"regime": "BEAR", "n_strategies": 4, "allocations": {"stat_arb": 0.25, "momentum": 0.15, "factor_model": 0.25, "mean_reversion": 0.3}}, "ts": "2026-06-21T16:06:33.261865+00:00", "session_id": "d5ca3630", "level": "INFO"}
{"event": "risk_event", "event_type": "trade_rejected", "details": {"symbol": "JNJ", "side": "sell", "qty": 139, "reason": "Individual short position 19.91% exceeds limit 5%", "strategy": "combined"}, "ts": "2026-06-21T16:06:33.281903+00:00", "session_id": "d5ca3630", "level": "WARNING"}
{"event": "risk_event", "event_type": "trade_rejected", "details": {"symbol": "XOM", "side": "sell", "qty": 120, "reason": "Individual short position 11.23% exceeds limit 5%", "strategy": "combined"}, "ts": "2026-06-21T16:06:33.286633+00:00", "session_id": "d5ca3630", "level": "WARNING"}
{"event": "risk_event", "event_type": "trade_rejected", "details": {"symbol": "GOOGL", "side": "sell", "qty": 84, "reason": "Individual short position 12.23% exceeds limit 5%", "strategy": "combined"}, "ts": "2026-06-21T16:06:33.291221+00:00", "session_id": "d5ca3630", "level": "WARNING"}
ExecutionManager: net exposure limit reached (90.8% vs ±80%) — skipping TSLA buy
{"event": "risk_event", "event_type": "trade_rejected", "details": {"symbol": "PG", "side": "sell", "qty": 138, "reason": "Individual short position 19.88% exceeds limit 5%", "strategy": "combined"}, "ts": "2026-06-21T16:06:33.296106+00:00", "session_id": "d5ca3630", "level": "WARNING"}
  [bar 295] 2024-01-30 05:00:00+00:00 | 7 signals | equity=103,083 | regime=BEAR
StatArbStrategy.generate_signals: no pairs loaded. Call find_pairs() first.
{"event": "signal", "strategy": "momentum", "symbol": "MSFT", "direction": "BUY", "strength": 1.0, "metadata": {"rank": 0.9333333333333333, "sector": "Technology", "fallback": true}, "ts": "2026-06-21T16:06:33.532610+00:00", "session_id": "d5ca3630", "level": "INFO"}
{"event": "signal", "strategy": "momentum", "symbol": "NVDA", "direction": "BUY", "strength": 0.671034, "metadata": {"rank": 1.0, "sector": "Technology", "fallback": true}, "ts": "2026-06-21T16:06:33.532883+00:00", "session_id": "d5ca3630", "level": "INFO"}
{"event": "signal", "strategy": "momentum", "symbol": "JNJ", "direction": "SELL", "strength": 1.0, "metadata": {"rank": 0.2, "sector": "Healthcare", "fallback": true}, "ts": "2026-06-21T16:06:33.533407+00:00", "session_id": "d5ca3630", "level": "INFO"}
{"event": "signal", "strategy": "momentum", "symbol": "JPM", "direction": "BUY", "strength": 1.0, "metadata": {"rank": 0.8, "sector": "Financials", "fallback": true}, "ts": "2026-06-21T16:06:33.533913+00:00", "session_id": "d5ca3630", "level": "INFO"}
{"event": "signal", "strategy": "momentum", "symbol": "AMZN", "direction": "BUY", "strength": 0.864618, "metadata": {"rank": 0.8666666666666667, "sector": "Consumer Discretionary", "fallback": true}, "ts": "2026-06-21T16:06:33.534451+00:00", "session_id": "d5ca3630", "level": "INFO"}
{"event": "signal", "strategy": "momentum", "symbol": "XOM", "direction": "SELL", "strength": 0.90852, "metadata": {"rank": 0.13333333333333333, "sector": "Energy", "fallback": true}, "ts": "2026-06-21T16:06:33.534939+00:00", "session_id": "d5ca3630", "level": "INFO"}
{"event": "signal", "strategy": "factor_model", "symbol": "JPM", "direction": "BUY", "strength": 0.311085, "metadata": {"composite_score": 0.9332563027938049}, "ts": "2026-06-21T16:06:33.549422+00:00", "session_id": "d5ca3630", "level": "INFO"}
{"event": "signal", "strategy": "factor_model", "symbol": "NVDA", "direction": "BUY", "strength": 0.34613, "metadata": {"composite_score": 1.0383895737258915}, "ts": "2026-06-21T16:06:33.549728+00:00", "session_id": "d5ca3630", "level": "INFO"}
{"event": "signal", "strategy": "factor_model", "symbol": "TSLA", "direction": "SELL", "strength": 0.50906, "metadata": {"composite_score": -1.5271801392372961}, "ts": "2026-06-21T16:06:33.549955+00:00", "session_id": "d5ca3630", "level": "INFO"}
MeanReversion: no volume data supplied — volume filter bypassed
{"event": "signal", "strategy": "mean_reversion", "symbol": "NVDA", "direction": "SELL", "strength": 0.834834, "metadata": {"z": 2.0922, "rsi": 80.61, "rv": 0.3082}, "ts": "2026-06-21T16:06:33.557509+00:00", "session_id": "d5ca3630", "level": "INFO"}
{"event": "signal", "strategy": "mean_reversion", "symbol": "TSLA", "direction": "BUY", "strength": 0.857405, "metadata": {"z": -2.3056, "rsi": 15.65, "rv": 0.5227}, "ts": "2026-06-21T16:06:33.572567+00:00", "session_id": "d5ca3630", "level": "INFO"}
{"event": "signal", "strategy": "mean_reversion", "symbol": "PG", "direction": "SELL", "strength": 1.0, "metadata": {"z": 2.3649, "rsi": 73.9, "rv": 0.184}, "ts": "2026-06-21T16:06:33.579621+00:00", "session_id": "d5ca3630", "level": "INFO"}
{"event": "signal", "strategy": "mean_reversion", "symbol": "GOOGL", "direction": "CLOSE", "strength": 1.0, "metadata": {"z": 0.349, "action": "mean_reversion_exit"}, "ts": "2026-06-21T16:06:33.582029+00:00", "session_id": "d5ca3630", "level": "INFO"}
{"event": "info", "message": "SignalGenerator: 13 raw \u2192 9 combined signals", "metadata": {"regime": "SIDEWAYS", "n_strategies": 4, "allocations": {"stat_arb": 0.25, "momentum": 0.3, "factor_model": 0.25, "mean_reversion": 0.18}}, "ts": "2026-06-21T16:06:33.586718+00:00", "session_id": "d5ca3630", "level": "INFO"}
ExecutionManager: net exposure limit reached (90.8% vs ±80%) — skipping MSFT buy
ExecutionManager: net exposure limit reached (90.8% vs ±80%) — skipping NVDA buy
{"event": "risk_event", "event_type": "trade_rejected", "details": {"symbol": "JNJ", "side": "sell", "qty": 138, "reason": "Individual short position 19.95% exceeds limit 5%", "strategy": "combined"}, "ts": "2026-06-21T16:06:33.607774+00:00", "session_id": "d5ca3630", "level": "WARNING"}
ExecutionManager: net exposure limit reached (90.8% vs ±80%) — skipping JPM buy
ExecutionManager: net exposure limit reached (90.8% vs ±80%) — skipping AMZN buy
{"event": "risk_event", "event_type": "trade_rejected", "details": {"symbol": "XOM", "side": "sell", "qty": 142, "reason": "Individual short position 13.14% exceeds limit 5%", "strategy": "combined"}, "ts": "2026-06-21T16:06:33.612546+00:00", "session_id": "d5ca3630", "level": "WARNING"}
{"event": "order", "order_id": "a6757689-cf6", "symbol": "TSLA", "side": "sell", "qty": 23, "price": 0.0, "status": "submitted", "metadata": {"order_type": "market", "strategy": "combined"}, "ts": "2026-06-21T16:06:33.612733+00:00", "session_id": "d5ca3630", "level": "INFO"}
{"event": "risk_event", "event_type": "trade_rejected", "details": {"symbol": "PG", "side": "sell", "qty": 138, "reason": "Individual short position 19.99% exceeds limit 5%", "strategy": "combined"}, "ts": "2026-06-21T16:06:33.617361+00:00", "session_id": "d5ca3630", "level": "WARNING"}
  [bar 296] 2024-01-31 05:00:00+00:00 | 9 signals | equity=102,267 | regime=SIDEWAYS
{"event": "fill", "order_id": "a6757689-cf6", "fill_price": 188.3677691722828, "fill_qty": 23, "slippage_bps": 7.0149, "metadata": {"symbol": "TSLA", "side": "sell", "commission": 0.115, "strategy": "combined"}, "ts": "2026-06-21T16:06:33.622918+00:00", "session_id": "d5ca3630", "level": "INFO"}
StatArbStrategy.generate_signals: no pairs loaded. Call find_pairs() first.
{"event": "signal", "strategy": "momentum", "symbol": "MSFT", "direction": "BUY", "strength": 0.552081, "metadata": {"rank": 0.9333333333333333, "sector": "Technology", "fallback": true}, "ts": "2026-06-21T16:06:33.851212+00:00", "session_id": "d5ca3630", "level": "INFO"}
{"event": "signal", "strategy": "momentum", "symbol": "NVDA", "direction": "BUY", "strength": 0.339255, "metadata": {"rank": 1.0, "sector": "Technology", "fallback": true}, "ts": "2026-06-21T16:06:33.851527+00:00", "session_id": "d5ca3630", "level": "INFO"}
{"event": "signal", "strategy": "momentum", "symbol": "JNJ", "direction": "SELL", "strength": 0.619982, "metadata": {"rank": 0.2, "sector": "Healthcare", "fallback": true}, "ts": "2026-06-21T16:06:33.852080+00:00", "session_id": "d5ca3630", "level": "INFO"}
{"event": "signal", "strategy": "momentum", "symbol": "JPM", "direction": "BUY", "strength": 0.724492, "metadata": {"rank": 0.8666666666666667, "sector": "Financials", "fallback": true}, "ts": "2026-06-21T16:06:33.852684+00:00", "session_id": "d5ca3630", "level": "INFO"}
{"event": "signal", "strategy": "momentum", "symbol": "AMZN", "direction": "BUY", "strength": 0.387601, "metadata": {"rank": 0.8, "sector": "Consumer Discretionary", "fallback": true}, "ts": "2026-06-21T16:06:33.853288+00:00", "session_id": "d5ca3630", "level": "INFO"}
{"event": "signal", "strategy": "momentum", "symbol": "XOM", "direction": "SELL", "strength": 0.457521, "metadata": {"rank": 0.13333333333333333, "sector": "Energy", "fallback": true}, "ts": "2026-06-21T16:06:33.853862+00:00", "session_id": "d5ca3630", "level": "INFO"}
MeanReversion: no volume data supplied — volume filter bypassed
{"event": "signal", "strategy": "mean_reversion", "symbol": "NVDA", "direction": "SELL", "strength": 0.965179, "metadata": {"z": 2.2513, "rsi": 82.17, "rv": 0.2964}, "ts": "2026-06-21T16:06:33.878391+00:00", "session_id": "d5ca3630", "level": "INFO"}
{"event": "signal", "strategy": "mean_reversion", "symbol": "TSLA", "direction": "BUY", "strength": 0.734983, "metadata": {"z": -2.116, "rsi": 19.44, "rv": 0.5184}, "ts": "2026-06-21T16:06:33.888051+00:00", "session_id": "d5ca3630", "level": "INFO"}
{"event": "signal", "strategy": "mean_reversion", "symbol": "PG", "direction": "SELL", "strength": 1.0, "metadata": {"z": 2.7083, "rsi": 75.98, "rv": 0.1838}, "ts": "2026-06-21T16:06:33.893033+00:00", "session_id": "d5ca3630", "level": "INFO"}
{"event": "info", "message": "SignalGenerator: 9 raw \u2192 6 combined signals", "metadata": {"regime": "BEAR", "n_strategies": 4, "allocations": {"stat_arb": 0.25, "momentum": 0.15, "factor_model": 0.25, "mean_reversion": 0.3}}, "ts": "2026-06-21T16:06:33.898261+00:00", "session_id": "d5ca3630", "level": "INFO"}
{"event": "risk_event", "event_type": "trade_rejected", "details": {"symbol": "JNJ", "side": "sell", "qty": 139, "reason": "Individual short position 19.90% exceeds limit 5%", "strategy": "combined"}, "ts": "2026-06-21T16:06:33.914205+00:00", "session_id": "d5ca3630", "level": "WARNING"}
ExecutionManager: net exposure limit reached (86.6% vs ±80%) — skipping JPM buy
ExecutionManager: net exposure limit reached (86.6% vs ±80%) — skipping TSLA buy
{"event": "risk_event", "event_type": "trade_rejected", "details": {"symbol": "PG", "side": "sell", "qty": 137, "reason": "Individual short position 19.99% exceeds limit 5%", "strategy": "combined"}, "ts": "2026-06-21T16:06:33.918418+00:00", "session_id": "d5ca3630", "level": "WARNING"}
  [bar 297] 2024-02-01 05:00:00+00:00 | 6 signals | equity=102,873 | regime=BEAR
StatArbStrategy.generate_signals: no pairs loaded. Call find_pairs() first.
{"event": "signal", "strategy": "momentum", "symbol": "MSFT", "direction": "BUY", "strength": 1.0, "metadata": {"rank": 0.9333333333333333, "sector": "Technology", "fallback": true}, "ts": "2026-06-21T16:06:34.149986+00:00", "session_id": "d5ca3630", "level": "INFO"}
{"event": "signal", "strategy": "momentum", "symbol": "NVDA", "direction": "BUY", "strength": 0.651733, "metadata": {"rank": 1.0, "sector": "Technology", "fallback": true}, "ts": "2026-06-21T16:06:34.150281+00:00", "session_id": "d5ca3630", "level": "INFO"}
{"event": "signal", "strategy": "momentum", "symbol": "JNJ", "direction": "SELL", "strength": 1.0, "metadata": {"rank": 0.2, "sector": "Healthcare", "fallback": true}, "ts": "2026-06-21T16:06:34.150773+00:00", "session_id": "d5ca3630", "level": "INFO"}
{"event": "signal", "strategy": "momentum", "symbol": "JPM", "direction": "BUY", "strength": 1.0, "metadata": {"rank": 0.8666666666666667, "sector": "Financials", "fallback": true}, "ts": "2026-06-21T16:06:34.151366+00:00", "session_id": "d5ca3630", "level": "INFO"}
{"event": "signal", "strategy": "momentum", "symbol": "XOM", "direction": "SELL", "strength": 0.931061, "metadata": {"rank": 0.13333333333333333, "sector": "Energy", "fallback": true}, "ts": "2026-06-21T16:06:34.152315+00:00", "session_id": "d5ca3630", "level": "INFO"}
{"event": "signal", "strategy": "momentum", "symbol": "LIN", "direction": "BUY", "strength": 0.950872, "metadata": {"rank": 0.8, "sector": "Materials", "fallback": true}, "ts": "2026-06-21T16:06:34.153788+00:00", "session_id": "d5ca3630", "level": "INFO"}
MeanReversion: no volume data supplied — volume filter bypassed
{"event": "signal", "strategy": "mean_reversion", "symbol": "MSFT", "direction": "SELL", "strength": 1.0, "metadata": {"z": 2.3987, "rsi": 70.75, "rv": 0.1714}, "ts": "2026-06-21T16:06:34.175771+00:00", "session_id": "d5ca3630", "level": "INFO"}
{"event": "signal", "strategy": "mean_reversion", "symbol": "NVDA", "direction": "SELL", "strength": 1.0, "metadata": {"z": 2.6365, "rsi": 86.29, "rv": 0.3197}, "ts": "2026-06-21T16:06:34.177643+00:00", "session_id": "d5ca3630", "level": "INFO"}
{"event": "signal", "strategy": "mean_reversion", "symbol": "JNJ", "direction": "CLOSE", "strength": 1.0, "metadata": {"z": 0.1573, "action": "mean_reversion_exit"}, "ts": "2026-06-21T16:06:34.179491+00:00", "session_id": "d5ca3630", "level": "INFO"}
{"event": "signal", "strategy": "mean_reversion", "symbol": "AMZN", "direction": "CLOSE", "strength": 1.0, "metadata": {"z": 3.7146, "action": "hard_stop"}, "ts": "2026-06-21T16:06:34.185992+00:00", "session_id": "d5ca3630", "level": "INFO"}
{"event": "signal", "strategy": "mean_reversion", "symbol": "TSLA", "direction": "BUY", "strength": 0.700763, "metadata": {"z": -2.0636, "rsi": 22.03, "rv": 0.5178}, "ts": "2026-06-21T16:06:34.187849+00:00", "session_id": "d5ca3630", "level": "INFO"}
{"event": "signal", "strategy": "mean_reversion", "symbol": "CAT", "direction": "SELL", "strength": 0.671819, "metadata": {"z": 1.8296, "rsi": 71.31, "rv": 0.2348}, "ts": "2026-06-21T16:06:34.191406+00:00", "session_id": "d5ca3630", "level": "INFO"}
{"event": "signal", "strategy": "mean_reversion", "symbol": "PG", "direction": "SELL", "strength": 1.0, "metadata": {"z": 2.2753, "rsi": 71.63, "rv": 0.1877}, "ts": "2026-06-21T16:06:34.193222+00:00", "session_id": "d5ca3630", "level": "INFO"}
{"event": "info", "message": "SignalGenerator: 13 raw \u2192 10 combined signals", "metadata": {"regime": "SIDEWAYS", "n_strategies": 4, "allocations": {"stat_arb": 0.25, "momentum": 0.3, "factor_model": 0.25, "mean_reversion": 0.18}}, "ts": "2026-06-21T16:06:34.198234+00:00", "session_id": "d5ca3630", "level": "INFO"}
ExecutionManager: net exposure limit reached (86.8% vs ±80%) — skipping MSFT buy
ExecutionManager: net exposure limit reached (86.8% vs ±80%) — skipping JPM buy
{"event": "risk_event", "event_type": "trade_rejected", "details": {"symbol": "XOM", "side": "sell", "qty": 114, "reason": "Individual short position 10.28% exceeds limit 5%", "strategy": "combined"}, "ts": "2026-06-21T16:06:34.218744+00:00", "session_id": "d5ca3630", "level": "WARNING"}
ExecutionManager: net exposure limit reached (86.8% vs ±80%) — skipping LIN buy
{"event": "order", "order_id": "a569d1d9-f67", "symbol": "AMZN", "side": "sell", "qty": 59, "price": 0.0, "status": "submitted", "metadata": {"order_type": "market", "strategy": "combined"}, "ts": "2026-06-21T16:06:34.219002+00:00", "session_id": "d5ca3630", "level": "INFO"}
ExecutionManager: net exposure limit reached (86.8% vs ±80%) — skipping TSLA buy
{"event": "risk_event", "event_type": "trade_rejected", "details": {"symbol": "PG", "side": "sell", "qty": 139, "reason": "Individual short position 19.90% exceeds limit 5%", "strategy": "combined"}, "ts": "2026-06-21T16:06:34.223016+00:00", "session_id": "d5ca3630", "level": "WARNING"}
  [bar 298] 2024-02-02 05:00:00+00:00 | 10 signals | equity=104,113 | regime=SIDEWAYS
{"event": "fill", "order_id": "a569d1d9-f67", "fill_price": 170.0804759348212, "fill_qty": 59, "slippage_bps": 7.0224, "metadata": {"symbol": "AMZN", "side": "sell", "commission": 0.295, "strategy": "combined"}, "ts": "2026-06-21T16:06:34.226489+00:00", "session_id": "d5ca3630", "level": "INFO"}
StatArbStrategy.generate_signals: no pairs loaded. Call find_pairs() first.
{"event": "signal", "strategy": "momentum", "symbol": "MSFT", "direction": "BUY", "strength": 0.537907, "metadata": {"rank": 0.9333333333333333, "sector": "Technology", "fallback": true}, "ts": "2026-06-21T16:06:34.506325+00:00", "session_id": "d5ca3630", "level": "INFO"}
{"event": "signal", "strategy": "momentum", "symbol": "NVDA", "direction": "BUY", "strength": 0.314502, "metadata": {"rank": 1.0, "sector": "Technology", "fallback": true}, "ts": "2026-06-21T16:06:34.506652+00:00", "session_id": "d5ca3630", "level": "INFO"}
{"event": "signal", "strategy": "momentum", "symbol": "JNJ", "direction": "SELL", "strength": 0.609324, "metadata": {"rank": 0.2, "sector": "Healthcare", "fallback": true}, "ts": "2026-06-21T16:06:34.507154+00:00", "session_id": "d5ca3630", "level": "INFO"}
{"event": "signal", "strategy": "momentum", "symbol": "JPM", "direction": "BUY", "strength": 0.72501, "metadata": {"rank": 0.8666666666666667, "sector": "Financials", "fallback": true}, "ts": "2026-06-21T16:06:34.507695+00:00", "session_id": "d5ca3630", "level": "INFO"}
{"event": "signal", "strategy": "momentum", "symbol": "XOM", "direction": "SELL", "strength": 0.47209, "metadata": {"rank": 0.13333333333333333, "sector": "Energy", "fallback": true}, "ts": "2026-06-21T16:06:34.508531+00:00", "session_id": "d5ca3630", "level": "INFO"}
{"event": "signal", "strategy": "momentum", "symbol": "LIN", "direction": "BUY", "strength": 0.469316, "metadata": {"rank": 0.8, "sector": "Materials", "fallback": true}, "ts": "2026-06-21T16:06:34.509735+00:00", "session_id": "d5ca3630", "level": "INFO"}
MeanReversion: no volume data supplied — volume filter bypassed
{"event": "signal", "strategy": "mean_reversion", "symbol": "NVDA", "direction": "SELL", "strength": 1.0, "metadata": {"z": 2.9243, "rsi": 87.48, "rv": 0.3374}, "ts": "2026-06-21T16:06:34.528412+00:00", "session_id": "d5ca3630", "level": "INFO"}
{"event": "signal", "strategy": "mean_reversion", "symbol": "AMZN", "direction": "SELL", "strength": 1.0, "metadata": {"z": 3.1253, "rsi": 73.63, "rv": 0.3279}, "ts": "2026-06-21T16:06:34.536476+00:00", "session_id": "d5ca3630", "level": "INFO"}
{"event": "signal", "strategy": "mean_reversion", "symbol": "TSLA", "direction": "BUY", "strength": 0.827347, "metadata": {"z": -2.2608, "rsi": 18.26, "rv": 0.5239}, "ts": "2026-06-21T16:06:34.538527+00:00", "session_id": "d5ca3630", "level": "INFO"}
{"event": "signal", "strategy": "mean_reversion", "symbol": "CAT", "direction": "SELL", "strength": 0.823091, "metadata": {"z": 2.0207, "rsi": 77.65, "rv": 0.2401}, "ts": "2026-06-21T16:06:34.541972+00:00", "session_id": "d5ca3630", "level": "INFO"}
{"event": "signal", "strategy": "mean_reversion", "symbol": "PG", "direction": "SELL", "strength": 0.993573, "metadata": {"z": 2.1753, "rsi": 74.87, "rv": 0.1829}, "ts": "2026-06-21T16:06:34.543783+00:00", "session_id": "d5ca3630", "level": "INFO"}
{"event": "info", "message": "SignalGenerator: 11 raw \u2192 8 combined signals", "metadata": {"regime": "BEAR", "n_strategies": 4, "allocations": {"stat_arb": 0.25, "momentum": 0.15, "factor_model": 0.25, "mean_reversion": 0.3}}, "ts": "2026-06-21T16:06:34.548869+00:00", "session_id": "d5ca3630", "level": "INFO"}
{"event": "risk_event", "event_type": "trade_rejected", "details": {"symbol": "JNJ", "side": "sell", "qty": 143, "reason": "Individual short position 20.00% exceeds limit 5%", "strategy": "combined"}, "ts": "2026-06-21T16:06:34.570641+00:00", "session_id": "d5ca3630", "level": "WARNING"}
{"event": "risk_event", "event_type": "trade_rejected", "details": {"symbol": "XOM", "side": "sell", "qty": 114, "reason": "Individual short position 10.28% exceeds limit 5%", "strategy": "combined"}, "ts": "2026-06-21T16:06:34.574489+00:00", "session_id": "d5ca3630", "level": "WARNING"}
{"event": "order", "order_id": "73d48a81-0bb", "symbol": "TSLA", "side": "buy", "qty": 23, "price": 0.0, "status": "submitted", "metadata": {"order_type": "market", "strategy": "combined"}, "ts": "2026-06-21T16:06:34.579311+00:00", "session_id": "d5ca3630", "level": "INFO"}
{"event": "risk_event", "event_type": "trade_rejected", "details": {"symbol": "PG", "side": "sell", "qty": 138, "reason": "Individual short position 19.86% exceeds limit 5%", "strategy": "combined"}, "ts": "2026-06-21T16:06:34.584147+00:00", "session_id": "d5ca3630", "level": "WARNING"}
  [bar 299] 2024-02-05 05:00:00+00:00 | 8 signals | equity=103,635 | regime=BEAR
{"event": "fill", "order_id": "73d48a81-0bb", "fill_price": 177.3343191349804, "fill_qty": 23, "slippage_bps": 7.015, "metadata": {"symbol": "TSLA", "side": "buy", "commission": 0.115, "strategy": "combined"}, "ts": "2026-06-21T16:06:34.593138+00:00", "session_id": "d5ca3630", "level": "INFO"}
StatArbStrategy.generate_signals: no pairs loaded. Call find_pairs() first.
{"event": "signal", "strategy": "momentum", "symbol": "MSFT", "direction": "BUY", "strength": 1.0, "metadata": {"rank": 0.9333333333333333, "sector": "Technology", "fallback": true}, "ts": "2026-06-21T16:06:34.867723+00:00", "session_id": "d5ca3630", "level": "INFO"}
{"event": "signal", "strategy": "momentum", "symbol": "NVDA", "direction": "BUY", "strength": 0.622838, "metadata": {"rank": 1.0, "sector": "Technology", "fallback": true}, "ts": "2026-06-21T16:06:34.868178+00:00", "session_id": "d5ca3630", "level": "INFO"}
{"event": "signal", "strategy": "momentum", "symbol": "JNJ", "direction": "SELL", "strength": 1.0, "metadata": {"rank": 0.2, "sector": "Healthcare", "fallback": true}, "ts": "2026-06-21T16:06:34.868907+00:00", "session_id": "d5ca3630", "level": "INFO"}
{"event": "signal", "strategy": "momentum", "symbol": "JPM", "direction": "BUY", "strength": 1.0, "metadata": {"rank": 0.8666666666666667, "sector": "Financials", "fallback": true}, "ts": "2026-06-21T16:06:34.869661+00:00", "session_id": "d5ca3630", "level": "INFO"}
{"event": "signal", "strategy": "momentum", "symbol": "AMZN", "direction": "BUY", "strength": 0.629644, "metadata": {"rank": 0.8, "sector": "Consumer Discretionary", "fallback": true}, "ts": "2026-06-21T16:06:34.870348+00:00", "session_id": "d5ca3630", "level": "INFO"}
{"event": "signal", "strategy": "momentum", "symbol": "XOM", "direction": "SELL", "strength": 0.95028, "metadata": {"rank": 0.13333333333333333, "sector": "Energy", "fallback": true}, "ts": "2026-06-21T16:06:34.871322+00:00", "session_id": "d5ca3630", "level": "INFO"}
MeanReversion: no volume data supplied — volume filter bypassed
{"event": "signal", "strategy": "mean_reversion", "symbol": "NVDA", "direction": "SELL", "strength": 1.0, "metadata": {"z": 2.5416, "rsi": 83.7, "rv": 0.3124}, "ts": "2026-06-21T16:06:34.893979+00:00", "session_id": "d5ca3630", "level": "INFO"}
{"event": "signal", "strategy": "mean_reversion", "symbol": "JPM", "direction": "SELL", "strength": 0.259448, "metadata": {"z": 1.2951, "rsi": 72.87, "rv": 0.1375}, "ts": "2026-06-21T16:06:34.899056+00:00", "session_id": "d5ca3630", "level": "INFO"}
{"event": "signal", "strategy": "mean_reversion", "symbol": "AMZN", "direction": "SELL", "strength": 1.0, "metadata": {"z": 2.7235, "rsi": 74.22, "rv": 0.3245}, "ts": "2026-06-21T16:06:34.902568+00:00", "session_id": "d5ca3630", "level": "INFO"}
{"event": "signal", "strategy": "mean_reversion", "symbol": "TSLA", "direction": "BUY", "strength": 0.637127, "metadata": {"z": -1.9757, "rsi": 25.0, "rv": 0.5314}, "ts": "2026-06-21T16:06:34.904379+00:00", "session_id": "d5ca3630", "level": "INFO"}
{"event": "signal", "strategy": "mean_reversion", "symbol": "CAT", "direction": "SELL", "strength": 0.805365, "metadata": {"z": 1.998, "rsi": 89.83, "rv": 0.2391}, "ts": "2026-06-21T16:06:34.907704+00:00", "session_id": "d5ca3630", "level": "INFO"}
{"event": "signal", "strategy": "mean_reversion", "symbol": "PG", "direction": "SELL", "strength": 1.0, "metadata": {"z": 2.2173, "rsi": 75.65, "rv": 0.1821}, "ts": "2026-06-21T16:06:34.909505+00:00", "session_id": "d5ca3630", "level": "INFO"}
{"event": "info", "message": "SignalGenerator: 12 raw \u2192 9 combined signals", "metadata": {"regime": "SIDEWAYS", "n_strategies": 4, "allocations": {"stat_arb": 0.25, "momentum": 0.3, "factor_model": 0.25, "mean_reversion": 0.18}}, "ts": "2026-06-21T16:06:34.914610+00:00", "session_id": "d5ca3630", "level": "INFO"}
ExecutionManager: net exposure limit reached (81.1% vs ±80%) — skipping MSFT buy
{"event": "risk_event", "event_type": "trade_rejected", "details": {"symbol": "JNJ", "side": "sell", "qty": 141, "reason": "Individual short position 19.90% exceeds limit 5%", "strategy": "combined"}, "ts": "2026-06-21T16:06:34.934024+00:00", "session_id": "d5ca3630", "level": "WARNING"}
ExecutionManager: net exposure limit reached (81.1% vs ±80%) — skipping JPM buy
{"event": "risk_event", "event_type": "trade_rejected", "details": {"symbol": "XOM", "side": "sell", "qty": 183, "reason": "Individual short position 16.54% exceeds limit 5%", "strategy": "combined"}, "ts": "2026-06-21T16:06:34.938086+00:00", "session_id": "d5ca3630", "level": "WARNING"}
ExecutionManager: net exposure limit reached (81.1% vs ±80%) — skipping TSLA buy
{"event": "risk_event", "event_type": "trade_rejected", "details": {"symbol": "PG", "side": "sell", "qty": 138, "reason": "Individual short position 19.86% exceeds limit 5%", "strategy": "combined"}, "ts": "2026-06-21T16:06:34.942102+00:00", "session_id": "d5ca3630", "level": "WARNING"}
  [bar 300] 2024-02-06 05:00:00+00:00 | 9 signals | equity=104,151 | regime=SIDEWAYS
  [bar 300/399] 2024-02-06 05:00:00+00:00 | equity=104,151 | regime=SIDEWAYS | positions=5
StatArbStrategy.generate_signals: no pairs loaded. Call find_pairs() first.
{"event": "signal", "strategy": "momentum", "symbol": "MSFT", "direction": "BUY", "strength": 0.528717, "metadata": {"rank": 0.9333333333333333, "sector": "Technology", "fallback": true}, "ts": "2026-06-21T16:06:35.175308+00:00", "session_id": "d5ca3630", "level": "INFO"}
{"event": "signal", "strategy": "momentum", "symbol": "NVDA", "direction": "BUY", "strength": 0.308731, "metadata": {"rank": 1.0, "sector": "Technology", "fallback": true}, "ts": "2026-06-21T16:06:35.175585+00:00", "session_id": "d5ca3630", "level": "INFO"}
{"event": "signal", "strategy": "momentum", "symbol": "JNJ", "direction": "SELL", "strength": 0.630424, "metadata": {"rank": 0.2, "sector": "Healthcare", "fallback": true}, "ts": "2026-06-21T16:06:35.176053+00:00", "session_id": "d5ca3630", "level": "INFO"}
{"event": "signal", "strategy": "momentum", "symbol": "JPM", "direction": "BUY", "strength": 0.673296, "metadata": {"rank": 0.8, "sector": "Financials", "fallback": true}, "ts": "2026-06-21T16:06:35.176595+00:00", "session_id": "d5ca3630", "level": "INFO"}
{"event": "signal", "strategy": "momentum", "symbol": "AMZN", "direction": "BUY", "strength": 0.342848, "metadata": {"rank": 0.8666666666666667, "sector": "Consumer Discretionary", "fallback": true}, "ts": "2026-06-21T16:06:35.177093+00:00", "session_id": "d5ca3630", "level": "INFO"}
{"event": "signal", "strategy": "momentum", "symbol": "XOM", "direction": "SELL", "strength": 0.475139, "metadata": {"rank": 0.13333333333333333, "sector": "Energy", "fallback": true}, "ts": "2026-06-21T16:06:35.177586+00:00", "session_id": "d5ca3630", "level": "INFO"}
MeanReversion: no volume data supplied — volume filter bypassed
{"event": "signal", "strategy": "mean_reversion", "symbol": "NVDA", "direction": "SELL", "strength": 1.0, "metadata": {"z": 2.6258, "rsi": 84.41, "rv": 0.3161}, "ts": "2026-06-21T16:06:35.197402+00:00", "session_id": "d5ca3630", "level": "INFO"}
{"event": "signal", "strategy": "mean_reversion", "symbol": "JPM", "direction": "SELL", "strength": 0.271039, "metadata": {"z": 1.3072, "rsi": 72.87, "rv": 0.1335}, "ts": "2026-06-21T16:06:35.202393+00:00", "session_id": "d5ca3630", "level": "INFO"}
{"event": "signal", "strategy": "mean_reversion", "symbol": "AMZN", "direction": "SELL", "strength": 1.0, "metadata": {"z": 2.7273, "rsi": 73.93, "rv": 0.3229}, "ts": "2026-06-21T16:06:35.205777+00:00", "session_id": "d5ca3630", "level": "INFO"}
{"event": "signal", "strategy": "mean_reversion", "symbol": "TSLA", "direction": "BUY", "strength": 0.523891, "metadata": {"z": -1.8057, "rsi": 29.65, "rv": 0.5379}, "ts": "2026-06-21T16:06:35.207588+00:00", "session_id": "d5ca3630", "level": "INFO"}
{"event": "signal", "strategy": "mean_reversion", "symbol": "CAT", "direction": "SELL", "strength": 0.777317, "metadata": {"z": 1.9628, "rsi": 89.39, "rv": 0.2386}, "ts": "2026-06-21T16:06:35.210938+00:00", "session_id": "d5ca3630", "level": "INFO"}
{"event": "signal", "strategy": "mean_reversion", "symbol": "PG", "direction": "SELL", "strength": 0.954543, "metadata": {"z": 2.1286, "rsi": 79.33, "rv": 0.1823}, "ts": "2026-06-21T16:06:35.212749+00:00", "session_id": "d5ca3630", "level": "INFO"}
{"event": "info", "message": "SignalGenerator: 12 raw \u2192 8 combined signals", "metadata": {"regime": "BEAR", "n_strategies": 4, "allocations": {"stat_arb": 0.25, "momentum": 0.15, "factor_model": 0.25, "mean_reversion": 0.3}}, "ts": "2026-06-21T16:06:35.218040+00:00", "session_id": "d5ca3630", "level": "INFO"}
{"event": "risk_event", "event_type": "trade_rejected", "details": {"symbol": "JNJ", "side": "sell", "qty": 143, "reason": "Individual short position 19.98% exceeds limit 5%", "strategy": "combined"}, "ts": "2026-06-21T16:06:35.236126+00:00", "session_id": "d5ca3630", "level": "WARNING"}
{"event": "order", "order_id": "fe7e73e9-b81", "symbol": "JPM", "side": "sell", "qty": 125, "price": 0.0, "status": "submitted", "metadata": {"order_type": "market", "strategy": "combined"}, "ts": "2026-06-21T16:06:35.236328+00:00", "session_id": "d5ca3630", "level": "INFO"}
{"event": "risk_event", "event_type": "trade_rejected", "details": {"symbol": "XOM", "side": "sell", "qty": 116, "reason": "Individual short position 10.37% exceeds limit 5%", "strategy": "combined"}, "ts": "2026-06-21T16:06:35.240303+00:00", "session_id": "d5ca3630", "level": "WARNING"}
ExecutionManager: net exposure limit reached (81.2% vs ±80%) — skipping TSLA buy
{"event": "risk_event", "event_type": "trade_rejected", "details": {"symbol": "PG", "side": "sell", "qty": 140, "reason": "Individual short position 19.97% exceeds limit 5%", "strategy": "combined"}, "ts": "2026-06-21T16:06:35.244292+00:00", "session_id": "d5ca3630", "level": "WARNING"}
  [bar 301] 2024-02-07 05:00:00+00:00 | 8 signals | equity=105,188 | regime=BEAR
{"event": "fill", "order_id": "fe7e73e9-b81", "fill_price": 166.68038015014258, "fill_qty": 125, "slippage_bps": 7.0296, "metadata": {"symbol": "JPM", "side": "sell", "commission": 0.625, "strategy": "combined"}, "ts": "2026-06-21T16:06:35.248713+00:00", "session_id": "d5ca3630", "level": "INFO"}
StatArbStrategy.generate_signals: no pairs loaded. Call find_pairs() first.
{"event": "signal", "strategy": "momentum", "symbol": "MSFT", "direction": "BUY", "strength": 1.0, "metadata": {"rank": 0.9333333333333333, "sector": "Technology", "fallback": true}, "ts": "2026-06-21T16:06:35.484286+00:00", "session_id": "d5ca3630", "level": "INFO"}
{"event": "signal", "strategy": "momentum", "symbol": "NVDA", "direction": "BUY", "strength": 0.621874, "metadata": {"rank": 1.0, "sector": "Technology", "fallback": true}, "ts": "2026-06-21T16:06:35.484555+00:00", "session_id": "d5ca3630", "level": "INFO"}
{"event": "signal", "strategy": "momentum", "symbol": "JNJ", "direction": "SELL", "strength": 1.0, "metadata": {"rank": 0.2, "sector": "Healthcare", "fallback": true}, "ts": "2026-06-21T16:06:35.485030+00:00", "session_id": "d5ca3630", "level": "INFO"}
{"event": "signal", "strategy": "momentum", "symbol": "JPM", "direction": "BUY", "strength": 1.0, "metadata": {"rank": 0.8, "sector": "Financials", "fallback": true}, "ts": "2026-06-21T16:06:35.485546+00:00", "session_id": "d5ca3630", "level": "INFO"}
{"event": "signal", "strategy": "momentum", "symbol": "AMZN", "direction": "BUY", "strength": 0.691917, "metadata": {"rank": 0.8666666666666667, "sector": "Consumer Discretionary", "fallback": true}, "ts": "2026-06-21T16:06:35.486048+00:00", "session_id": "d5ca3630", "level": "INFO"}
{"event": "signal", "strategy": "momentum", "symbol": "XOM", "direction": "SELL", "strength": 0.936687, "metadata": {"rank": 0.13333333333333333, "sector": "Energy", "fallback": true}, "ts": "2026-06-21T16:06:35.486548+00:00", "session_id": "d5ca3630", "level": "INFO"}
MeanReversion: no volume data supplied — volume filter bypassed
{"event": "signal", "strategy": "mean_reversion", "symbol": "NVDA", "direction": "SELL", "strength": 1.0, "metadata": {"z": 2.3861, "rsi": 79.94, "rv": 0.3223}, "ts": "2026-06-21T16:06:35.506588+00:00", "session_id": "d5ca3630", "level": "INFO"}
{"event": "signal", "strategy": "mean_reversion", "symbol": "AMZN", "direction": "SELL", "strength": 1.0, "metadata": {"z": 2.4563, "rsi": 71.05, "rv": 0.3227}, "ts": "2026-06-21T16:06:35.514709+00:00", "session_id": "d5ca3630", "level": "INFO"}
{"event": "signal", "strategy": "mean_reversion", "symbol": "CAT", "direction": "SELL", "strength": 0.665711, "metadata": {"z": 1.8264, "rsi": 85.66, "rv": 0.2413}, "ts": "2026-06-21T16:06:35.525389+00:00", "session_id": "d5ca3630", "level": "INFO"}
{"event": "signal", "strategy": "mean_reversion", "symbol": "PG", "direction": "SELL", "strength": 0.782856, "metadata": {"z": 1.9267, "rsi": 79.71, "rv": 0.1837}, "ts": "2026-06-21T16:06:35.528551+00:00", "session_id": "d5ca3630", "level": "INFO"}
{"event": "info", "message": "SignalGenerator: 10 raw \u2192 8 combined signals", "metadata": {"regime": "SIDEWAYS", "n_strategies": 4, "allocations": {"stat_arb": 0.25, "momentum": 0.3, "factor_model": 0.25, "mean_reversion": 0.18}}, "ts": "2026-06-21T16:06:35.538726+00:00", "session_id": "d5ca3630", "level": "INFO"}
{"event": "risk_event", "event_type": "trade_rejected", "details": {"symbol": "JNJ", "side": "sell", "qty": 144, "reason": "Individual short position 19.94% exceeds limit 5%", "strategy": "combined"}, "ts": "2026-06-21T16:06:35.574110+00:00", "session_id": "d5ca3630", "level": "WARNING"}
{"event": "order", "order_id": "b9699129-f70", "symbol": "JPM", "side": "buy", "qty": 113, "price": 0.0, "status": "submitted", "metadata": {"order_type": "market", "strategy": "combined"}, "ts": "2026-06-21T16:06:35.580633+00:00", "session_id": "d5ca3630", "level": "INFO"}
{"event": "risk_event", "event_type": "trade_rejected", "details": {"symbol": "XOM", "side": "sell", "qty": 139, "reason": "Individual short position 12.66% exceeds limit 5%", "strategy": "combined"}, "ts": "2026-06-21T16:06:35.588792+00:00", "session_id": "d5ca3630", "level": "WARNING"}
{"event": "risk_event", "event_type": "trade_rejected", "details": {"symbol": "PG", "side": "sell", "qty": 140, "reason": "Individual short position 19.93% exceeds limit 5%", "strategy": "combined"}, "ts": "2026-06-21T16:06:35.593441+00:00", "session_id": "d5ca3630", "level": "WARNING"}
  [bar 302] 2024-02-08 05:00:00+00:00 | 8 signals | equity=105,078 | regime=SIDEWAYS
{"event": "fill", "order_id": "b9699129-f70", "fill_price": 166.91486312185867, "fill_qty": 113, "slippage_bps": 7.0283, "metadata": {"symbol": "JPM", "side": "buy", "commission": 0.5650000000000001, "strategy": "combined"}, "ts": "2026-06-21T16:06:35.608615+00:00", "session_id": "d5ca3630", "level": "INFO"}
StatArbStrategy.generate_signals: no pairs loaded. Call find_pairs() first.
{"event": "signal", "strategy": "momentum", "symbol": "MSFT", "direction": "BUY", "strength": 0.544958, "metadata": {"rank": 0.9333333333333333, "sector": "Technology", "fallback": true}, "ts": "2026-06-21T16:06:35.862684+00:00", "session_id": "d5ca3630", "level": "INFO"}
{"event": "signal", "strategy": "momentum", "symbol": "NVDA", "direction": "BUY", "strength": 0.305737, "metadata": {"rank": 1.0, "sector": "Technology", "fallback": true}, "ts": "2026-06-21T16:06:35.863120+00:00", "session_id": "d5ca3630", "level": "INFO"}
{"event": "signal", "strategy": "momentum", "symbol": "JPM", "direction": "BUY", "strength": 0.68799, "metadata": {"rank": 0.8, "sector": "Financials", "fallback": true}, "ts": "2026-06-21T16:06:35.864088+00:00", "session_id": "d5ca3630", "level": "INFO"}
{"event": "signal", "strategy": "momentum", "symbol": "AMZN", "direction": "BUY", "strength": 0.340617, "metadata": {"rank": 0.8666666666666667, "sector": "Consumer Discretionary", "fallback": true}, "ts": "2026-06-21T16:06:35.864793+00:00", "session_id": "d5ca3630", "level": "INFO"}
{"event": "signal", "strategy": "momentum", "symbol": "TSLA", "direction": "SELL", "strength": 0.182962, "metadata": {"rank": 0.2, "sector": "Consumer Discretionary", "fallback": true}, "ts": "2026-06-21T16:06:35.865130+00:00", "session_id": "d5ca3630", "level": "INFO"}
{"event": "signal", "strategy": "momentum", "symbol": "XOM", "direction": "SELL", "strength": 0.45863, "metadata": {"rank": 0.13333333333333333, "sector": "Energy", "fallback": true}, "ts": "2026-06-21T16:06:35.865658+00:00", "session_id": "d5ca3630", "level": "INFO"}
MeanReversion: no volume data supplied — volume filter bypassed
{"event": "signal", "strategy": "mean_reversion", "symbol": "NVDA", "direction": "SELL", "strength": 1.0, "metadata": {"z": 2.5428, "rsi": 82.36, "rv": 0.3318}, "ts": "2026-06-21T16:06:35.887124+00:00", "session_id": "d5ca3630", "level": "INFO"}
{"event": "signal", "strategy": "mean_reversion", "symbol": "AMZN", "direction": "SELL", "strength": 1.0, "metadata": {"z": 2.8437, "rsi": 75.55, "rv": 0.3317}, "ts": "2026-06-21T16:06:35.895381+00:00", "session_id": "d5ca3630", "level": "INFO"}
{"event": "signal", "strategy": "mean_reversion", "symbol": "CAT", "direction": "SELL", "strength": 0.455539, "metadata": {"z": 1.5693, "rsi": 76.91, "rv": 0.2497}, "ts": "2026-06-21T16:06:35.900541+00:00", "session_id": "d5ca3630", "level": "INFO"}
{"event": "signal", "strategy": "mean_reversion", "symbol": "PG", "direction": "SELL", "strength": 0.510721, "metadata": {"z": 1.6066, "rsi": 74.44, "rv": 0.1877}, "ts": "2026-06-21T16:06:35.902393+00:00", "session_id": "d5ca3630", "level": "INFO"}
{"event": "info", "message": "SignalGenerator: 10 raw \u2192 6 combined signals", "metadata": {"regime": "BEAR", "n_strategies": 4, "allocations": {"stat_arb": 0.25, "momentum": 0.15, "factor_model": 0.25, "mean_reversion": 0.3}}, "ts": "2026-06-21T16:06:35.907548+00:00", "session_id": "d5ca3630", "level": "INFO"}
{"event": "order", "order_id": "e70d075b-c5c", "symbol": "JPM", "side": "buy", "qty": 13, "price": 0.0, "status": "submitted", "metadata": {"order_type": "market", "strategy": "combined"}, "ts": "2026-06-21T16:06:35.922700+00:00", "session_id": "d5ca3630", "level": "INFO"}
{"event": "risk_event", "event_type": "trade_rejected", "details": {"symbol": "XOM", "side": "sell", "qty": 152, "reason": "Individual short position 13.49% exceeds limit 5%", "strategy": "combined"}, "ts": "2026-06-21T16:06:35.926802+00:00", "session_id": "d5ca3630", "level": "WARNING"}
{"event": "risk_event", "event_type": "trade_rejected", "details": {"symbol": "PG", "side": "sell", "qty": 142, "reason": "Individual short position 19.97% exceeds limit 5%", "strategy": "combined"}, "ts": "2026-06-21T16:06:35.930761+00:00", "session_id": "d5ca3630", "level": "WARNING"}
  [bar 303] 2024-02-09 05:00:00+00:00 | 6 signals | equity=105,514 | regime=BEAR
{"event": "fill", "order_id": "e70d075b-c5c", "fill_price": 166.7047443425776, "fill_qty": 13, "slippage_bps": 7.0096, "metadata": {"symbol": "JPM", "side": "buy", "commission": 0.065, "strategy": "combined"}, "ts": "2026-06-21T16:06:35.935309+00:00", "session_id": "d5ca3630", "level": "INFO"}
StatArbStrategy.generate_signals: no pairs loaded. Call find_pairs() first.
{"event": "signal", "strategy": "momentum", "symbol": "MSFT", "direction": "BUY", "strength": 1.0, "metadata": {"rank": 0.9333333333333333, "sector": "Technology", "fallback": true}, "ts": "2026-06-21T16:06:36.202999+00:00", "session_id": "d5ca3630", "level": "INFO"}
{"event": "signal", "strategy": "momentum", "symbol": "NVDA", "direction": "BUY", "strength": 0.613831, "metadata": {"rank": 1.0, "sector": "Technology", "fallback": true}, "ts": "2026-06-21T16:06:36.203331+00:00", "session_id": "d5ca3630", "level": "INFO"}
{"event": "signal", "strategy": "momentum", "symbol": "JNJ", "direction": "SELL", "strength": 1.0, "metadata": {"rank": 0.2, "sector": "Healthcare", "fallback": true}, "ts": "2026-06-21T16:06:36.203836+00:00", "session_id": "d5ca3630", "level": "INFO"}
{"event": "signal", "strategy": "momentum", "symbol": "JPM", "direction": "BUY", "strength": 1.0, "metadata": {"rank": 0.8, "sector": "Financials", "fallback": true}, "ts": "2026-06-21T16:06:36.204380+00:00", "session_id": "d5ca3630", "level": "INFO"}
{"event": "signal", "strategy": "momentum", "symbol": "AMZN", "direction": "BUY", "strength": 0.684307, "metadata": {"rank": 0.8666666666666667, "sector": "Consumer Discretionary", "fallback": true}, "ts": "2026-06-21T16:06:36.204911+00:00", "session_id": "d5ca3630", "level": "INFO"}
{"event": "signal", "strategy": "momentum", "symbol": "XOM", "direction": "SELL", "strength": 0.977523, "metadata": {"rank": 0.06666666666666667, "sector": "Energy", "fallback": true}, "ts": "2026-06-21T16:06:36.205448+00:00", "session_id": "d5ca3630", "level": "INFO"}
MeanReversion: no volume data supplied — volume filter bypassed
{"event": "signal", "strategy": "mean_reversion", "symbol": "NVDA", "direction": "SELL", "strength": 1.0, "metadata": {"z": 2.3865, "rsi": 82.27, "rv": 0.3297}, "ts": "2026-06-21T16:06:36.225267+00:00", "session_id": "d5ca3630", "level": "INFO"}
{"event": "signal", "strategy": "mean_reversion", "symbol": "JPM", "direction": "SELL", "strength": 0.247611, "metadata": {"z": 1.2797, "rsi": 72.79, "rv": 0.1295}, "ts": "2026-06-21T16:06:36.230412+00:00", "session_id": "d5ca3630", "level": "INFO"}
{"event": "signal", "strategy": "mean_reversion", "symbol": "AMZN", "direction": "SELL", "strength": 1.0, "metadata": {"z": 2.4, "rsi": 70.73, "rv": 0.3363}, "ts": "2026-06-21T16:06:36.233875+00:00", "session_id": "d5ca3630", "level": "INFO"}
{"event": "signal", "strategy": "mean_reversion", "symbol": "CAT", "direction": "SELL", "strength": 0.555776, "metadata": {"z": 1.6941, "rsi": 78.65, "rv": 0.249}, "ts": "2026-06-21T16:06:36.239083+00:00", "session_id": "d5ca3630", "level": "INFO"}
{"event": "info", "message": "SignalGenerator: 10 raw \u2192 7 combined signals", "metadata": {"regime": "SIDEWAYS", "n_strategies": 4, "allocations": {"stat_arb": 0.25, "momentum": 0.3, "factor_model": 0.25, "mean_reversion": 0.18}}, "ts": "2026-06-21T16:06:36.245751+00:00", "session_id": "d5ca3630", "level": "INFO"}
ExecutionManager: net exposure limit reached (81.4% vs ±80%) — skipping MSFT buy
{"event": "risk_event", "event_type": "trade_rejected", "details": {"symbol": "JNJ", "side": "sell", "qty": 142, "reason": "Individual short position 19.88% exceeds limit 5%", "strategy": "combined"}, "ts": "2026-06-21T16:06:36.266997+00:00", "session_id": "d5ca3630", "level": "WARNING"}
ExecutionManager: net exposure limit reached (81.4% vs ±80%) — skipping JPM buy
{"event": "risk_event", "event_type": "trade_rejected", "details": {"symbol": "XOM", "side": "sell", "qty": 140, "reason": "Individual short position 12.67% exceeds limit 5%", "strategy": "combined"}, "ts": "2026-06-21T16:06:36.272218+00:00", "session_id": "d5ca3630", "level": "WARNING"}
  [bar 304] 2024-02-12 05:00:00+00:00 | 7 signals | equity=104,891 | regime=SIDEWAYS
StatArbStrategy.generate_signals: no pairs loaded. Call find_pairs() first.
{"event": "signal", "strategy": "momentum", "symbol": "MSFT", "direction": "BUY", "strength": 0.518719, "metadata": {"rank": 0.9333333333333333, "sector": "Technology", "fallback": true}, "ts": "2026-06-21T16:06:36.509611+00:00", "session_id": "d5ca3630", "level": "INFO"}
{"event": "signal", "strategy": "momentum", "symbol": "NVDA", "direction": "BUY", "strength": 0.309526, "metadata": {"rank": 1.0, "sector": "Technology", "fallback": true}, "ts": "2026-06-21T16:06:36.509925+00:00", "session_id": "d5ca3630", "level": "INFO"}
{"event": "signal", "strategy": "momentum", "symbol": "JNJ", "direction": "SELL", "strength": 0.613801, "metadata": {"rank": 0.2, "sector": "Healthcare", "fallback": true}, "ts": "2026-06-21T16:06:36.510419+00:00", "session_id": "d5ca3630", "level": "INFO"}
{"event": "signal", "strategy": "momentum", "symbol": "AMZN", "direction": "BUY", "strength": 0.340259, "metadata": {"rank": 0.8666666666666667, "sector": "Consumer Discretionary", "fallback": true}, "ts": "2026-06-21T16:06:36.511189+00:00", "session_id": "d5ca3630", "level": "INFO"}
{"event": "signal", "strategy": "momentum", "symbol": "XOM", "direction": "SELL", "strength": 0.487706, "metadata": {"rank": 0.06666666666666667, "sector": "Energy", "fallback": true}, "ts": "2026-06-21T16:06:36.511694+00:00", "session_id": "d5ca3630", "level": "INFO"}
{"event": "signal", "strategy": "momentum", "symbol": "GOOGL", "direction": "BUY", "strength": 0.302718, "metadata": {"rank": 0.8, "sector": "Communication Services", "fallback": true}, "ts": "2026-06-21T16:06:36.512611+00:00", "session_id": "d5ca3630", "level": "INFO"}
MeanReversion: no volume data supplied — volume filter bypassed
{"event": "signal", "strategy": "mean_reversion", "symbol": "AAPL", "direction": "BUY", "strength": 0.168175, "metadata": {"z": -1.2016, "rsi": 29.78, "rv": 0.1989}, "ts": "2026-06-21T16:06:36.528280+00:00", "session_id": "d5ca3630", "level": "INFO"}
{"event": "signal", "strategy": "mean_reversion", "symbol": "NVDA", "direction": "SELL", "strength": 0.923875, "metadata": {"z": 2.2272, "rsi": 80.23, "rv": 0.3283}, "ts": "2026-06-21T16:06:36.531703+00:00", "session_id": "d5ca3630", "level": "INFO"}
{"event": "signal", "strategy": "mean_reversion", "symbol": "GS", "direction": "CLOSE", "strength": 1.0, "metadata": {"z": 0.4446, "action": "mean_reversion_exit"}, "ts": "2026-06-21T16:06:36.538334+00:00", "session_id": "d5ca3630", "level": "INFO"}
{"event": "info", "message": "SignalGenerator: 9 raw \u2192 4 combined signals", "metadata": {"regime": "BEAR", "n_strategies": 4, "allocations": {"stat_arb": 0.25, "momentum": 0.15, "factor_model": 0.25, "mean_reversion": 0.3}}, "ts": "2026-06-21T16:06:36.551172+00:00", "session_id": "d5ca3630", "level": "INFO"}
{"event": "risk_event", "event_type": "trade_rejected", "details": {"symbol": "JNJ", "side": "sell", "qty": 116, "reason": "Individual short position 16.23% exceeds limit 5%", "strategy": "combined"}, "ts": "2026-06-21T16:06:36.568994+00:00", "session_id": "d5ca3630", "level": "WARNING"}
{"event": "risk_event", "event_type": "trade_rejected", "details": {"symbol": "XOM", "side": "sell", "qty": 178, "reason": "Individual short position 16.11% exceeds limit 5%", "strategy": "combined"}, "ts": "2026-06-21T16:06:36.573726+00:00", "session_id": "d5ca3630", "level": "WARNING"}
  [bar 305] 2024-02-13 05:00:00+00:00 | 4 signals | equity=104,007 | regime=BEAR
StatArbStrategy.generate_signals: no pairs loaded. Call find_pairs() first.
{"event": "signal", "strategy": "momentum", "symbol": "MSFT", "direction": "BUY", "strength": 1.0, "metadata": {"rank": 0.9333333333333333, "sector": "Technology", "fallback": true}, "ts": "2026-06-21T16:06:36.947730+00:00", "session_id": "d5ca3630", "level": "INFO"}
{"event": "signal", "strategy": "momentum", "symbol": "NVDA", "direction": "BUY", "strength": 0.615498, "metadata": {"rank": 1.0, "sector": "Technology", "fallback": true}, "ts": "2026-06-21T16:06:36.948048+00:00", "session_id": "d5ca3630", "level": "INFO"}
{"event": "signal", "strategy": "momentum", "symbol": "AMZN", "direction": "BUY", "strength": 0.678522, "metadata": {"rank": 0.8666666666666667, "sector": "Consumer Discretionary", "fallback": true}, "ts": "2026-06-21T16:06:36.949097+00:00", "session_id": "d5ca3630", "level": "INFO"}
{"event": "signal", "strategy": "momentum", "symbol": "TSLA", "direction": "SELL", "strength": 0.383592, "metadata": {"rank": 0.2, "sector": "Consumer Discretionary", "fallback": true}, "ts": "2026-06-21T16:06:36.949379+00:00", "session_id": "d5ca3630", "level": "INFO"}
{"event": "signal", "strategy": "momentum", "symbol": "XOM", "direction": "SELL", "strength": 0.911545, "metadata": {"rank": 0.13333333333333333, "sector": "Energy", "fallback": true}, "ts": "2026-06-21T16:06:36.949871+00:00", "session_id": "d5ca3630", "level": "INFO"}
{"event": "signal", "strategy": "momentum", "symbol": "GOOGL", "direction": "BUY", "strength": 0.609789, "metadata": {"rank": 0.8, "sector": "Communication Services", "fallback": true}, "ts": "2026-06-21T16:06:36.950845+00:00", "session_id": "d5ca3630", "level": "INFO"}
MeanReversion: no volume data supplied — volume filter bypassed
{"event": "signal", "strategy": "mean_reversion", "symbol": "AAPL", "direction": "BUY", "strength": 0.308589, "metadata": {"z": -1.3699, "rsi": 29.06, "rv": 0.1988}, "ts": "2026-06-21T16:06:36.972459+00:00", "session_id": "d5ca3630", "level": "INFO"}
{"event": "signal", "strategy": "mean_reversion", "symbol": "NVDA", "direction": "SELL", "strength": 0.976531, "metadata": {"z": 2.2925, "rsi": 81.78, "rv": 0.3236}, "ts": "2026-06-21T16:06:36.975990+00:00", "session_id": "d5ca3630", "level": "INFO"}
{"event": "info", "message": "SignalGenerator: 8 raw \u2192 7 combined signals", "metadata": {"regime": "SIDEWAYS", "n_strategies": 4, "allocations": {"stat_arb": 0.25, "momentum": 0.3, "factor_model": 0.25, "mean_reversion": 0.18}}, "ts": "2026-06-21T16:06:36.995991+00:00", "session_id": "d5ca3630", "level": "INFO"}
ExecutionManager: net exposure limit reached (81.3% vs ±80%) — skipping MSFT buy
ExecutionManager: net exposure limit reached (81.3% vs ±80%) — skipping AMZN buy
{"event": "risk_event", "event_type": "trade_rejected", "details": {"symbol": "XOM", "side": "sell", "qty": 222, "reason": "Individual short position 19.91% exceeds limit 5%", "strategy": "combined"}, "ts": "2026-06-21T16:06:37.013217+00:00", "session_id": "d5ca3630", "level": "WARNING"}
ExecutionManager: net exposure limit reached (81.3% vs ±80%) — skipping GOOGL buy
ExecutionManager: net exposure limit reached (81.3% vs ±80%) — skipping AAPL buy
  [bar 306] 2024-02-14 05:00:00+00:00 | 7 signals | equity=104,435 | regime=SIDEWAYS
StatArbStrategy.generate_signals: no pairs loaded. Call find_pairs() first.
{"event": "signal", "strategy": "momentum", "symbol": "MSFT", "direction": "BUY", "strength": 0.534951, "metadata": {"rank": 0.9333333333333333, "sector": "Technology", "fallback": true}, "ts": "2026-06-21T16:06:37.242762+00:00", "session_id": "d5ca3630", "level": "INFO"}
{"event": "signal", "strategy": "momentum", "symbol": "NVDA", "direction": "BUY", "strength": 0.304997, "metadata": {"rank": 1.0, "sector": "Technology", "fallback": true}, "ts": "2026-06-21T16:06:37.243086+00:00", "session_id": "d5ca3630", "level": "INFO"}
{"event": "signal", "strategy": "momentum", "symbol": "AMZN", "direction": "BUY", "strength": 0.340242, "metadata": {"rank": 0.8666666666666667, "sector": "Consumer Discretionary", "fallback": true}, "ts": "2026-06-21T16:06:37.244111+00:00", "session_id": "d5ca3630", "level": "INFO"}
{"event": "signal", "strategy": "momentum", "symbol": "TSLA", "direction": "SELL", "strength": 0.183048, "metadata": {"rank": 0.2, "sector": "Consumer Discretionary", "fallback": true}, "ts": "2026-06-21T16:06:37.244419+00:00", "session_id": "d5ca3630", "level": "INFO"}
{"event": "signal", "strategy": "momentum", "symbol": "XOM", "direction": "SELL", "strength": 0.450017, "metadata": {"rank": 0.13333333333333333, "sector": "Energy", "fallback": true}, "ts": "2026-06-21T16:06:37.244922+00:00", "session_id": "d5ca3630", "level": "INFO"}
{"event": "signal", "strategy": "momentum", "symbol": "GOOGL", "direction": "BUY", "strength": 0.301543, "metadata": {"rank": 0.8, "sector": "Communication Services", "fallback": true}, "ts": "2026-06-21T16:06:37.245876+00:00", "session_id": "d5ca3630", "level": "INFO"}
MeanReversion: no volume data supplied — volume filter bypassed
{"event": "signal", "strategy": "mean_reversion", "symbol": "NVDA", "direction": "SELL", "strength": 0.768015, "metadata": {"z": 2.0297, "rsi": 79.1, "rv": 0.3408}, "ts": "2026-06-21T16:06:37.270100+00:00", "session_id": "d5ca3630", "level": "INFO"}
{"event": "signal", "strategy": "mean_reversion", "symbol": "UNH", "direction": "CLOSE", "strength": 1.0, "metadata": {"z": -0.4265, "action": "mean_reversion_exit"}, "ts": "2026-06-21T16:06:37.273969+00:00", "session_id": "d5ca3630", "level": "INFO"}
{"event": "signal", "strategy": "mean_reversion", "symbol": "JPM", "direction": "SELL", "strength": 0.598096, "metadata": {"z": 1.6867, "rsi": 71.75, "rv": 0.1482}, "ts": "2026-06-21T16:06:37.275889+00:00", "session_id": "d5ca3630", "level": "INFO"}
{"event": "signal", "strategy": "mean_reversion", "symbol": "LIN", "direction": "SELL", "strength": 1.0, "metadata": {"z": 3.4857, "rsi": 70.85, "rv": 0.196}, "ts": "2026-06-21T16:06:37.288623+00:00", "session_id": "d5ca3630", "level": "INFO"}
{"event": "info", "message": "SignalGenerator: 10 raw \u2192 5 combined signals", "metadata": {"regime": "BEAR", "n_strategies": 4, "allocations": {"stat_arb": 0.25, "momentum": 0.15, "factor_model": 0.25, "mean_reversion": 0.3}}, "ts": "2026-06-21T16:06:37.290582+00:00", "session_id": "d5ca3630", "level": "INFO"}
{"event": "risk_event", "event_type": "trade_rejected", "details": {"symbol": "XOM", "side": "sell", "qty": 111, "reason": "Individual short position 10.17% exceeds limit 5%", "strategy": "combined"}, "ts": "2026-06-21T16:06:37.305033+00:00", "session_id": "d5ca3630", "level": "WARNING"}
{"event": "order", "order_id": "b9a5383e-f3a", "symbol": "UNH", "side": "sell", "qty": 38, "price": 0.0, "status": "submitted", "metadata": {"order_type": "market", "strategy": "combined"}, "ts": "2026-06-21T16:06:37.305286+00:00", "session_id": "d5ca3630", "level": "INFO"}
{"event": "risk_event", "event_type": "trade_rejected", "details": {"symbol": "LIN", "side": "sell", "qty": 35, "reason": "Individual short position 13.82% exceeds limit 5%", "strategy": "combined"}, "ts": "2026-06-21T16:06:37.309395+00:00", "session_id": "d5ca3630", "level": "WARNING"}
  [bar 307] 2024-02-15 05:00:00+00:00 | 5 signals | equity=105,127 | regime=BEAR
{"event": "fill", "order_id": "b9a5383e-f3a", "fill_price": 494.8399779945944, "fill_qty": 38, "slippage_bps": 7.0404, "metadata": {"symbol": "UNH", "side": "sell", "commission": 0.19, "strategy": "combined"}, "ts": "2026-06-21T16:06:37.315134+00:00", "session_id": "d5ca3630", "level": "INFO"}
StatArbStrategy.generate_signals: no pairs loaded. Call find_pairs() first.
{"event": "signal", "strategy": "momentum", "symbol": "MSFT", "direction": "BUY", "strength": 1.0, "metadata": {"rank": 0.9333333333333333, "sector": "Technology", "fallback": true}, "ts": "2026-06-21T16:06:37.573176+00:00", "session_id": "d5ca3630", "level": "INFO"}
{"event": "signal", "strategy": "momentum", "symbol": "NVDA", "direction": "BUY", "strength": 0.61254, "metadata": {"rank": 1.0, "sector": "Technology", "fallback": true}, "ts": "2026-06-21T16:06:37.573504+00:00", "session_id": "d5ca3630", "level": "INFO"}
{"event": "signal", "strategy": "momentum", "symbol": "AMZN", "direction": "BUY", "strength": 0.680434, "metadata": {"rank": 0.8666666666666667, "sector": "Consumer Discretionary", "fallback": true}, "ts": "2026-06-21T16:06:37.574537+00:00", "session_id": "d5ca3630", "level": "INFO"}
{"event": "signal", "strategy": "momentum", "symbol": "TSLA", "direction": "SELL", "strength": 0.366372, "metadata": {"rank": 0.2, "sector": "Consumer Discretionary", "fallback": true}, "ts": "2026-06-21T16:06:37.574760+00:00", "session_id": "d5ca3630", "level": "INFO"}
{"event": "signal", "strategy": "momentum", "symbol": "XOM", "direction": "SELL", "strength": 0.901033, "metadata": {"rank": 0.13333333333333333, "sector": "Energy", "fallback": true}, "ts": "2026-06-21T16:06:37.575192+00:00", "session_id": "d5ca3630", "level": "INFO"}
{"event": "signal", "strategy": "momentum", "symbol": "GOOGL", "direction": "BUY", "strength": 0.598804, "metadata": {"rank": 0.8, "sector": "Communication Services", "fallback": true}, "ts": "2026-06-21T16:06:37.576107+00:00", "session_id": "d5ca3630", "level": "INFO"}
MeanReversion: no volume data supplied — volume filter bypassed
{"event": "signal", "strategy": "mean_reversion", "symbol": "AAPL", "direction": "BUY", "strength": 0.58698, "metadata": {"z": -1.6745, "rsi": 29.83, "rv": 0.1491}, "ts": "2026-06-21T16:06:37.592564+00:00", "session_id": "d5ca3630", "level": "INFO"}
{"event": "signal", "strategy": "mean_reversion", "symbol": "NVDA", "direction": "SELL", "strength": 0.695851, "metadata": {"z": 1.9225, "rsi": 77.29, "rv": 0.3257}, "ts": "2026-06-21T16:06:37.598507+00:00", "session_id": "d5ca3630", "level": "INFO"}
{"event": "signal", "strategy": "mean_reversion", "symbol": "LIN", "direction": "CLOSE", "strength": 1.0, "metadata": {"z": 3.5059, "action": "hard_stop"}, "ts": "2026-06-21T16:06:37.630706+00:00", "session_id": "d5ca3630", "level": "INFO"}
{"event": "info", "message": "SignalGenerator: 9 raw \u2192 8 combined signals", "metadata": {"regime": "SIDEWAYS", "n_strategies": 4, "allocations": {"stat_arb": 0.25, "momentum": 0.3, "factor_model": 0.25, "mean_reversion": 0.18}}, "ts": "2026-06-21T16:06:37.633978+00:00", "session_id": "d5ca3630", "level": "INFO"}
{"event": "order", "order_id": "5bc7351f-da4", "symbol": "AMZN", "side": "buy", "qty": 38, "price": 0.0, "status": "submitted", "metadata": {"order_type": "market", "strategy": "combined"}, "ts": "2026-06-21T16:06:37.666595+00:00", "session_id": "d5ca3630", "level": "INFO"}
{"event": "risk_event", "event_type": "trade_rejected", "details": {"symbol": "XOM", "side": "sell", "qty": 215, "reason": "Individual short position 19.78% exceeds limit 5%", "strategy": "combined"}, "ts": "2026-06-21T16:06:37.671914+00:00", "session_id": "d5ca3630", "level": "WARNING"}
{"event": "order", "order_id": "6bb86efe-ee3", "symbol": "GOOGL", "side": "buy", "qty": 55, "price": 0.0, "status": "submitted", "metadata": {"order_type": "market", "strategy": "combined"}, "ts": "2026-06-21T16:06:37.677184+00:00", "session_id": "d5ca3630", "level": "INFO"}
{"event": "order", "order_id": "2641e101-56b", "symbol": "AAPL", "side": "buy", "qty": 7, "price": 0.0, "status": "submitted", "metadata": {"order_type": "market", "strategy": "combined"}, "ts": "2026-06-21T16:06:37.680946+00:00", "session_id": "d5ca3630", "level": "INFO"}
  [bar 308] 2024-02-16 05:00:00+00:00 | 8 signals | equity=104,757 | regime=SIDEWAYS
{"event": "fill", "order_id": "2641e101-56b", "fill_price": 180.11069998637234, "fill_qty": 7, "slippage_bps": 7.0031, "metadata": {"symbol": "AAPL", "side": "buy", "commission": 0.035, "strategy": "combined"}, "ts": "2026-06-21T16:06:37.686118+00:00", "session_id": "d5ca3630", "level": "INFO"}
{"event": "fill", "order_id": "5bc7351f-da4", "fill_price": 167.94779821050676, "fill_qty": 38, "slippage_bps": 7.0188, "metadata": {"symbol": "AMZN", "side": "buy", "commission": 0.19, "strategy": "combined"}, "ts": "2026-06-21T16:06:37.687025+00:00", "session_id": "d5ca3630", "level": "INFO"}
{"event": "fill", "order_id": "6bb86efe-ee3", "fill_price": 138.52977041224733, "fill_qty": 55, "slippage_bps": 7.028, "metadata": {"symbol": "GOOGL", "side": "buy", "commission": 0.275, "strategy": "combined"}, "ts": "2026-06-21T16:06:37.688231+00:00", "session_id": "d5ca3630", "level": "INFO"}
StatArbStrategy.generate_signals: no pairs loaded. Call find_pairs() first.
{"event": "signal", "strategy": "momentum", "symbol": "MSFT", "direction": "BUY", "strength": 0.552597, "metadata": {"rank": 0.9333333333333333, "sector": "Technology", "fallback": true}, "ts": "2026-06-21T16:06:37.924666+00:00", "session_id": "d5ca3630", "level": "INFO"}
{"event": "signal", "strategy": "momentum", "symbol": "NVDA", "direction": "BUY", "strength": 0.293048, "metadata": {"rank": 1.0, "sector": "Technology", "fallback": true}, "ts": "2026-06-21T16:06:37.924983+00:00", "session_id": "d5ca3630", "level": "INFO"}
{"event": "signal", "strategy": "momentum", "symbol": "AMZN", "direction": "BUY", "strength": 0.340583, "metadata": {"rank": 0.8666666666666667, "sector": "Consumer Discretionary", "fallback": true}, "ts": "2026-06-21T16:06:37.926021+00:00", "session_id": "d5ca3630", "level": "INFO"}
{"event": "signal", "strategy": "momentum", "symbol": "TSLA", "direction": "SELL", "strength": 0.183009, "metadata": {"rank": 0.2, "sector": "Consumer Discretionary", "fallback": true}, "ts": "2026-06-21T16:06:37.926300+00:00", "session_id": "d5ca3630", "level": "INFO"}
{"event": "signal", "strategy": "momentum", "symbol": "XOM", "direction": "SELL", "strength": 0.448217, "metadata": {"rank": 0.13333333333333333, "sector": "Energy", "fallback": true}, "ts": "2026-06-21T16:06:37.926792+00:00", "session_id": "d5ca3630", "level": "INFO"}
{"event": "signal", "strategy": "momentum", "symbol": "GOOGL", "direction": "BUY", "strength": 0.299479, "metadata": {"rank": 0.8, "sector": "Communication Services", "fallback": true}, "ts": "2026-06-21T16:06:37.927775+00:00", "session_id": "d5ca3630", "level": "INFO"}
MeanReversion: no volume data supplied — volume filter bypassed
{"event": "signal", "strategy": "mean_reversion", "symbol": "LIN", "direction": "SELL", "strength": 1.0, "metadata": {"z": 3.6336, "rsi": 72.46, "rv": 0.1967}, "ts": "2026-06-21T16:06:37.968314+00:00", "session_id": "d5ca3630", "level": "INFO"}
{"event": "info", "message": "SignalGenerator: 7 raw \u2192 2 combined signals", "metadata": {"regime": "BEAR", "n_strategies": 4, "allocations": {"stat_arb": 0.25, "momentum": 0.15, "factor_model": 0.25, "mean_reversion": 0.3}}, "ts": "2026-06-21T16:06:37.970934+00:00", "session_id": "d5ca3630", "level": "INFO"}
{"event": "risk_event", "event_type": "trade_rejected", "details": {"symbol": "XOM", "side": "sell", "qty": 138, "reason": "Individual short position 12.59% exceeds limit 5%", "strategy": "combined"}, "ts": "2026-06-21T16:06:37.982488+00:00", "session_id": "d5ca3630", "level": "WARNING"}
{"event": "risk_event", "event_type": "trade_rejected", "details": {"symbol": "LIN", "side": "sell", "qty": 36, "reason": "Individual short position 14.53% exceeds limit 5%", "strategy": "combined"}, "ts": "2026-06-21T16:06:37.987084+00:00", "session_id": "d5ca3630", "level": "WARNING"}
  [bar 309] 2024-02-20 05:00:00+00:00 | 2 signals | equity=104,591 | regime=BEAR
StatArbStrategy.generate_signals: no pairs loaded. Call find_pairs() first.
{"event": "signal", "strategy": "momentum", "symbol": "MSFT", "direction": "BUY", "strength": 1.0, "metadata": {"rank": 0.9333333333333333, "sector": "Technology", "fallback": true}, "ts": "2026-06-21T16:06:38.237295+00:00", "session_id": "d5ca3630", "level": "INFO"}
{"event": "signal", "strategy": "momentum", "symbol": "NVDA", "direction": "BUY", "strength": 0.583312, "metadata": {"rank": 1.0, "sector": "Technology", "fallback": true}, "ts": "2026-06-21T16:06:38.237566+00:00", "session_id": "d5ca3630", "level": "INFO"}
{"event": "signal", "strategy": "momentum", "symbol": "AMZN", "direction": "BUY", "strength": 0.6867, "metadata": {"rank": 0.8666666666666667, "sector": "Consumer Discretionary", "fallback": true}, "ts": "2026-06-21T16:06:38.238591+00:00", "session_id": "d5ca3630", "level": "INFO"}
{"event": "signal", "strategy": "momentum", "symbol": "TSLA", "direction": "SELL", "strength": 0.368519, "metadata": {"rank": 0.2, "sector": "Consumer Discretionary", "fallback": true}, "ts": "2026-06-21T16:06:38.238840+00:00", "session_id": "d5ca3630", "level": "INFO"}
{"event": "signal", "strategy": "momentum", "symbol": "XOM", "direction": "SELL", "strength": 0.877271, "metadata": {"rank": 0.13333333333333333, "sector": "Energy", "fallback": true}, "ts": "2026-06-21T16:06:38.239314+00:00", "session_id": "d5ca3630", "level": "INFO"}
{"event": "signal", "strategy": "momentum", "symbol": "GOOGL", "direction": "BUY", "strength": 0.599303, "metadata": {"rank": 0.8, "sector": "Communication Services", "fallback": true}, "ts": "2026-06-21T16:06:38.240201+00:00", "session_id": "d5ca3630", "level": "INFO"}
MeanReversion: no volume data supplied — volume filter bypassed
{"event": "signal", "strategy": "mean_reversion", "symbol": "JPM", "direction": "SELL", "strength": 0.60173, "metadata": {"z": 1.6844, "rsi": 72.93, "rv": 0.1373}, "ts": "2026-06-21T16:06:38.267835+00:00", "session_id": "d5ca3630", "level": "INFO"}
{"event": "signal", "strategy": "mean_reversion", "symbol": "LIN", "direction": "CLOSE", "strength": 1.0, "metadata": {"z": 3.5824, "action": "hard_stop"}, "ts": "2026-06-21T16:06:38.281488+00:00", "session_id": "d5ca3630", "level": "INFO"}
{"event": "info", "message": "SignalGenerator: 8 raw \u2192 8 combined signals", "metadata": {"regime": "SIDEWAYS", "n_strategies": 4, "allocations": {"stat_arb": 0.25, "momentum": 0.3, "factor_model": 0.25, "mean_reversion": 0.18}}, "ts": "2026-06-21T16:06:38.283411+00:00", "session_id": "d5ca3630", "level": "INFO"}
{"event": "order", "order_id": "21fa9e92-1df", "symbol": "NVDA", "side": "buy", "qty": 87, "price": 0.0, "status": "submitted", "metadata": {"order_type": "market", "strategy": "combined"}, "ts": "2026-06-21T16:06:38.302173+00:00", "session_id": "d5ca3630", "level": "INFO"}
{"event": "order", "order_id": "3ea31bc6-d38", "symbol": "AMZN", "side": "buy", "qty": 3, "price": 0.0, "status": "submitted", "metadata": {"order_type": "market", "strategy": "combined"}, "ts": "2026-06-21T16:06:38.306190+00:00", "session_id": "d5ca3630", "level": "INFO"}
{"event": "risk_event", "event_type": "trade_rejected", "details": {"symbol": "XOM", "side": "sell", "qty": 159, "reason": "Individual short position 14.76% exceeds limit 5%", "strategy": "combined"}, "ts": "2026-06-21T16:06:38.311018+00:00", "session_id": "d5ca3630", "level": "WARNING"}
  [bar 310] 2024-02-21 05:00:00+00:00 | 8 signals | equity=104,947 | regime=SIDEWAYS
{"event": "fill", "order_id": "3ea31bc6-d38", "fill_price": 173.22127136475956, "fill_qty": 3, "slippage_bps": 7.0055, "metadata": {"symbol": "AMZN", "side": "buy", "commission": 0.015, "strategy": "combined"}, "ts": "2026-06-21T16:06:38.314533+00:00", "session_id": "d5ca3630", "level": "INFO"}
{"event": "fill", "order_id": "21fa9e92-1df", "fill_price": 74.94444076879323, "fill_qty": 87, "slippage_bps": 7.0167, "metadata": {"symbol": "NVDA", "side": "buy", "commission": 0.435, "strategy": "combined"}, "ts": "2026-06-21T16:06:38.316587+00:00", "session_id": "d5ca3630", "level": "INFO"}
StatArbStrategy.generate_signals: no pairs loaded. Call find_pairs() first.
{"event": "signal", "strategy": "momentum", "symbol": "MSFT", "direction": "BUY", "strength": 0.538571, "metadata": {"rank": 0.9333333333333333, "sector": "Technology", "fallback": true}, "ts": "2026-06-21T16:06:38.546566+00:00", "session_id": "d5ca3630", "level": "INFO"}
{"event": "signal", "strategy": "momentum", "symbol": "NVDA", "direction": "BUY", "strength": 0.22118, "metadata": {"rank": 1.0, "sector": "Technology", "fallback": true}, "ts": "2026-06-21T16:06:38.546833+00:00", "session_id": "d5ca3630", "level": "INFO"}
{"event": "signal", "strategy": "momentum", "symbol": "AMZN", "direction": "BUY", "strength": 0.331994, "metadata": {"rank": 0.8666666666666667, "sector": "Consumer Discretionary", "fallback": true}, "ts": "2026-06-21T16:06:38.547876+00:00", "session_id": "d5ca3630", "level": "INFO"}
{"event": "signal", "strategy": "momentum", "symbol": "TSLA", "direction": "SELL", "strength": 0.183838, "metadata": {"rank": 0.2, "sector": "Consumer Discretionary", "fallback": true}, "ts": "2026-06-21T16:06:38.548112+00:00", "session_id": "d5ca3630", "level": "INFO"}
{"event": "signal", "strategy": "momentum", "symbol": "XOM", "direction": "SELL", "strength": 0.43924, "metadata": {"rank": 0.13333333333333333, "sector": "Energy", "fallback": true}, "ts": "2026-06-21T16:06:38.548570+00:00", "session_id": "d5ca3630", "level": "INFO"}
{"event": "signal", "strategy": "momentum", "symbol": "GOOGL", "direction": "BUY", "strength": 0.300445, "metadata": {"rank": 0.8, "sector": "Communication Services", "fallback": true}, "ts": "2026-06-21T16:06:38.549511+00:00", "session_id": "d5ca3630", "level": "INFO"}
MeanReversion: no volume data supplied — volume filter bypassed
{"event": "signal", "strategy": "mean_reversion", "symbol": "NVDA", "direction": "SELL", "strength": 0.784992, "metadata": {"z": 2.298, "rsi": 74.43, "rv": 0.6535}, "ts": "2026-06-21T16:06:38.573965+00:00", "session_id": "d5ca3630", "level": "INFO"}
{"event": "signal", "strategy": "mean_reversion", "symbol": "JPM", "direction": "SELL", "strength": 0.793585, "metadata": {"z": 1.9042, "rsi": 79.56, "rv": 0.1393}, "ts": "2026-06-21T16:06:38.578995+00:00", "session_id": "d5ca3630", "level": "INFO"}
{"event": "signal", "strategy": "mean_reversion", "symbol": "LIN", "direction": "SELL", "strength": 1.0, "metadata": {"z": 3.8475, "rsi": 78.73, "rv": 0.1877}, "ts": "2026-06-21T16:06:38.591802+00:00", "session_id": "d5ca3630", "level": "INFO"}
{"event": "info", "message": "SignalGenerator: 9 raw \u2192 4 combined signals", "metadata": {"regime": "BEAR", "n_strategies": 4, "allocations": {"stat_arb": 0.25, "momentum": 0.15, "factor_model": 0.25, "mean_reversion": 0.3}}, "ts": "2026-06-21T16:06:38.593749+00:00", "session_id": "d5ca3630", "level": "INFO"}
{"event": "risk_event", "event_type": "trade_rejected", "details": {"symbol": "XOM", "side": "sell", "qty": 165, "reason": "Individual short position 15.11% exceeds limit 5%", "strategy": "combined"}, "ts": "2026-06-21T16:06:38.608558+00:00", "session_id": "d5ca3630", "level": "WARNING"}
{"event": "risk_event", "event_type": "trade_rejected", "details": {"symbol": "LIN", "side": "sell", "qty": 42, "reason": "Individual short position 17.11% exceeds limit 5%", "strategy": "combined"}, "ts": "2026-06-21T16:06:38.614065+00:00", "session_id": "d5ca3630", "level": "WARNING"}
  [bar 311] 2024-02-22 05:00:00+00:00 | 4 signals | equity=106,247 | regime=BEAR
StatArbStrategy.generate_signals: no pairs loaded. Call find_pairs() first.
{"event": "signal", "strategy": "momentum", "symbol": "MSFT", "direction": "BUY", "strength": 1.0, "metadata": {"rank": 0.9333333333333333, "sector": "Technology", "fallback": true}, "ts": "2026-06-21T16:06:38.851208+00:00", "session_id": "d5ca3630", "level": "INFO"}
{"event": "signal", "strategy": "momentum", "symbol": "NVDA", "direction": "BUY", "strength": 0.442269, "metadata": {"rank": 1.0, "sector": "Technology", "fallback": true}, "ts": "2026-06-21T16:06:38.851538+00:00", "session_id": "d5ca3630", "level": "INFO"}
{"event": "signal", "strategy": "momentum", "symbol": "AMZN", "direction": "BUY", "strength": 0.613193, "metadata": {"rank": 0.8, "sector": "Consumer Discretionary", "fallback": true}, "ts": "2026-06-21T16:06:38.852774+00:00", "session_id": "d5ca3630", "level": "INFO"}
{"event": "signal", "strategy": "momentum", "symbol": "TSLA", "direction": "SELL", "strength": 0.365302, "metadata": {"rank": 0.2, "sector": "Consumer Discretionary", "fallback": true}, "ts": "2026-06-21T16:06:38.853019+00:00", "session_id": "d5ca3630", "level": "INFO"}
{"event": "signal", "strategy": "momentum", "symbol": "XOM", "direction": "SELL", "strength": 0.876343, "metadata": {"rank": 0.13333333333333333, "sector": "Energy", "fallback": true}, "ts": "2026-06-21T16:06:38.853590+00:00", "session_id": "d5ca3630", "level": "INFO"}
{"event": "signal", "strategy": "momentum", "symbol": "GOOGL", "direction": "BUY", "strength": 0.651072, "metadata": {"rank": 0.8666666666666667, "sector": "Communication Services", "fallback": true}, "ts": "2026-06-21T16:06:38.854804+00:00", "session_id": "d5ca3630", "level": "INFO"}
MeanReversion: no volume data supplied — volume filter bypassed
{"event": "signal", "strategy": "mean_reversion", "symbol": "NVDA", "direction": "SELL", "strength": 0.720789, "metadata": {"z": 2.1919, "rsi": 71.91, "rv": 0.6536}, "ts": "2026-06-21T16:06:38.878974+00:00", "session_id": "d5ca3630", "level": "INFO"}
{"event": "signal", "strategy": "mean_reversion", "symbol": "JNJ", "direction": "SELL", "strength": 0.777737, "metadata": {"z": 1.8718, "rsi": 70.21, "rv": 0.1209}, "ts": "2026-06-21T16:06:38.880860+00:00", "session_id": "d5ca3630", "level": "INFO"}
{"event": "signal", "strategy": "mean_reversion", "symbol": "JPM", "direction": "SELL", "strength": 0.850496, "metadata": {"z": 1.9642, "rsi": 79.45, "rv": 0.1337}, "ts": "2026-06-21T16:06:38.884328+00:00", "session_id": "d5ca3630", "level": "INFO"}
{"event": "signal", "strategy": "mean_reversion", "symbol": "LIN", "direction": "CLOSE", "strength": 1.0, "metadata": {"z": 3.4288, "action": "hard_stop"}, "ts": "2026-06-21T16:06:38.898614+00:00", "session_id": "d5ca3630", "level": "INFO"}
{"event": "info", "message": "SignalGenerator: 10 raw \u2192 9 combined signals", "metadata": {"regime": "SIDEWAYS", "n_strategies": 4, "allocations": {"stat_arb": 0.25, "momentum": 0.3, "factor_model": 0.25, "mean_reversion": 0.18}}, "ts": "2026-06-21T16:06:38.901230+00:00", "session_id": "d5ca3630", "level": "INFO"}
ExecutionManager: net exposure limit reached (84.9% vs ±80%) — skipping MSFT buy
{"event": "order", "order_id": "70fcfabf-10e", "symbol": "NVDA", "side": "sell", "qty": 87, "price": 0.0, "status": "submitted", "metadata": {"order_type": "market", "strategy": "combined"}, "ts": "2026-06-21T16:06:38.938339+00:00", "session_id": "d5ca3630", "level": "INFO"}
ExecutionManager: net exposure limit reached (84.9% vs ±80%) — skipping AMZN buy
{"event": "risk_event", "event_type": "trade_rejected", "details": {"symbol": "XOM", "side": "sell", "qty": 157, "reason": "Individual short position 14.24% exceeds limit 5%", "strategy": "combined"}, "ts": "2026-06-21T16:06:38.948148+00:00", "session_id": "d5ca3630", "level": "WARNING"}
ExecutionManager: net exposure limit reached (84.9% vs ±80%) — skipping GOOGL buy
{"event": "risk_event", "event_type": "trade_rejected", "details": {"symbol": "JNJ", "side": "sell", "qty": 140, "reason": "Individual short position 19.97% exceeds limit 5%", "strategy": "combined"}, "ts": "2026-06-21T16:06:38.957809+00:00", "session_id": "d5ca3630", "level": "WARNING"}
  [bar 312] 2024-02-23 05:00:00+00:00 | 9 signals | equity=106,343 | regime=SIDEWAYS
{"event": "fill", "order_id": "70fcfabf-10e", "fill_price": 79.50276253029662, "fill_qty": 87, "slippage_bps": 7.0163, "metadata": {"symbol": "NVDA", "side": "sell", "commission": 0.435, "strategy": "combined"}, "ts": "2026-06-21T16:06:38.966996+00:00", "session_id": "d5ca3630", "level": "INFO"}
StatArbStrategy.generate_signals: no pairs loaded. Call find_pairs() first.
{"event": "signal", "strategy": "momentum", "symbol": "MSFT", "direction": "BUY", "strength": 0.57733, "metadata": {"rank": 1.0, "sector": "Technology", "fallback": true}, "ts": "2026-06-21T16:06:39.237214+00:00", "session_id": "d5ca3630", "level": "INFO"}
{"event": "signal", "strategy": "momentum", "symbol": "NVDA", "direction": "BUY", "strength": 0.206971, "metadata": {"rank": 0.9333333333333333, "sector": "Technology", "fallback": true}, "ts": "2026-06-21T16:06:39.237501+00:00", "session_id": "d5ca3630", "level": "INFO"}
{"event": "signal", "strategy": "momentum", "symbol": "AMZN", "direction": "BUY", "strength": 0.332553, "metadata": {"rank": 0.8666666666666667, "sector": "Consumer Discretionary", "fallback": true}, "ts": "2026-06-21T16:06:39.238499+00:00", "session_id": "d5ca3630", "level": "INFO"}
{"event": "signal", "strategy": "momentum", "symbol": "TSLA", "direction": "SELL", "strength": 0.183767, "metadata": {"rank": 0.2, "sector": "Consumer Discretionary", "fallback": true}, "ts": "2026-06-21T16:06:39.238752+00:00", "session_id": "d5ca3630", "level": "INFO"}
{"event": "signal", "strategy": "momentum", "symbol": "XOM", "direction": "SELL", "strength": 0.437846, "metadata": {"rank": 0.13333333333333333, "sector": "Energy", "fallback": true}, "ts": "2026-06-21T16:06:39.239252+00:00", "session_id": "d5ca3630", "level": "INFO"}
{"event": "signal", "strategy": "momentum", "symbol": "GOOGL", "direction": "BUY", "strength": 0.283294, "metadata": {"rank": 0.8, "sector": "Communication Services", "fallback": true}, "ts": "2026-06-21T16:06:39.240162+00:00", "session_id": "d5ca3630", "level": "INFO"}
MeanReversion: no volume data supplied — volume filter bypassed
{"event": "signal", "strategy": "mean_reversion", "symbol": "JPM", "direction": "SELL", "strength": 0.736475, "metadata": {"z": 1.8348, "rsi": 77.48, "rv": 0.1334}, "ts": "2026-06-21T16:06:39.268497+00:00", "session_id": "d5ca3630", "level": "INFO"}
{"event": "signal", "strategy": "mean_reversion", "symbol": "LIN", "direction": "SELL", "strength": 1.0, "metadata": {"z": 2.8885, "rsi": 85.77, "rv": 0.1919}, "ts": "2026-06-21T16:06:39.282293+00:00", "session_id": "d5ca3630", "level": "INFO"}
{"event": "info", "message": "SignalGenerator: 8 raw \u2192 3 combined signals", "metadata": {"regime": "BEAR", "n_strategies": 4, "allocations": {"stat_arb": 0.25, "momentum": 0.15, "factor_model": 0.25, "mean_reversion": 0.3}}, "ts": "2026-06-21T16:06:39.284200+00:00", "session_id": "d5ca3630", "level": "INFO"}
{"event": "risk_event", "event_type": "trade_rejected", "details": {"symbol": "XOM", "side": "sell", "qty": 138, "reason": "Individual short position 12.63% exceeds limit 5%", "strategy": "combined"}, "ts": "2026-06-21T16:06:39.297095+00:00", "session_id": "d5ca3630", "level": "WARNING"}
{"event": "risk_event", "event_type": "trade_rejected", "details": {"symbol": "LIN", "side": "sell", "qty": 36, "reason": "Individual short position 14.66% exceeds limit 5%", "strategy": "combined"}, "ts": "2026-06-21T16:06:39.301895+00:00", "session_id": "d5ca3630", "level": "WARNING"}
  [bar 313] 2024-02-26 05:00:00+00:00 | 3 signals | equity=105,851 | regime=BEAR
StatArbStrategy.generate_signals: no pairs loaded. Call find_pairs() first.
{"event": "signal", "strategy": "momentum", "symbol": "MSFT", "direction": "BUY", "strength": 1.0, "metadata": {"rank": 1.0, "sector": "Technology", "fallback": true}, "ts": "2026-06-21T16:06:39.541757+00:00", "session_id": "d5ca3630", "level": "INFO"}
{"event": "signal", "strategy": "momentum", "symbol": "NVDA", "direction": "BUY", "strength": 0.413194, "metadata": {"rank": 0.9333333333333333, "sector": "Technology", "fallback": true}, "ts": "2026-06-21T16:06:39.542034+00:00", "session_id": "d5ca3630", "level": "INFO"}
{"event": "signal", "strategy": "momentum", "symbol": "AMZN", "direction": "BUY", "strength": 0.664382, "metadata": {"rank": 0.8666666666666667, "sector": "Consumer Discretionary", "fallback": true}, "ts": "2026-06-21T16:06:39.543061+00:00", "session_id": "d5ca3630", "level": "INFO"}
{"event": "signal", "strategy": "momentum", "symbol": "TSLA", "direction": "SELL", "strength": 0.367634, "metadata": {"rank": 0.2, "sector": "Consumer Discretionary", "fallback": true}, "ts": "2026-06-21T16:06:39.543313+00:00", "session_id": "d5ca3630", "level": "INFO"}
{"event": "signal", "strategy": "momentum", "symbol": "XOM", "direction": "SELL", "strength": 0.887014, "metadata": {"rank": 0.13333333333333333, "sector": "Energy", "fallback": true}, "ts": "2026-06-21T16:06:39.543768+00:00", "session_id": "d5ca3630", "level": "INFO"}
{"event": "signal", "strategy": "momentum", "symbol": "GOOGL", "direction": "BUY", "strength": 0.56945, "metadata": {"rank": 0.8, "sector": "Communication Services", "fallback": true}, "ts": "2026-06-21T16:06:39.544742+00:00", "session_id": "d5ca3630", "level": "INFO"}
MeanReversion: no volume data supplied — volume filter bypassed
{"event": "signal", "strategy": "mean_reversion", "symbol": "NVDA", "direction": "SELL", "strength": 0.580044, "metadata": {"z": 1.9578, "rsi": 70.73, "rv": 0.6512}, "ts": "2026-06-21T16:06:39.568207+00:00", "session_id": "d5ca3630", "level": "INFO"}
{"event": "signal", "strategy": "mean_reversion", "symbol": "JPM", "direction": "SELL", "strength": 0.706333, "metadata": {"z": 1.8008, "rsi": 76.75, "rv": 0.1338}, "ts": "2026-06-21T16:06:39.574076+00:00", "session_id": "d5ca3630", "level": "INFO"}
{"event": "signal", "strategy": "mean_reversion", "symbol": "LIN", "direction": "SELL", "strength": 1.0, "metadata": {"z": 2.6492, "rsi": 81.01, "rv": 0.1928}, "ts": "2026-06-21T16:06:39.586987+00:00", "session_id": "d5ca3630", "level": "INFO"}
{"event": "info", "message": "SignalGenerator: 9 raw \u2192 8 combined signals", "metadata": {"regime": "SIDEWAYS", "n_strategies": 4, "allocations": {"stat_arb": 0.25, "momentum": 0.3, "factor_model": 0.25, "mean_reversion": 0.18}}, "ts": "2026-06-21T16:06:39.588920+00:00", "session_id": "d5ca3630", "level": "INFO"}
{"event": "risk_event", "event_type": "trade_rejected", "details": {"symbol": "XOM", "side": "sell", "qty": 218, "reason": "Individual short position 19.86% exceeds limit 5%", "strategy": "combined"}, "ts": "2026-06-21T16:06:39.607607+00:00", "session_id": "d5ca3630", "level": "WARNING"}
{"event": "risk_event", "event_type": "trade_rejected", "details": {"symbol": "LIN", "side": "sell", "qty": 49, "reason": "Individual short position 19.90% exceeds limit 5%", "strategy": "combined"}, "ts": "2026-06-21T16:06:39.612346+00:00", "session_id": "d5ca3630", "level": "WARNING"}
  [bar 314] 2024-02-27 05:00:00+00:00 | 8 signals | equity=106,058 | regime=SIDEWAYS
StatArbStrategy.generate_signals: no pairs loaded. Call find_pairs() first.
{"event": "signal", "strategy": "momentum", "symbol": "MSFT", "direction": "BUY", "strength": 1.0, "metadata": {"rank": 0.9333333333333333, "sector": "Technology", "fallback": true}, "ts": "2026-06-21T16:06:39.930724+00:00", "session_id": "d5ca3630", "level": "INFO"}
{"event": "signal", "strategy": "momentum", "symbol": "NVDA", "direction": "BUY", "strength": 0.447017, "metadata": {"rank": 1.0, "sector": "Technology", "fallback": true}, "ts": "2026-06-21T16:06:39.931059+00:00", "session_id": "d5ca3630", "level": "INFO"}
{"event": "signal", "strategy": "momentum", "symbol": "AMZN", "direction": "BUY", "strength": 0.66426, "metadata": {"rank": 0.8666666666666667, "sector": "Consumer Discretionary", "fallback": true}, "ts": "2026-06-21T16:06:39.932104+00:00", "session_id": "d5ca3630", "level": "INFO"}
{"event": "signal", "strategy": "momentum", "symbol": "TSLA", "direction": "SELL", "strength": 0.398149, "metadata": {"rank": 0.13333333333333333, "sector": "Consumer Discretionary", "fallback": true}, "ts": "2026-06-21T16:06:39.932402+00:00", "session_id": "d5ca3630", "level": "INFO"}
{"event": "signal", "strategy": "momentum", "symbol": "XOM", "direction": "SELL", "strength": 0.819082, "metadata": {"rank": 0.2, "sector": "Energy", "fallback": true}, "ts": "2026-06-21T16:06:39.932890+00:00", "session_id": "d5ca3630", "level": "INFO"}
{"event": "signal", "strategy": "momentum", "symbol": "GOOGL", "direction": "BUY", "strength": 0.569581, "metadata": {"rank": 0.8, "sector": "Communication Services", "fallback": true}, "ts": "2026-06-21T16:06:39.933880+00:00", "session_id": "d5ca3630", "level": "INFO"}
MeanReversion: no volume data supplied — volume filter bypassed
{"event": "signal", "strategy": "mean_reversion", "symbol": "AAPL", "direction": "BUY", "strength": 0.411208, "metadata": {"z": -1.4689, "rsi": 28.29, "rv": 0.1402}, "ts": "2026-06-21T16:06:39.949790+00:00", "session_id": "d5ca3630", "level": "INFO"}
{"event": "signal", "strategy": "mean_reversion", "symbol": "UNH", "direction": "BUY", "strength": 0.665382, "metadata": {"z": -1.791, "rsi": 26.16, "rv": 0.1887}, "ts": "2026-06-21T16:06:39.957824+00:00", "session_id": "d5ca3630", "level": "INFO"}
{"event": "signal", "strategy": "mean_reversion", "symbol": "JPM", "direction": "SELL", "strength": 0.775385, "metadata": {"z": 1.8666, "rsi": 77.61, "rv": 0.1176}, "ts": "2026-06-21T16:06:39.960283+00:00", "session_id": "d5ca3630", "level": "INFO"}
{"event": "signal", "strategy": "mean_reversion", "symbol": "LIN", "direction": "SELL", "strength": 1.0, "metadata": {"z": 2.8947, "rsi": 82.88, "rv": 0.1958}, "ts": "2026-06-21T16:06:39.976782+00:00", "session_id": "d5ca3630", "level": "INFO"}
{"event": "info", "message": "SignalGenerator: 10 raw \u2192 7 combined signals", "metadata": {"regime": "BULL", "n_strategies": 4, "allocations": {"stat_arb": 0.05, "momentum": 0.5, "factor_model": 0.3, "mean_reversion": 0.13}}, "ts": "2026-06-21T16:06:39.978754+00:00", "session_id": "d5ca3630", "level": "INFO"}
{"event": "order", "order_id": "2176d09b-58a", "symbol": "NVDA", "side": "buy", "qty": 64, "price": 0.0, "status": "submitted", "metadata": {"order_type": "market", "strategy": "combined"}, "ts": "2026-06-21T16:06:39.996383+00:00", "session_id": "d5ca3630", "level": "INFO"}
{"event": "order", "order_id": "6290fe73-4c8", "symbol": "AMZN", "side": "buy", "qty": 3, "price": 0.0, "status": "submitted", "metadata": {"order_type": "market", "strategy": "combined"}, "ts": "2026-06-21T16:06:40.000413+00:00", "session_id": "d5ca3630", "level": "INFO"}
{"event": "risk_event", "event_type": "trade_rejected", "details": {"symbol": "XOM", "side": "sell", "qty": 204, "reason": "Individual short position 18.66% exceeds limit 5%", "strategy": "combined"}, "ts": "2026-06-21T16:06:40.005056+00:00", "session_id": "d5ca3630", "level": "WARNING"}
{"event": "order", "order_id": "fcf01cc2-39d", "symbol": "GOOGL", "side": "buy", "qty": 1, "price": 0.0, "status": "submitted", "metadata": {"order_type": "market", "strategy": "combined"}, "ts": "2026-06-21T16:06:40.009000+00:00", "session_id": "d5ca3630", "level": "INFO"}
{"event": "order", "order_id": "21659dc4-4fb", "symbol": "AAPL", "side": "buy", "qty": 1, "price": 0.0, "status": "submitted", "metadata": {"order_type": "market", "strategy": "combined"}, "ts": "2026-06-21T16:06:40.013046+00:00", "session_id": "d5ca3630", "level": "INFO"}
{"event": "order", "order_id": "ed5b6fcd-e3d", "symbol": "UNH", "side": "buy", "qty": 44, "price": 0.0, "status": "submitted", "metadata": {"order_type": "market", "strategy": "combined"}, "ts": "2026-06-21T16:06:40.017628+00:00", "session_id": "d5ca3630", "level": "INFO"}
  [bar 315] 2024-02-28 05:00:00+00:00 | 7 signals | equity=105,944 | regime=BULL
{"event": "fill", "order_id": "21659dc4-4fb", "fill_price": 179.59547397056897, "fill_qty": 1, "slippage_bps": 7.001, "metadata": {"symbol": "AAPL", "side": "buy", "commission": 0.005, "strategy": "combined"}, "ts": "2026-06-21T16:06:40.020933+00:00", "session_id": "d5ca3630", "level": "INFO"}
{"event": "fill", "order_id": "6290fe73-4c8", "fill_price": 173.13119339740365, "fill_qty": 3, "slippage_bps": 7.0053, "metadata": {"symbol": "AMZN", "side": "buy", "commission": 0.015, "strategy": "combined"}, "ts": "2026-06-21T16:06:40.021562+00:00", "session_id": "d5ca3630", "level": "INFO"}
{"event": "fill", "order_id": "fcf01cc2-39d", "fill_price": 136.16867987942726, "fill_qty": 1, "slippage_bps": 7.0028, "metadata": {"symbol": "GOOGL", "side": "buy", "commission": 0.005, "strategy": "combined"}, "ts": "2026-06-21T16:06:40.022305+00:00", "session_id": "d5ca3630", "level": "INFO"}
{"event": "fill", "order_id": "2176d09b-58a", "fill_price": 79.00904515508745, "fill_qty": 64, "slippage_bps": 7.0139, "metadata": {"symbol": "NVDA", "side": "buy", "commission": 0.32, "strategy": "combined"}, "ts": "2026-06-21T16:06:40.023937+00:00", "session_id": "d5ca3630", "level": "INFO"}
{"event": "fill", "order_id": "ed5b6fcd-e3d", "fill_price": 472.95683912047065, "fill_qty": 44, "slippage_bps": 7.0402, "metadata": {"symbol": "UNH", "side": "buy", "commission": 0.22, "strategy": "combined"}, "ts": "2026-06-21T16:06:40.025008+00:00", "session_id": "d5ca3630", "level": "INFO"}
StatArbStrategy.generate_signals: no pairs loaded. Call find_pairs() first.
{"event": "signal", "strategy": "momentum", "symbol": "MSFT", "direction": "BUY", "strength": 1.0, "metadata": {"rank": 0.9333333333333333, "sector": "Technology", "fallback": true}, "ts": "2026-06-21T16:06:40.252914+00:00", "session_id": "d5ca3630", "level": "INFO"}
{"event": "signal", "strategy": "momentum", "symbol": "NVDA", "direction": "BUY", "strength": 0.446914, "metadata": {"rank": 1.0, "sector": "Technology", "fallback": true}, "ts": "2026-06-21T16:06:40.253257+00:00", "session_id": "d5ca3630", "level": "INFO"}
{"event": "signal", "strategy": "momentum", "symbol": "JPM", "direction": "BUY", "strength": 1.0, "metadata": {"rank": 0.8, "sector": "Financials", "fallback": true}, "ts": "2026-06-21T16:06:40.254343+00:00", "session_id": "d5ca3630", "level": "INFO"}
{"event": "signal", "strategy": "momentum", "symbol": "AMZN", "direction": "BUY", "strength": 0.658124, "metadata": {"rank": 0.8666666666666667, "sector": "Consumer Discretionary", "fallback": true}, "ts": "2026-06-21T16:06:40.254987+00:00", "session_id": "d5ca3630", "level": "INFO"}
{"event": "signal", "strategy": "momentum", "symbol": "TSLA", "direction": "SELL", "strength": 0.367528, "metadata": {"rank": 0.2, "sector": "Consumer Discretionary", "fallback": true}, "ts": "2026-06-21T16:06:40.255218+00:00", "session_id": "d5ca3630", "level": "INFO"}
{"event": "signal", "strategy": "momentum", "symbol": "XOM", "direction": "SELL", "strength": 0.887429, "metadata": {"rank": 0.13333333333333333, "sector": "Energy", "fallback": true}, "ts": "2026-06-21T16:06:40.255770+00:00", "session_id": "d5ca3630", "level": "INFO"}
MeanReversion: no volume data supplied — volume filter bypassed
{"event": "signal", "strategy": "mean_reversion", "symbol": "AAPL", "direction": "BUY", "strength": 0.478265, "metadata": {"z": -1.5375, "rsi": 28.97, "rv": 0.1238}, "ts": "2026-06-21T16:06:40.276801+00:00", "session_id": "d5ca3630", "level": "INFO"}
{"event": "signal", "strategy": "mean_reversion", "symbol": "JNJ", "direction": "SELL", "strength": 0.489063, "metadata": {"z": 1.5493, "rsi": 73.42, "rv": 0.1231}, "ts": "2026-06-21T16:06:40.281882+00:00", "session_id": "d5ca3630", "level": "INFO"}
{"event": "signal", "strategy": "mean_reversion", "symbol": "UNH", "direction": "BUY", "strength": 0.861725, "metadata": {"z": -2.0173, "rsi": 22.55, "rv": 0.1806}, "ts": "2026-06-21T16:06:40.283706+00:00", "session_id": "d5ca3630", "level": "INFO"}
{"event": "signal", "strategy": "mean_reversion", "symbol": "JPM", "direction": "SELL", "strength": 0.91813, "metadata": {"z": 2.0183, "rsi": 82.62, "rv": 0.1091}, "ts": "2026-06-21T16:06:40.285524+00:00", "session_id": "d5ca3630", "level": "INFO"}
{"event": "signal", "strategy": "mean_reversion", "symbol": "LIN", "direction": "SELL", "strength": 1.0, "metadata": {"z": 2.5145, "rsi": 83.6, "rv": 0.1941}, "ts": "2026-06-21T16:06:40.298110+00:00", "session_id": "d5ca3630", "level": "INFO"}
{"event": "info", "message": "SignalGenerator: 11 raw \u2192 10 combined signals", "metadata": {"regime": "SIDEWAYS", "n_strategies": 4, "allocations": {"stat_arb": 0.25, "momentum": 0.3, "factor_model": 0.25, "mean_reversion": 0.18}}, "ts": "2026-06-21T16:06:40.300090+00:00", "session_id": "d5ca3630", "level": "INFO"}
ExecutionManager: net exposure limit reached (103.5% vs ±80%) — skipping MSFT buy
ExecutionManager: net exposure limit reached (103.5% vs ±80%) — skipping NVDA buy
ExecutionManager: net exposure limit reached (103.5% vs ±80%) — skipping JPM buy
ExecutionManager: net exposure limit reached (103.5% vs ±80%) — skipping AMZN buy
{"event": "risk_event", "event_type": "trade_rejected", "details": {"symbol": "XOM", "side": "sell", "qty": 133, "reason": "Individual short position 12.13% exceeds limit 5%", "strategy": "combined"}, "ts": "2026-06-21T16:06:40.322899+00:00", "session_id": "d5ca3630", "level": "WARNING"}
ExecutionManager: net exposure limit reached (103.5% vs ±80%) — skipping AAPL buy
{"event": "risk_event", "event_type": "trade_rejected", "details": {"symbol": "JNJ", "side": "sell", "qty": 140, "reason": "Individual short position 19.88% exceeds limit 5%", "strategy": "combined"}, "ts": "2026-06-21T16:06:40.328966+00:00", "session_id": "d5ca3630", "level": "WARNING"}
ExecutionManager: net exposure limit reached (103.5% vs ±80%) — skipping UNH buy
{"event": "risk_event", "event_type": "trade_rejected", "details": {"symbol": "LIN", "side": "sell", "qty": 48, "reason": "Individual short position 19.59% exceeds limit 5%", "strategy": "combined"}, "ts": "2026-06-21T16:06:40.335522+00:00", "session_id": "d5ca3630", "level": "WARNING"}
  [bar 316] 2024-02-29 05:00:00+00:00 | 10 signals | equity=106,495 | regime=SIDEWAYS
StatArbStrategy.generate_signals: no pairs loaded. Call find_pairs() first.
{"event": "signal", "strategy": "momentum", "symbol": "MSFT", "direction": "BUY", "strength": 0.554443, "metadata": {"rank": 0.9333333333333333, "sector": "Technology", "fallback": true}, "ts": "2026-06-21T16:06:40.574793+00:00", "session_id": "d5ca3630", "level": "INFO"}
{"event": "signal", "strategy": "momentum", "symbol": "NVDA", "direction": "BUY", "strength": 0.224507, "metadata": {"rank": 1.0, "sector": "Technology", "fallback": true}, "ts": "2026-06-21T16:06:40.575080+00:00", "session_id": "d5ca3630", "level": "INFO"}
{"event": "signal", "strategy": "momentum", "symbol": "JPM", "direction": "BUY", "strength": 0.656622, "metadata": {"rank": 0.8, "sector": "Financials", "fallback": true}, "ts": "2026-06-21T16:06:40.575830+00:00", "session_id": "d5ca3630", "level": "INFO"}
{"event": "signal", "strategy": "momentum", "symbol": "AMZN", "direction": "BUY", "strength": 0.332239, "metadata": {"rank": 0.8666666666666667, "sector": "Consumer Discretionary", "fallback": true}, "ts": "2026-06-21T16:06:40.576368+00:00", "session_id": "d5ca3630", "level": "INFO"}
{"event": "signal", "strategy": "momentum", "symbol": "TSLA", "direction": "SELL", "strength": 0.183932, "metadata": {"rank": 0.2, "sector": "Consumer Discretionary", "fallback": true}, "ts": "2026-06-21T16:06:40.576587+00:00", "session_id": "d5ca3630", "level": "INFO"}
{"event": "signal", "strategy": "momentum", "symbol": "XOM", "direction": "SELL", "strength": 0.441057, "metadata": {"rank": 0.13333333333333333, "sector": "Energy", "fallback": true}, "ts": "2026-06-21T16:06:40.577024+00:00", "session_id": "d5ca3630", "level": "INFO"}
{"event": "signal", "strategy": "factor_model", "symbol": "JPM", "direction": "BUY", "strength": 0.337417, "metadata": {"composite_score": 1.0122510647066547}, "ts": "2026-06-21T16:06:40.591440+00:00", "session_id": "d5ca3630", "level": "INFO"}
{"event": "signal", "strategy": "factor_model", "symbol": "TSLA", "direction": "SELL", "strength": 0.57678, "metadata": {"composite_score": -1.730340933282881}, "ts": "2026-06-21T16:06:40.591773+00:00", "session_id": "d5ca3630", "level": "INFO"}
MeanReversion: no volume data supplied — volume filter bypassed
{"event": "signal", "strategy": "mean_reversion", "symbol": "AAPL", "direction": "BUY", "strength": 0.607218, "metadata": {"z": -1.6758, "rsi": 24.11, "rv": 0.113}, "ts": "2026-06-21T16:06:40.594145+00:00", "session_id": "d5ca3630", "level": "INFO"}
{"event": "signal", "strategy": "mean_reversion", "symbol": "JNJ", "direction": "SELL", "strength": 0.675869, "metadata": {"z": 1.7586, "rsi": 74.17, "rv": 0.1224}, "ts": "2026-06-21T16:06:40.599268+00:00", "session_id": "d5ca3630", "level": "INFO"}
{"event": "signal", "strategy": "mean_reversion", "symbol": "UNH", "direction": "BUY", "strength": 1.0, "metadata": {"z": -2.1831, "rsi": 21.57, "rv": 0.1802}, "ts": "2026-06-21T16:06:40.601084+00:00", "session_id": "d5ca3630", "level": "INFO"}
{"event": "signal", "strategy": "mean_reversion", "symbol": "JPM", "direction": "SELL", "strength": 0.768613, "metadata": {"z": 1.8528, "rsi": 78.84, "rv": 0.1095}, "ts": "2026-06-21T16:06:40.602951+00:00", "session_id": "d5ca3630", "level": "INFO"}
{"event": "signal", "strategy": "mean_reversion", "symbol": "XOM", "direction": "SELL", "strength": 0.883128, "metadata": {"z": 2.0467, "rsi": 70.54, "rv": 0.1853}, "ts": "2026-06-21T16:06:40.609579+00:00", "session_id": "d5ca3630", "level": "INFO"}
{"event": "signal", "strategy": "mean_reversion", "symbol": "LIN", "direction": "SELL", "strength": 1.0, "metadata": {"z": 2.3736, "rsi": 81.83, "rv": 0.194}, "ts": "2026-06-21T16:06:40.618511+00:00", "session_id": "d5ca3630", "level": "INFO"}
{"event": "info", "message": "SignalGenerator: 14 raw \u2192 7 combined signals", "metadata": {"regime": "BEAR", "n_strategies": 4, "allocations": {"stat_arb": 0.25, "momentum": 0.15, "factor_model": 0.25, "mean_reversion": 0.3}}, "ts": "2026-06-21T16:06:40.620518+00:00", "session_id": "d5ca3630", "level": "INFO"}
ExecutionManager: net exposure limit reached (103.5% vs ±80%) — skipping AAPL buy
{"event": "risk_event", "event_type": "trade_rejected", "details": {"symbol": "JNJ", "side": "sell", "qty": 120, "reason": "Individual short position 17.15% exceeds limit 5%", "strategy": "combined"}, "ts": "2026-06-21T16:06:40.649931+00:00", "session_id": "d5ca3630", "level": "WARNING"}
ExecutionManager: net exposure limit reached (103.5% vs ±80%) — skipping UNH buy
{"event": "risk_event", "event_type": "trade_rejected", "details": {"symbol": "LIN", "side": "sell", "qty": 35, "reason": "Individual short position 14.32% exceeds limit 5%", "strategy": "combined"}, "ts": "2026-06-21T16:06:40.659494+00:00", "session_id": "d5ca3630", "level": "WARNING"}
  [bar 317] 2024-03-01 05:00:00+00:00 | 7 signals | equity=106,336 | regime=BEAR
StatArbStrategy.generate_signals: no pairs loaded. Call find_pairs() first.
{"event": "signal", "strategy": "momentum", "symbol": "MSFT", "direction": "BUY", "strength": 1.0, "metadata": {"rank": 0.9333333333333333, "sector": "Technology", "fallback": true}, "ts": "2026-06-21T16:06:40.901669+00:00", "session_id": "d5ca3630", "level": "INFO"}
{"event": "signal", "strategy": "momentum", "symbol": "NVDA", "direction": "BUY", "strength": 0.446751, "metadata": {"rank": 1.0, "sector": "Technology", "fallback": true}, "ts": "2026-06-21T16:06:40.901943+00:00", "session_id": "d5ca3630", "level": "INFO"}
{"event": "signal", "strategy": "momentum", "symbol": "JPM", "direction": "BUY", "strength": 1.0, "metadata": {"rank": 0.8, "sector": "Financials", "fallback": true}, "ts": "2026-06-21T16:06:40.902701+00:00", "session_id": "d5ca3630", "level": "INFO"}
{"event": "signal", "strategy": "momentum", "symbol": "AMZN", "direction": "BUY", "strength": 0.665865, "metadata": {"rank": 0.8666666666666667, "sector": "Consumer Discretionary", "fallback": true}, "ts": "2026-06-21T16:06:40.903194+00:00", "session_id": "d5ca3630", "level": "INFO"}
{"event": "signal", "strategy": "momentum", "symbol": "TSLA", "direction": "SELL", "strength": 0.349523, "metadata": {"rank": 0.2, "sector": "Consumer Discretionary", "fallback": true}, "ts": "2026-06-21T16:06:40.903447+00:00", "session_id": "d5ca3630", "level": "INFO"}
{"event": "signal", "strategy": "momentum", "symbol": "XOM", "direction": "SELL", "strength": 0.891777, "metadata": {"rank": 0.13333333333333333, "sector": "Energy", "fallback": true}, "ts": "2026-06-21T16:06:40.903887+00:00", "session_id": "d5ca3630", "level": "INFO"}
MeanReversion: no volume data supplied — volume filter bypassed
{"event": "signal", "strategy": "mean_reversion", "symbol": "AAPL", "direction": "BUY", "strength": 1.0, "metadata": {"z": -2.3726, "rsi": 20.77, "rv": 0.1409}, "ts": "2026-06-21T16:06:40.920315+00:00", "session_id": "d5ca3630", "level": "INFO"}
{"event": "signal", "strategy": "mean_reversion", "symbol": "NVDA", "direction": "SELL", "strength": 0.702986, "metadata": {"z": 2.1565, "rsi": 72.44, "rv": 0.6451}, "ts": "2026-06-21T16:06:40.926642+00:00", "session_id": "d5ca3630", "level": "INFO"}
{"event": "signal", "strategy": "mean_reversion", "symbol": "UNH", "direction": "BUY", "strength": 1.0, "metadata": {"z": -2.5361, "rsi": 18.91, "rv": 0.1842}, "ts": "2026-06-21T16:06:40.932476+00:00", "session_id": "d5ca3630", "level": "INFO"}
{"event": "signal", "strategy": "mean_reversion", "symbol": "JPM", "direction": "SELL", "strength": 0.872346, "metadata": {"z": 1.9685, "rsi": 79.54, "rv": 0.1102}, "ts": "2026-06-21T16:06:40.935600+00:00", "session_id": "d5ca3630", "level": "INFO"}
{"event": "signal", "strategy": "mean_reversion", "symbol": "GOOGL", "direction": "BUY", "strength": 0.361067, "metadata": {"z": -1.4575, "rsi": 26.13, "rv": 0.267}, "ts": "2026-06-21T16:06:40.956071+00:00", "session_id": "d5ca3630", "level": "INFO"}
{"event": "signal", "strategy": "mean_reversion", "symbol": "LIN", "direction": "SELL", "strength": 1.0, "metadata": {"z": 2.6046, "rsi": 83.96, "rv": 0.194}, "ts": "2026-06-21T16:06:40.959082+00:00", "session_id": "d5ca3630", "level": "INFO"}
{"event": "info", "message": "SignalGenerator: 12 raw \u2192 10 combined signals", "metadata": {"regime": "SIDEWAYS", "n_strategies": 4, "allocations": {"stat_arb": 0.25, "momentum": 0.3, "factor_model": 0.25, "mean_reversion": 0.18}}, "ts": "2026-06-21T16:06:40.963540+00:00", "session_id": "d5ca3630", "level": "INFO"}
ExecutionManager: net exposure limit reached (103.6% vs ±80%) — skipping MSFT buy
{"event": "order", "order_id": "6633b683-893", "symbol": "NVDA", "side": "sell", "qty": 64, "price": 0.0, "status": "submitted", "metadata": {"order_type": "market", "strategy": "combined"}, "ts": "2026-06-21T16:06:40.993006+00:00", "session_id": "d5ca3630", "level": "INFO"}
ExecutionManager: net exposure limit reached (103.6% vs ±80%) — skipping JPM buy
ExecutionManager: net exposure limit reached (103.6% vs ±80%) — skipping AMZN buy
{"event": "risk_event", "event_type": "trade_rejected", "details": {"symbol": "XOM", "side": "sell", "qty": 200, "reason": "Individual short position 18.42% exceeds limit 5%", "strategy": "combined"}, "ts": "2026-06-21T16:06:41.008285+00:00", "session_id": "d5ca3630", "level": "WARNING"}
ExecutionManager: net exposure limit reached (103.6% vs ±80%) — skipping AAPL buy
ExecutionManager: net exposure limit reached (103.6% vs ±80%) — skipping UNH buy
ExecutionManager: net exposure limit reached (103.6% vs ±80%) — skipping GOOGL buy
{"event": "risk_event", "event_type": "trade_rejected", "details": {"symbol": "LIN", "side": "sell", "qty": 41, "reason": "Individual short position 17.19% exceeds limit 5%", "strategy": "combined"}, "ts": "2026-06-21T16:06:41.018127+00:00", "session_id": "d5ca3630", "level": "WARNING"}
  [bar 318] 2024-03-04 05:00:00+00:00 | 10 signals | equity=105,242 | regime=SIDEWAYS
{"event": "fill", "order_id": "6633b683-893", "fill_price": 85.06299617781478, "fill_qty": 64, "slippage_bps": 7.0135, "metadata": {"symbol": "NVDA", "side": "sell", "commission": 0.32, "strategy": "combined"}, "ts": "2026-06-21T16:06:41.028299+00:00", "session_id": "d5ca3630", "level": "INFO"}
StatArbStrategy.generate_signals: no pairs loaded. Call find_pairs() first.
{"event": "signal", "strategy": "momentum", "symbol": "MSFT", "direction": "BUY", "strength": 0.522854, "metadata": {"rank": 0.9333333333333333, "sector": "Technology", "fallback": true}, "ts": "2026-06-21T16:06:41.442225+00:00", "session_id": "d5ca3630", "level": "INFO"}
{"event": "signal", "strategy": "momentum", "symbol": "NVDA", "direction": "BUY", "strength": 0.226076, "metadata": {"rank": 1.0, "sector": "Technology", "fallback": true}, "ts": "2026-06-21T16:06:41.442682+00:00", "session_id": "d5ca3630", "level": "INFO"}
{"event": "signal", "strategy": "momentum", "symbol": "JPM", "direction": "BUY", "strength": 0.668741, "metadata": {"rank": 0.8, "sector": "Financials", "fallback": true}, "ts": "2026-06-21T16:06:41.443789+00:00", "session_id": "d5ca3630", "level": "INFO"}
{"event": "signal", "strategy": "momentum", "symbol": "AMZN", "direction": "BUY", "strength": 0.331405, "metadata": {"rank": 0.8666666666666667, "sector": "Consumer Discretionary", "fallback": true}, "ts": "2026-06-21T16:06:41.444523+00:00", "session_id": "d5ca3630", "level": "INFO"}
{"event": "signal", "strategy": "momentum", "symbol": "TSLA", "direction": "SELL", "strength": 0.172608, "metadata": {"rank": 0.2, "sector": "Consumer Discretionary", "fallback": true}, "ts": "2026-06-21T16:06:41.444858+00:00", "session_id": "d5ca3630", "level": "INFO"}
{"event": "signal", "strategy": "momentum", "symbol": "XOM", "direction": "SELL", "strength": 0.447929, "metadata": {"rank": 0.13333333333333333, "sector": "Energy", "fallback": true}, "ts": "2026-06-21T16:06:41.445962+00:00", "session_id": "d5ca3630", "level": "INFO"}
MeanReversion: no volume data supplied — volume filter bypassed
{"event": "signal", "strategy": "mean_reversion", "symbol": "AAPL", "direction": "BUY", "strength": 1.0, "metadata": {"z": -2.9656, "rsi": 18.23, "rv": 0.1601}, "ts": "2026-06-21T16:06:41.481018+00:00", "session_id": "d5ca3630", "level": "INFO"}
{"event": "signal", "strategy": "mean_reversion", "symbol": "NVDA", "direction": "SELL", "strength": 0.678425, "metadata": {"z": 2.1075, "rsi": 73.41, "rv": 0.6324}, "ts": "2026-06-21T16:06:41.485839+00:00", "session_id": "d5ca3630", "level": "INFO"}
{"event": "signal", "strategy": "mean_reversion", "symbol": "UNH", "direction": "BUY", "strength": 1.0, "metadata": {"z": -2.8701, "rsi": 16.62, "rv": 0.188}, "ts": "2026-06-21T16:06:41.490579+00:00", "session_id": "d5ca3630", "level": "INFO"}
{"event": "signal", "strategy": "mean_reversion", "symbol": "JPM", "direction": "SELL", "strength": 1.0, "metadata": {"z": 2.1481, "rsi": 88.07, "rv": 0.1112}, "ts": "2026-06-21T16:06:41.493116+00:00", "session_id": "d5ca3630", "level": "INFO"}
{"event": "signal", "strategy": "mean_reversion", "symbol": "CAT", "direction": "SELL", "strength": 0.486039, "metadata": {"z": 1.5891, "rsi": 70.86, "rv": 0.2121}, "ts": "2026-06-21T16:06:41.501759+00:00", "session_id": "d5ca3630", "level": "INFO"}
{"event": "signal", "strategy": "mean_reversion", "symbol": "GOOGL", "direction": "BUY", "strength": 0.489749, "metadata": {"z": -1.6185, "rsi": 27.72, "rv": 0.263}, "ts": "2026-06-21T16:06:41.505130+00:00", "session_id": "d5ca3630", "level": "INFO"}
{"event": "signal", "strategy": "mean_reversion", "symbol": "LIN", "direction": "SELL", "strength": 1.0, "metadata": {"z": 2.7234, "rsi": 90.65, "rv": 0.1772}, "ts": "2026-06-21T16:06:41.506977+00:00", "session_id": "d5ca3630", "level": "INFO"}
{"event": "info", "message": "SignalGenerator: 13 raw \u2192 8 combined signals", "metadata": {"regime": "BEAR", "n_strategies": 4, "allocations": {"stat_arb": 0.25, "momentum": 0.15, "factor_model": 0.25, "mean_reversion": 0.3}}, "ts": "2026-06-21T16:06:41.508894+00:00", "session_id": "d5ca3630", "level": "INFO"}
{"event": "risk_event", "event_type": "trade_rejected", "details": {"symbol": "XOM", "side": "sell", "qty": 113, "reason": "Individual short position 10.71% exceeds limit 5%", "strategy": "combined"}, "ts": "2026-06-21T16:06:41.528663+00:00", "session_id": "d5ca3630", "level": "WARNING"}
ExecutionManager: net exposure limit reached (98.4% vs ±80%) — skipping AAPL buy
ExecutionManager: net exposure limit reached (98.4% vs ±80%) — skipping UNH buy
ExecutionManager: net exposure limit reached (98.4% vs ±80%) — skipping GOOGL buy
{"event": "risk_event", "event_type": "trade_rejected", "details": {"symbol": "LIN", "side": "sell", "qty": 42, "reason": "Individual short position 18.11% exceeds limit 5%", "strategy": "combined"}, "ts": "2026-06-21T16:06:41.534380+00:00", "session_id": "d5ca3630", "level": "WARNING"}
  [bar 319] 2024-03-05 05:00:00+00:00 | 8 signals | equity=103,537 | regime=BEAR
StatArbStrategy.generate_signals: no pairs loaded. Call find_pairs() first.
{"event": "signal", "strategy": "momentum", "symbol": "MSFT", "direction": "BUY", "strength": 1.0, "metadata": {"rank": 0.9333333333333333, "sector": "Technology", "fallback": true}, "ts": "2026-06-21T16:06:41.809542+00:00", "session_id": "d5ca3630", "level": "INFO"}
{"event": "signal", "strategy": "momentum", "symbol": "NVDA", "direction": "BUY", "strength": 0.450893, "metadata": {"rank": 1.0, "sector": "Technology", "fallback": true}, "ts": "2026-06-21T16:06:41.809836+00:00", "session_id": "d5ca3630", "level": "INFO"}
{"event": "signal", "strategy": "momentum", "symbol": "JPM", "direction": "BUY", "strength": 1.0, "metadata": {"rank": 0.8, "sector": "Financials", "fallback": true}, "ts": "2026-06-21T16:06:41.810615+00:00", "session_id": "d5ca3630", "level": "INFO"}
{"event": "signal", "strategy": "momentum", "symbol": "AMZN", "direction": "BUY", "strength": 0.665604, "metadata": {"rank": 0.8666666666666667, "sector": "Consumer Discretionary", "fallback": true}, "ts": "2026-06-21T16:06:41.811106+00:00", "session_id": "d5ca3630", "level": "INFO"}
{"event": "signal", "strategy": "momentum", "symbol": "TSLA", "direction": "SELL", "strength": 0.34522, "metadata": {"rank": 0.2, "sector": "Consumer Discretionary", "fallback": true}, "ts": "2026-06-21T16:06:41.811356+00:00", "session_id": "d5ca3630", "level": "INFO"}
{"event": "signal", "strategy": "momentum", "symbol": "XOM", "direction": "SELL", "strength": 0.895025, "metadata": {"rank": 0.13333333333333333, "sector": "Energy", "fallback": true}, "ts": "2026-06-21T16:06:41.811818+00:00", "session_id": "d5ca3630", "level": "INFO"}
MeanReversion: no volume data supplied — volume filter bypassed
{"event": "signal", "strategy": "mean_reversion", "symbol": "AAPL", "direction": "BUY", "strength": 1.0, "metadata": {"z": -2.8647, "rsi": 18.14, "rv": 0.152}, "ts": "2026-06-21T16:06:41.828215+00:00", "session_id": "d5ca3630", "level": "INFO"}
{"event": "signal", "strategy": "mean_reversion", "symbol": "NVDA", "direction": "SELL", "strength": 0.743271, "metadata": {"z": 2.2101, "rsi": 74.25, "rv": 0.6281}, "ts": "2026-06-21T16:06:41.831678+00:00", "session_id": "d5ca3630", "level": "INFO"}
{"event": "signal", "strategy": "mean_reversion", "symbol": "UNH", "direction": "BUY", "strength": 1.0, "metadata": {"z": -2.7104, "rsi": 16.37, "rv": 0.1754}, "ts": "2026-06-21T16:06:41.835276+00:00", "session_id": "d5ca3630", "level": "INFO"}
{"event": "signal", "strategy": "mean_reversion", "symbol": "JPM", "direction": "SELL", "strength": 1.0, "metadata": {"z": 2.2047, "rsi": 87.54, "rv": 0.1113}, "ts": "2026-06-21T16:06:41.837177+00:00", "session_id": "d5ca3630", "level": "INFO"}
{"event": "signal", "strategy": "mean_reversion", "symbol": "XOM", "direction": "SELL", "strength": 0.950001, "metadata": {"z": 2.1369, "rsi": 72.28, "rv": 0.1968}, "ts": "2026-06-21T16:06:41.843705+00:00", "session_id": "d5ca3630", "level": "INFO"}
{"event": "signal", "strategy": "mean_reversion", "symbol": "GOOGL", "direction": "BUY", "strength": 0.634395, "metadata": {"z": -1.8009, "rsi": 24.46, "rv": 0.2624}, "ts": "2026-06-21T16:06:41.848691+00:00", "session_id": "d5ca3630", "level": "INFO"}
{"event": "signal", "strategy": "mean_reversion", "symbol": "LIN", "direction": "SELL", "strength": 1.0, "metadata": {"z": 2.6706, "rsi": 90.74, "rv": 0.1386}, "ts": "2026-06-21T16:06:41.850503+00:00", "session_id": "d5ca3630", "level": "INFO"}
{"event": "info", "message": "SignalGenerator: 13 raw \u2192 10 combined signals", "metadata": {"regime": "SIDEWAYS", "n_strategies": 4, "allocations": {"stat_arb": 0.25, "momentum": 0.3, "factor_model": 0.25, "mean_reversion": 0.18}}, "ts": "2026-06-21T16:06:41.852939+00:00", "session_id": "d5ca3630", "level": "INFO"}
ExecutionManager: net exposure limit reached (98.4% vs ±80%) — skipping MSFT buy
ExecutionManager: net exposure limit reached (98.4% vs ±80%) — skipping JPM buy
ExecutionManager: net exposure limit reached (98.4% vs ±80%) — skipping AMZN buy
{"event": "risk_event", "event_type": "trade_rejected", "details": {"symbol": "XOM", "side": "sell", "qty": 197, "reason": "Individual short position 18.92% exceeds limit 5%", "strategy": "combined"}, "ts": "2026-06-21T16:06:41.880232+00:00", "session_id": "d5ca3630", "level": "WARNING"}
ExecutionManager: net exposure limit reached (98.4% vs ±80%) — skipping AAPL buy
ExecutionManager: net exposure limit reached (98.4% vs ±80%) — skipping UNH buy
ExecutionManager: net exposure limit reached (98.4% vs ±80%) — skipping GOOGL buy
{"event": "risk_event", "event_type": "trade_rejected", "details": {"symbol": "LIN", "side": "sell", "qty": 39, "reason": "Individual short position 16.95% exceeds limit 5%", "strategy": "combined"}, "ts": "2026-06-21T16:06:41.885791+00:00", "session_id": "d5ca3630", "level": "WARNING"}
  [bar 320] 2024-03-06 05:00:00+00:00 | 10 signals | equity=103,293 | regime=SIDEWAYS
StatArbStrategy.generate_signals: no pairs loaded. Call find_pairs() first.
{"event": "signal", "strategy": "momentum", "symbol": "MSFT", "direction": "BUY", "strength": 0.516367, "metadata": {"rank": 0.9333333333333333, "sector": "Technology", "fallback": true}, "ts": "2026-06-21T16:06:42.121665+00:00", "session_id": "d5ca3630", "level": "INFO"}
{"event": "signal", "strategy": "momentum", "symbol": "NVDA", "direction": "BUY", "strength": 0.22302, "metadata": {"rank": 1.0, "sector": "Technology", "fallback": true}, "ts": "2026-06-21T16:06:42.121961+00:00", "session_id": "d5ca3630", "level": "INFO"}
{"event": "signal", "strategy": "momentum", "symbol": "JPM", "direction": "BUY", "strength": 0.660589, "metadata": {"rank": 0.8, "sector": "Financials", "fallback": true}, "ts": "2026-06-21T16:06:42.122726+00:00", "session_id": "d5ca3630", "level": "INFO"}
{"event": "signal", "strategy": "momentum", "symbol": "AMZN", "direction": "BUY", "strength": 0.330159, "metadata": {"rank": 0.8666666666666667, "sector": "Consumer Discretionary", "fallback": true}, "ts": "2026-06-21T16:06:42.123221+00:00", "session_id": "d5ca3630", "level": "INFO"}
{"event": "signal", "strategy": "momentum", "symbol": "TSLA", "direction": "SELL", "strength": 0.172286, "metadata": {"rank": 0.2, "sector": "Consumer Discretionary", "fallback": true}, "ts": "2026-06-21T16:06:42.123458+00:00", "session_id": "d5ca3630", "level": "INFO"}
{"event": "signal", "strategy": "momentum", "symbol": "XOM", "direction": "SELL", "strength": 0.449615, "metadata": {"rank": 0.13333333333333333, "sector": "Energy", "fallback": true}, "ts": "2026-06-21T16:06:42.123941+00:00", "session_id": "d5ca3630", "level": "INFO"}
MeanReversion: no volume data supplied — volume filter bypassed
{"event": "signal", "strategy": "mean_reversion", "symbol": "AAPL", "direction": "BUY", "strength": 1.0, "metadata": {"z": -2.672, "rsi": 18.27, "rv": 0.1514}, "ts": "2026-06-21T16:06:42.140970+00:00", "session_id": "d5ca3630", "level": "INFO"}
{"event": "signal", "strategy": "mean_reversion", "symbol": "NVDA", "direction": "SELL", "strength": 0.84262, "metadata": {"z": 2.3783, "rsi": 80.1, "rv": 0.6357}, "ts": "2026-06-21T16:06:42.144395+00:00", "session_id": "d5ca3630", "level": "INFO"}
{"event": "signal", "strategy": "mean_reversion", "symbol": "JNJ", "direction": "CLOSE", "strength": 1.0, "metadata": {"z": 0.4326, "action": "mean_reversion_exit"}, "ts": "2026-06-21T16:06:42.146206+00:00", "session_id": "d5ca3630", "level": "INFO"}
{"event": "signal", "strategy": "mean_reversion", "symbol": "UNH", "direction": "BUY", "strength": 1.0, "metadata": {"z": -2.2426, "rsi": 19.12, "rv": 0.1697}, "ts": "2026-06-21T16:06:42.148014+00:00", "session_id": "d5ca3630", "level": "INFO"}
{"event": "signal", "strategy": "mean_reversion", "symbol": "JPM", "direction": "SELL", "strength": 0.826264, "metadata": {"z": 1.9255, "rsi": 75.32, "rv": 0.1201}, "ts": "2026-06-21T16:06:42.149876+00:00", "session_id": "d5ca3630", "level": "INFO"}
{"event": "signal", "strategy": "mean_reversion", "symbol": "LIN", "direction": "SELL", "strength": 1.0, "metadata": {"z": 2.5692, "rsi": 89.04, "rv": 0.1385}, "ts": "2026-06-21T16:06:42.166763+00:00", "session_id": "d5ca3630", "level": "INFO"}
{"event": "info", "message": "SignalGenerator: 12 raw \u2192 7 combined signals", "metadata": {"regime": "BEAR", "n_strategies": 4, "allocations": {"stat_arb": 0.25, "momentum": 0.15, "factor_model": 0.25, "mean_reversion": 0.3}}, "ts": "2026-06-21T16:06:42.169297+00:00", "session_id": "d5ca3630", "level": "INFO"}
ExecutionManager: net exposure limit reached (98.4% vs ±80%) — skipping AAPL buy
ExecutionManager: net exposure limit reached (98.4% vs ±80%) — skipping UNH buy
{"event": "risk_event", "event_type": "trade_rejected", "details": {"symbol": "LIN", "side": "sell", "qty": 33, "reason": "Individual short position 14.29% exceeds limit 5%", "strategy": "combined"}, "ts": "2026-06-21T16:06:42.195609+00:00", "session_id": "d5ca3630", "level": "WARNING"}
  [bar 321] 2024-03-07 05:00:00+00:00 | 7 signals | equity=104,058 | regime=BEAR
StatArbStrategy.generate_signals: no pairs loaded. Call find_pairs() first.
{"event": "signal", "strategy": "momentum", "symbol": "MSFT", "direction": "BUY", "strength": 1.0, "metadata": {"rank": 0.9333333333333333, "sector": "Technology", "fallback": true}, "ts": "2026-06-21T16:06:42.432153+00:00", "session_id": "d5ca3630", "level": "INFO"}
{"event": "signal", "strategy": "momentum", "symbol": "NVDA", "direction": "BUY", "strength": 0.429313, "metadata": {"rank": 1.0, "sector": "Technology", "fallback": true}, "ts": "2026-06-21T16:06:42.432462+00:00", "session_id": "d5ca3630", "level": "INFO"}
{"event": "signal", "strategy": "momentum", "symbol": "JPM", "direction": "BUY", "strength": 1.0, "metadata": {"rank": 0.8, "sector": "Financials", "fallback": true}, "ts": "2026-06-21T16:06:42.433197+00:00", "session_id": "d5ca3630", "level": "INFO"}
{"event": "signal", "strategy": "momentum", "symbol": "AMZN", "direction": "BUY", "strength": 0.661382, "metadata": {"rank": 0.8666666666666667, "sector": "Consumer Discretionary", "fallback": true}, "ts": "2026-06-21T16:06:42.433847+00:00", "session_id": "d5ca3630", "level": "INFO"}
{"event": "signal", "strategy": "momentum", "symbol": "TSLA", "direction": "SELL", "strength": 0.344421, "metadata": {"rank": 0.2, "sector": "Consumer Discretionary", "fallback": true}, "ts": "2026-06-21T16:06:42.434067+00:00", "session_id": "d5ca3630", "level": "INFO"}
{"event": "signal", "strategy": "momentum", "symbol": "XOM", "direction": "SELL", "strength": 0.896072, "metadata": {"rank": 0.13333333333333333, "sector": "Energy", "fallback": true}, "ts": "2026-06-21T16:06:42.434651+00:00", "session_id": "d5ca3630", "level": "INFO"}
MeanReversion: no volume data supplied — volume filter bypassed
{"event": "signal", "strategy": "mean_reversion", "symbol": "AAPL", "direction": "BUY", "strength": 1.0, "metadata": {"z": -2.2685, "rsi": 25.47, "rv": 0.1615}, "ts": "2026-06-21T16:06:42.456782+00:00", "session_id": "d5ca3630", "level": "INFO"}
{"event": "signal", "strategy": "mean_reversion", "symbol": "UNH", "direction": "BUY", "strength": 0.984516, "metadata": {"z": -2.1509, "rsi": 18.22, "rv": 0.169}, "ts": "2026-06-21T16:06:42.465582+00:00", "session_id": "d5ca3630", "level": "INFO"}
{"event": "signal", "strategy": "mean_reversion", "symbol": "JPM", "direction": "SELL", "strength": 0.819224, "metadata": {"z": 1.9154, "rsi": 80.01, "rv": 0.1174}, "ts": "2026-06-21T16:06:42.467985+00:00", "session_id": "d5ca3630", "level": "INFO"}
{"event": "signal", "strategy": "mean_reversion", "symbol": "TSLA", "direction": "BUY", "strength": 0.262843, "metadata": {"z": -1.3893, "rsi": 28.71, "rv": 0.4811}, "ts": "2026-06-21T16:06:42.475059+00:00", "session_id": "d5ca3630", "level": "INFO"}
{"event": "signal", "strategy": "mean_reversion", "symbol": "LIN", "direction": "SELL", "strength": 1.0, "metadata": {"z": 2.2665, "rsi": 83.12, "rv": 0.1374}, "ts": "2026-06-21T16:06:42.484307+00:00", "session_id": "d5ca3630", "level": "INFO"}
{"event": "info", "message": "SignalGenerator: 11 raw \u2192 9 combined signals", "metadata": {"regime": "SIDEWAYS", "n_strategies": 4, "allocations": {"stat_arb": 0.25, "momentum": 0.3, "factor_model": 0.25, "mean_reversion": 0.18}}, "ts": "2026-06-21T16:06:42.486228+00:00", "session_id": "d5ca3630", "level": "INFO"}
ExecutionManager: net exposure limit reached (98.4% vs ±80%) — skipping MSFT buy
ExecutionManager: net exposure limit reached (98.4% vs ±80%) — skipping NVDA buy
ExecutionManager: net exposure limit reached (98.4% vs ±80%) — skipping JPM buy
ExecutionManager: net exposure limit reached (98.4% vs ±80%) — skipping AMZN buy
{"event": "order", "order_id": "f4315a3a-07e", "symbol": "TSLA", "side": "sell", "qty": 23, "price": 0.0, "status": "submitted", "metadata": {"order_type": "market", "strategy": "combined"}, "ts": "2026-06-21T16:06:42.501914+00:00", "session_id": "d5ca3630", "level": "INFO"}
{"event": "risk_event", "event_type": "trade_rejected", "details": {"symbol": "XOM", "side": "sell", "qty": 180, "reason": "Individual short position 17.42% exceeds limit 5%", "strategy": "combined"}, "ts": "2026-06-21T16:06:42.507464+00:00", "session_id": "d5ca3630", "level": "WARNING"}
ExecutionManager: net exposure limit reached (98.4% vs ±80%) — skipping AAPL buy
ExecutionManager: net exposure limit reached (98.4% vs ±80%) — skipping UNH buy
{"event": "risk_event", "event_type": "trade_rejected", "details": {"symbol": "LIN", "side": "sell", "qty": 41, "reason": "Individual short position 17.65% exceeds limit 5%", "strategy": "combined"}, "ts": "2026-06-21T16:06:42.513090+00:00", "session_id": "d5ca3630", "level": "WARNING"}
  [bar 322] 2024-03-08 05:00:00+00:00 | 9 signals | equity=104,053 | regime=SIDEWAYS
{"event": "fill", "order_id": "f4315a3a-07e", "fill_price": 175.32692909745452, "fill_qty": 23, "slippage_bps": 7.0144, "metadata": {"symbol": "TSLA", "side": "sell", "commission": 0.115, "strategy": "combined"}, "ts": "2026-06-21T16:06:42.518753+00:00", "session_id": "d5ca3630", "level": "INFO"}
StatArbStrategy.generate_signals: no pairs loaded. Call find_pairs() first.
{"event": "signal", "strategy": "momentum", "symbol": "MSFT", "direction": "BUY", "strength": 0.517306, "metadata": {"rank": 0.9333333333333333, "sector": "Technology", "fallback": true}, "ts": "2026-06-21T16:06:42.774126+00:00", "session_id": "d5ca3630", "level": "INFO"}
{"event": "signal", "strategy": "momentum", "symbol": "NVDA", "direction": "BUY", "strength": 0.213014, "metadata": {"rank": 1.0, "sector": "Technology", "fallback": true}, "ts": "2026-06-21T16:06:42.774488+00:00", "session_id": "d5ca3630", "level": "INFO"}
{"event": "signal", "strategy": "momentum", "symbol": "JPM", "direction": "BUY", "strength": 0.663493, "metadata": {"rank": 0.8, "sector": "Financials", "fallback": true}, "ts": "2026-06-21T16:06:42.775780+00:00", "session_id": "d5ca3630", "level": "INFO"}
{"event": "signal", "strategy": "momentum", "symbol": "AMZN", "direction": "BUY", "strength": 0.326313, "metadata": {"rank": 0.8666666666666667, "sector": "Consumer Discretionary", "fallback": true}, "ts": "2026-06-21T16:06:42.776592+00:00", "session_id": "d5ca3630", "level": "INFO"}
{"event": "signal", "strategy": "momentum", "symbol": "TSLA", "direction": "SELL", "strength": 0.171683, "metadata": {"rank": 0.2, "sector": "Consumer Discretionary", "fallback": true}, "ts": "2026-06-21T16:06:42.776990+00:00", "session_id": "d5ca3630", "level": "INFO"}
{"event": "signal", "strategy": "momentum", "symbol": "XOM", "direction": "SELL", "strength": 0.455734, "metadata": {"rank": 0.13333333333333333, "sector": "Energy", "fallback": true}, "ts": "2026-06-21T16:06:42.777740+00:00", "session_id": "d5ca3630", "level": "INFO"}
MeanReversion: no volume data supplied — volume filter bypassed
{"event": "signal", "strategy": "mean_reversion", "symbol": "NVDA", "direction": "SELL", "strength": 0.403471, "metadata": {"z": 1.6794, "rsi": 72.1, "rv": 0.6838}, "ts": "2026-06-21T16:06:42.810570+00:00", "session_id": "d5ca3630", "level": "INFO"}
{"event": "signal", "strategy": "mean_reversion", "symbol": "JPM", "direction": "SELL", "strength": 0.77458, "metadata": {"z": 1.8657, "rsi": 79.16, "rv": 0.1176}, "ts": "2026-06-21T16:06:42.818630+00:00", "session_id": "d5ca3630", "level": "INFO"}
{"event": "signal", "strategy": "mean_reversion", "symbol": "XOM", "direction": "SELL", "strength": 1.0, "metadata": {"z": 2.4726, "rsi": 76.82, "rv": 0.1693}, "ts": "2026-06-21T16:06:42.829123+00:00", "session_id": "d5ca3630", "level": "INFO"}
{"event": "signal", "strategy": "mean_reversion", "symbol": "CAT", "direction": "SELL", "strength": 0.41326, "metadata": {"z": 1.5013, "rsi": 75.29, "rv": 0.2131}, "ts": "2026-06-21T16:06:42.831662+00:00", "session_id": "d5ca3630", "level": "INFO"}
{"event": "signal", "strategy": "mean_reversion", "symbol": "LIN", "direction": "SELL", "strength": 1.0, "metadata": {"z": 2.4608, "rsi": 84.01, "rv": 0.1389}, "ts": "2026-06-21T16:06:42.838616+00:00", "session_id": "d5ca3630", "level": "INFO"}
{"event": "info", "message": "SignalGenerator: 11 raw \u2192 5 combined signals", "metadata": {"regime": "BEAR", "n_strategies": 4, "allocations": {"stat_arb": 0.25, "momentum": 0.15, "factor_model": 0.25, "mean_reversion": 0.3}}, "ts": "2026-06-21T16:06:42.841100+00:00", "session_id": "d5ca3630", "level": "INFO"}
{"event": "risk_event", "event_type": "trade_rejected", "details": {"symbol": "XOM", "side": "sell", "qty": 189, "reason": "Individual short position 18.28% exceeds limit 5%", "strategy": "combined"}, "ts": "2026-06-21T16:06:42.858964+00:00", "session_id": "d5ca3630", "level": "WARNING"}
{"event": "risk_event", "event_type": "trade_rejected", "details": {"symbol": "LIN", "side": "sell", "qty": 44, "reason": "Individual short position 19.11% exceeds limit 5%", "strategy": "combined"}, "ts": "2026-06-21T16:06:42.865499+00:00", "session_id": "d5ca3630", "level": "WARNING"}
  [bar 323] 2024-03-11 04:00:00+00:00 | 5 signals | equity=104,712 | regime=BEAR
StatArbStrategy.generate_signals: no pairs loaded. Call find_pairs() first.
{"event": "signal", "strategy": "momentum", "symbol": "MSFT", "direction": "BUY", "strength": 0.995647, "metadata": {"rank": 0.9333333333333333, "sector": "Technology", "fallback": true}, "ts": "2026-06-21T16:06:43.105075+00:00", "session_id": "d5ca3630", "level": "INFO"}
{"event": "signal", "strategy": "momentum", "symbol": "NVDA", "direction": "BUY", "strength": 0.412428, "metadata": {"rank": 1.0, "sector": "Technology", "fallback": true}, "ts": "2026-06-21T16:06:43.105432+00:00", "session_id": "d5ca3630", "level": "INFO"}
{"event": "signal", "strategy": "momentum", "symbol": "JPM", "direction": "BUY", "strength": 1.0, "metadata": {"rank": 0.8, "sector": "Financials", "fallback": true}, "ts": "2026-06-21T16:06:43.106277+00:00", "session_id": "d5ca3630", "level": "INFO"}
{"event": "signal", "strategy": "momentum", "symbol": "AMZN", "direction": "BUY", "strength": 0.647745, "metadata": {"rank": 0.8666666666666667, "sector": "Consumer Discretionary", "fallback": true}, "ts": "2026-06-21T16:06:43.106796+00:00", "session_id": "d5ca3630", "level": "INFO"}
{"event": "signal", "strategy": "momentum", "symbol": "TSLA", "direction": "SELL", "strength": 0.344031, "metadata": {"rank": 0.2, "sector": "Consumer Discretionary", "fallback": true}, "ts": "2026-06-21T16:06:43.107015+00:00", "session_id": "d5ca3630", "level": "INFO"}
{"event": "signal", "strategy": "momentum", "symbol": "XOM", "direction": "SELL", "strength": 0.910486, "metadata": {"rank": 0.13333333333333333, "sector": "Energy", "fallback": true}, "ts": "2026-06-21T16:06:43.107494+00:00", "session_id": "d5ca3630", "level": "INFO"}
MeanReversion: no volume data supplied — volume filter bypassed
{"event": "signal", "strategy": "mean_reversion", "symbol": "NVDA", "direction": "SELL", "strength": 0.607343, "metadata": {"z": 2.0421, "rsi": 79.74, "rv": 0.7158}, "ts": "2026-06-21T16:06:43.127123+00:00", "session_id": "d5ca3630", "level": "INFO"}
{"event": "signal", "strategy": "mean_reversion", "symbol": "JPM", "direction": "SELL", "strength": 0.897415, "metadata": {"z": 2.0039, "rsi": 79.68, "rv": 0.1187}, "ts": "2026-06-21T16:06:43.132229+00:00", "session_id": "d5ca3630", "level": "INFO"}
{"event": "signal", "strategy": "mean_reversion", "symbol": "CAT", "direction": "SELL", "strength": 0.478707, "metadata": {"z": 1.579, "rsi": 74.61, "rv": 0.2095}, "ts": "2026-06-21T16:06:43.140864+00:00", "session_id": "d5ca3630", "level": "INFO"}
{"event": "signal", "strategy": "mean_reversion", "symbol": "LIN", "direction": "SELL", "strength": 1.0, "metadata": {"z": 2.3892, "rsi": 83.5, "rv": 0.1377}, "ts": "2026-06-21T16:06:43.146089+00:00", "session_id": "d5ca3630", "level": "INFO"}
{"event": "info", "message": "SignalGenerator: 10 raw \u2192 8 combined signals", "metadata": {"regime": "SIDEWAYS", "n_strategies": 4, "allocations": {"stat_arb": 0.25, "momentum": 0.3, "factor_model": 0.25, "mean_reversion": 0.18}}, "ts": "2026-06-21T16:06:43.148033+00:00", "session_id": "d5ca3630", "level": "INFO"}
ExecutionManager: net exposure limit reached (94.6% vs ±80%) — skipping MSFT buy
ExecutionManager: net exposure limit reached (94.6% vs ±80%) — skipping JPM buy
ExecutionManager: net exposure limit reached (94.6% vs ±80%) — skipping AMZN buy
{"event": "risk_event", "event_type": "trade_rejected", "details": {"symbol": "XOM", "side": "sell", "qty": 210, "reason": "Individual short position 19.99% exceeds limit 5%", "strategy": "combined"}, "ts": "2026-06-21T16:06:43.172042+00:00", "session_id": "d5ca3630", "level": "WARNING"}
{"event": "risk_event", "event_type": "trade_rejected", "details": {"symbol": "LIN", "side": "sell", "qty": 43, "reason": "Individual short position 18.57% exceeds limit 5%", "strategy": "combined"}, "ts": "2026-06-21T16:06:43.176860+00:00", "session_id": "d5ca3630", "level": "WARNING"}
  [bar 324] 2024-03-12 04:00:00+00:00 | 8 signals | equity=105,709 | regime=SIDEWAYS
StatArbStrategy.generate_signals: no pairs loaded. Call find_pairs() first.
{"event": "signal", "strategy": "momentum", "symbol": "MSFT", "direction": "BUY", "strength": 0.517259, "metadata": {"rank": 0.9333333333333333, "sector": "Technology", "fallback": true}, "ts": "2026-06-21T16:06:43.416832+00:00", "session_id": "d5ca3630", "level": "INFO"}
{"event": "signal", "strategy": "momentum", "symbol": "NVDA", "direction": "BUY", "strength": 0.205374, "metadata": {"rank": 1.0, "sector": "Technology", "fallback": true}, "ts": "2026-06-21T16:06:43.417103+00:00", "session_id": "d5ca3630", "level": "INFO"}
{"event": "signal", "strategy": "momentum", "symbol": "JPM", "direction": "BUY", "strength": 0.681345, "metadata": {"rank": 0.8, "sector": "Financials", "fallback": true}, "ts": "2026-06-21T16:06:43.417866+00:00", "session_id": "d5ca3630", "level": "INFO"}
{"event": "signal", "strategy": "momentum", "symbol": "AMZN", "direction": "BUY", "strength": 0.325242, "metadata": {"rank": 0.8666666666666667, "sector": "Consumer Discretionary", "fallback": true}, "ts": "2026-06-21T16:06:43.418407+00:00", "session_id": "d5ca3630", "level": "INFO"}
{"event": "signal", "strategy": "momentum", "symbol": "TSLA", "direction": "SELL", "strength": 0.174146, "metadata": {"rank": 0.2, "sector": "Consumer Discretionary", "fallback": true}, "ts": "2026-06-21T16:06:43.418629+00:00", "session_id": "d5ca3630", "level": "INFO"}
{"event": "signal", "strategy": "momentum", "symbol": "XOM", "direction": "SELL", "strength": 0.470259, "metadata": {"rank": 0.13333333333333333, "sector": "Energy", "fallback": true}, "ts": "2026-06-21T16:06:43.419085+00:00", "session_id": "d5ca3630", "level": "INFO"}
MeanReversion: no volume data supplied — volume filter bypassed
{"event": "signal", "strategy": "mean_reversion", "symbol": "AAPL", "direction": "BUY", "strength": 0.825647, "metadata": {"z": -1.9666, "rsi": 23.13, "rv": 0.1707}, "ts": "2026-06-21T16:06:43.436190+00:00", "session_id": "d5ca3630", "level": "INFO"}
{"event": "signal", "strategy": "mean_reversion", "symbol": "UNH", "direction": "BUY", "strength": 0.317387, "metadata": {"z": -1.381, "rsi": 25.96, "rv": 0.2004}, "ts": "2026-06-21T16:06:43.443067+00:00", "session_id": "d5ca3630", "level": "INFO"}
{"event": "signal", "strategy": "mean_reversion", "symbol": "JPM", "direction": "SELL", "strength": 1.0, "metadata": {"z": 2.1118, "rsi": 78.79, "rv": 0.1097}, "ts": "2026-06-21T16:06:43.444918+00:00", "session_id": "d5ca3630", "level": "INFO"}
{"event": "signal", "strategy": "mean_reversion", "symbol": "TSLA", "direction": "BUY", "strength": 0.3136, "metadata": {"z": -1.467, "rsi": 26.2, "rv": 0.489}, "ts": "2026-06-21T16:06:43.449820+00:00", "session_id": "d5ca3630", "level": "INFO"}
{"event": "signal", "strategy": "mean_reversion", "symbol": "XOM", "direction": "SELL", "strength": 1.0, "metadata": {"z": 2.3472, "rsi": 70.9, "rv": 0.1656}, "ts": "2026-06-21T16:06:43.452097+00:00", "session_id": "d5ca3630", "level": "INFO"}
{"event": "signal", "strategy": "mean_reversion", "symbol": "CAT", "direction": "SELL", "strength": 0.61676, "metadata": {"z": 1.7274, "rsi": 74.18, "rv": 0.1795}, "ts": "2026-06-21T16:06:43.454375+00:00", "session_id": "d5ca3630", "level": "INFO"}
{"event": "signal", "strategy": "mean_reversion", "symbol": "GOOGL", "direction": "CLOSE", "strength": 1.0, "metadata": {"z": -0.3257, "action": "mean_reversion_exit"}, "ts": "2026-06-21T16:06:43.458902+00:00", "session_id": "d5ca3630", "level": "INFO"}
{"event": "signal", "strategy": "mean_reversion", "symbol": "LIN", "direction": "SELL", "strength": 1.0, "metadata": {"z": 2.4394, "rsi": 82.5, "rv": 0.1282}, "ts": "2026-06-21T16:06:43.461384+00:00", "session_id": "d5ca3630", "level": "INFO"}
{"event": "info", "message": "SignalGenerator: 14 raw \u2192 7 combined signals", "metadata": {"regime": "BEAR", "n_strategies": 4, "allocations": {"stat_arb": 0.25, "momentum": 0.15, "factor_model": 0.25, "mean_reversion": 0.3}}, "ts": "2026-06-21T16:06:43.463852+00:00", "session_id": "d5ca3630", "level": "INFO"}
{"event": "risk_event", "event_type": "trade_rejected", "details": {"symbol": "XOM", "side": "sell", "qty": 174, "reason": "Individual short position 16.75% exceeds limit 5%", "strategy": "combined"}, "ts": "2026-06-21T16:06:43.508134+00:00", "session_id": "d5ca3630", "level": "WARNING"}
ExecutionManager: net exposure limit reached (94.6% vs ±80%) — skipping AAPL buy
{"event": "order", "order_id": "84d91f40-05d", "symbol": "GOOGL", "side": "sell", "qty": 56, "price": 0.0, "status": "submitted", "metadata": {"order_type": "market", "strategy": "combined"}, "ts": "2026-06-21T16:06:43.508539+00:00", "session_id": "d5ca3630", "level": "INFO"}
{"event": "risk_event", "event_type": "trade_rejected", "details": {"symbol": "LIN", "side": "sell", "qty": 45, "reason": "Individual short position 19.64% exceeds limit 5%", "strategy": "combined"}, "ts": "2026-06-21T16:06:43.516542+00:00", "session_id": "d5ca3630", "level": "WARNING"}
  [bar 325] 2024-03-13 04:00:00+00:00 | 7 signals | equity=105,708 | regime=BEAR
{"event": "fill", "order_id": "84d91f40-05d", "fill_price": 139.85075460040838, "fill_qty": 56, "slippage_bps": 7.0228, "metadata": {"symbol": "GOOGL", "side": "sell", "commission": 0.28, "strategy": "combined"}, "ts": "2026-06-21T16:06:43.523040+00:00", "session_id": "d5ca3630", "level": "INFO"}
StatArbStrategy.generate_signals: no pairs loaded. Call find_pairs() first.
{"event": "signal", "strategy": "momentum", "symbol": "MSFT", "direction": "BUY", "strength": 0.938642, "metadata": {"rank": 0.8666666666666667, "sector": "Technology", "fallback": true}, "ts": "2026-06-21T16:06:43.787328+00:00", "session_id": "d5ca3630", "level": "INFO"}
{"event": "signal", "strategy": "momentum", "symbol": "NVDA", "direction": "BUY", "strength": 0.404052, "metadata": {"rank": 1.0, "sector": "Technology", "fallback": true}, "ts": "2026-06-21T16:06:43.787600+00:00", "session_id": "d5ca3630", "level": "INFO"}
{"event": "signal", "strategy": "momentum", "symbol": "JPM", "direction": "BUY", "strength": 1.0, "metadata": {"rank": 0.9333333333333333, "sector": "Financials", "fallback": true}, "ts": "2026-06-21T16:06:43.788381+00:00", "session_id": "d5ca3630", "level": "INFO"}
{"event": "signal", "strategy": "momentum", "symbol": "AMZN", "direction": "BUY", "strength": 0.602508, "metadata": {"rank": 0.8, "sector": "Consumer Discretionary", "fallback": true}, "ts": "2026-06-21T16:06:43.788869+00:00", "session_id": "d5ca3630", "level": "INFO"}
{"event": "signal", "strategy": "momentum", "symbol": "TSLA", "direction": "SELL", "strength": 0.373733, "metadata": {"rank": 0.13333333333333333, "sector": "Consumer Discretionary", "fallback": true}, "ts": "2026-06-21T16:06:43.789079+00:00", "session_id": "d5ca3630", "level": "INFO"}
{"event": "signal", "strategy": "momentum", "symbol": "XOM", "direction": "SELL", "strength": 0.858252, "metadata": {"rank": 0.2, "sector": "Energy", "fallback": true}, "ts": "2026-06-21T16:06:43.789538+00:00", "session_id": "d5ca3630", "level": "INFO"}
MeanReversion: no volume data supplied — volume filter bypassed
{"event": "signal", "strategy": "mean_reversion", "symbol": "UNH", "direction": "BUY", "strength": 0.231251, "metadata": {"z": -1.2777, "rsi": 26.22, "rv": 0.2009}, "ts": "2026-06-21T16:06:43.812208+00:00", "session_id": "d5ca3630", "level": "INFO"}
{"event": "signal", "strategy": "mean_reversion", "symbol": "TSLA", "direction": "BUY", "strength": 0.446049, "metadata": {"z": -1.6663, "rsi": 25.53, "rv": 0.4938}, "ts": "2026-06-21T16:06:43.818688+00:00", "session_id": "d5ca3630", "level": "INFO"}
{"event": "signal", "strategy": "mean_reversion", "symbol": "XOM", "direction": "SELL", "strength": 1.0, "metadata": {"z": 2.7038, "rsi": 80.69, "rv": 0.1689}, "ts": "2026-06-21T16:06:43.820542+00:00", "session_id": "d5ca3630", "level": "INFO"}
{"event": "signal", "strategy": "mean_reversion", "symbol": "CAT", "direction": "SELL", "strength": 0.575955, "metadata": {"z": 1.6781, "rsi": 73.26, "rv": 0.1773}, "ts": "2026-06-21T16:06:43.822379+00:00", "session_id": "d5ca3630", "level": "INFO"}
{"event": "signal", "strategy": "mean_reversion", "symbol": "LIN", "direction": "SELL", "strength": 1.0, "metadata": {"z": 2.2493, "rsi": 80.56, "rv": 0.1319}, "ts": "2026-06-21T16:06:43.827414+00:00", "session_id": "d5ca3630", "level": "INFO"}
{"event": "info", "message": "SignalGenerator: 11 raw \u2192 8 combined signals", "metadata": {"regime": "SIDEWAYS", "n_strategies": 4, "allocations": {"stat_arb": 0.25, "momentum": 0.3, "factor_model": 0.25, "mean_reversion": 0.18}}, "ts": "2026-06-21T16:06:43.829678+00:00", "session_id": "d5ca3630", "level": "INFO"}
ExecutionManager: net exposure limit reached (87.2% vs ±80%) — skipping MSFT buy
ExecutionManager: net exposure limit reached (87.2% vs ±80%) — skipping NVDA buy
ExecutionManager: net exposure limit reached (87.2% vs ±80%) — skipping JPM buy
ExecutionManager: net exposure limit reached (87.2% vs ±80%) — skipping AMZN buy
{"event": "risk_event", "event_type": "trade_rejected", "details": {"symbol": "XOM", "side": "sell", "qty": 203, "reason": "Individual short position 19.78% exceeds limit 5%", "strategy": "combined"}, "ts": "2026-06-21T16:06:43.855150+00:00", "session_id": "d5ca3630", "level": "WARNING"}
{"event": "risk_event", "event_type": "trade_rejected", "details": {"symbol": "LIN", "side": "sell", "qty": 46, "reason": "Individual short position 19.93% exceeds limit 5%", "strategy": "combined"}, "ts": "2026-06-21T16:06:43.860522+00:00", "session_id": "d5ca3630", "level": "WARNING"}
  [bar 326] 2024-03-14 04:00:00+00:00 | 8 signals | equity=106,242 | regime=SIDEWAYS
StatArbStrategy.generate_signals: no pairs loaded. Call find_pairs() first.
{"event": "signal", "strategy": "momentum", "symbol": "MSFT", "direction": "BUY", "strength": 0.419762, "metadata": {"rank": 0.8, "sector": "Technology", "fallback": true}, "ts": "2026-06-21T16:06:44.098399+00:00", "session_id": "d5ca3630", "level": "INFO"}
{"event": "signal", "strategy": "momentum", "symbol": "NVDA", "direction": "BUY", "strength": 0.202187, "metadata": {"rank": 1.0, "sector": "Technology", "fallback": true}, "ts": "2026-06-21T16:06:44.098667+00:00", "session_id": "d5ca3630", "level": "INFO"}
{"event": "signal", "strategy": "momentum", "symbol": "JPM", "direction": "BUY", "strength": 0.741806, "metadata": {"rank": 0.9333333333333333, "sector": "Financials", "fallback": true}, "ts": "2026-06-21T16:06:44.099429+00:00", "session_id": "d5ca3630", "level": "INFO"}
{"event": "signal", "strategy": "momentum", "symbol": "AMZN", "direction": "BUY", "strength": 0.325072, "metadata": {"rank": 0.8666666666666667, "sector": "Consumer Discretionary", "fallback": true}, "ts": "2026-06-21T16:06:44.099946+00:00", "session_id": "d5ca3630", "level": "INFO"}
{"event": "signal", "strategy": "momentum", "symbol": "TSLA", "direction": "SELL", "strength": 0.186516, "metadata": {"rank": 0.13333333333333333, "sector": "Consumer Discretionary", "fallback": true}, "ts": "2026-06-21T16:06:44.100158+00:00", "session_id": "d5ca3630", "level": "INFO"}
{"event": "signal", "strategy": "momentum", "symbol": "XOM", "direction": "SELL", "strength": 0.429645, "metadata": {"rank": 0.2, "sector": "Energy", "fallback": true}, "ts": "2026-06-21T16:06:44.100613+00:00", "session_id": "d5ca3630", "level": "INFO"}
MeanReversion: no volume data supplied — volume filter bypassed
{"event": "signal", "strategy": "mean_reversion", "symbol": "TSLA", "direction": "BUY", "strength": 0.402655, "metadata": {"z": -1.5751, "rsi": 16.73, "rv": 0.4284}, "ts": "2026-06-21T16:06:44.129750+00:00", "session_id": "d5ca3630", "level": "INFO"}
{"event": "signal", "strategy": "mean_reversion", "symbol": "XOM", "direction": "SELL", "strength": 1.0, "metadata": {"z": 2.4598, "rsi": 78.72, "rv": 0.1462}, "ts": "2026-06-21T16:06:44.131658+00:00", "session_id": "d5ca3630", "level": "INFO"}
{"event": "signal", "strategy": "mean_reversion", "symbol": "CAT", "direction": "SELL", "strength": 0.724734, "metadata": {"z": 1.8493, "rsi": 75.5, "rv": 0.1719}, "ts": "2026-06-21T16:06:44.133541+00:00", "session_id": "d5ca3630", "level": "INFO"}
{"event": "signal", "strategy": "mean_reversion", "symbol": "LIN", "direction": "SELL", "strength": 0.796465, "metadata": {"z": 1.8997, "rsi": 75.41, "rv": 0.1296}, "ts": "2026-06-21T16:06:44.138653+00:00", "session_id": "d5ca3630", "level": "INFO"}
{"event": "info", "message": "SignalGenerator: 10 raw \u2192 5 combined signals", "metadata": {"regime": "BEAR", "n_strategies": 4, "allocations": {"stat_arb": 0.25, "momentum": 0.15, "factor_model": 0.25, "mean_reversion": 0.3}}, "ts": "2026-06-21T16:06:44.140583+00:00", "session_id": "d5ca3630", "level": "INFO"}
ExecutionManager: net exposure limit reached (87.2% vs ±80%) — skipping JPM buy
{"event": "risk_event", "event_type": "trade_rejected", "details": {"symbol": "XOM", "side": "sell", "qty": 184, "reason": "Individual short position 17.96% exceeds limit 5%", "strategy": "combined"}, "ts": "2026-06-21T16:06:44.156615+00:00", "session_id": "d5ca3630", "level": "WARNING"}
{"event": "risk_event", "event_type": "trade_rejected", "details": {"symbol": "LIN", "side": "sell", "qty": 44, "reason": "Individual short position 18.89% exceeds limit 5%", "strategy": "combined"}, "ts": "2026-06-21T16:06:44.161878+00:00", "session_id": "d5ca3630", "level": "WARNING"}
  [bar 327] 2024-03-15 04:00:00+00:00 | 5 signals | equity=105,914 | regime=BEAR
StatArbStrategy.generate_signals: no pairs loaded. Call find_pairs() first.
{"event": "signal", "strategy": "momentum", "symbol": "NVDA", "direction": "BUY", "strength": 0.405631, "metadata": {"rank": 1.0, "sector": "Technology", "fallback": true}, "ts": "2026-06-21T16:06:44.398198+00:00", "session_id": "d5ca3630", "level": "INFO"}
{"event": "signal", "strategy": "momentum", "symbol": "JPM", "direction": "BUY", "strength": 1.0, "metadata": {"rank": 0.9333333333333333, "sector": "Financials", "fallback": true}, "ts": "2026-06-21T16:06:44.399027+00:00", "session_id": "d5ca3630", "level": "INFO"}
{"event": "signal", "strategy": "momentum", "symbol": "AMZN", "direction": "BUY", "strength": 0.650382, "metadata": {"rank": 0.8666666666666667, "sector": "Consumer Discretionary", "fallback": true}, "ts": "2026-06-21T16:06:44.399540+00:00", "session_id": "d5ca3630", "level": "INFO"}
{"event": "signal", "strategy": "momentum", "symbol": "TSLA", "direction": "SELL", "strength": 0.359659, "metadata": {"rank": 0.13333333333333333, "sector": "Consumer Discretionary", "fallback": true}, "ts": "2026-06-21T16:06:44.399767+00:00", "session_id": "d5ca3630", "level": "INFO"}
{"event": "signal", "strategy": "momentum", "symbol": "XOM", "direction": "SELL", "strength": 0.863231, "metadata": {"rank": 0.2, "sector": "Energy", "fallback": true}, "ts": "2026-06-21T16:06:44.400209+00:00", "session_id": "d5ca3630", "level": "INFO"}
{"event": "signal", "strategy": "momentum", "symbol": "CAT", "direction": "BUY", "strength": 0.755958, "metadata": {"rank": 0.8, "sector": "Industrials", "fallback": true}, "ts": "2026-06-21T16:06:44.400690+00:00", "session_id": "d5ca3630", "level": "INFO"}
MeanReversion: no volume data supplied — volume filter bypassed
{"event": "signal", "strategy": "mean_reversion", "symbol": "JPM", "direction": "SELL", "strength": 0.920905, "metadata": {"z": 2.0329, "rsi": 72.04, "rv": 0.1216}, "ts": "2026-06-21T16:06:44.428830+00:00", "session_id": "d5ca3630", "level": "INFO"}
{"event": "signal", "strategy": "mean_reversion", "symbol": "XOM", "direction": "SELL", "strength": 1.0, "metadata": {"z": 2.5399, "rsi": 81.73, "rv": 0.1469}, "ts": "2026-06-21T16:06:44.436023+00:00", "session_id": "d5ca3630", "level": "INFO"}
{"event": "signal", "strategy": "mean_reversion", "symbol": "CAT", "direction": "SELL", "strength": 0.841959, "metadata": {"z": 1.9881, "rsi": 76.96, "rv": 0.1736}, "ts": "2026-06-21T16:06:44.438306+00:00", "session_id": "d5ca3630", "level": "INFO"}
{"event": "signal", "strategy": "mean_reversion", "symbol": "LIN", "direction": "SELL", "strength": 0.642659, "metadata": {"z": 1.7282, "rsi": 72.45, "rv": 0.1332}, "ts": "2026-06-21T16:06:44.443643+00:00", "session_id": "d5ca3630", "level": "INFO"}
{"event": "info", "message": "SignalGenerator: 10 raw \u2192 7 combined signals", "metadata": {"regime": "SIDEWAYS", "n_strategies": 4, "allocations": {"stat_arb": 0.25, "momentum": 0.3, "factor_model": 0.25, "mean_reversion": 0.18}}, "ts": "2026-06-21T16:06:44.445639+00:00", "session_id": "d5ca3630", "level": "INFO"}
ExecutionManager: net exposure limit reached (87.2% vs ±80%) — skipping NVDA buy
ExecutionManager: net exposure limit reached (87.2% vs ±80%) — skipping JPM buy
ExecutionManager: net exposure limit reached (87.2% vs ±80%) — skipping AMZN buy
{"event": "risk_event", "event_type": "trade_rejected", "details": {"symbol": "XOM", "side": "sell", "qty": 203, "reason": "Individual short position 19.94% exceeds limit 5%", "strategy": "combined"}, "ts": "2026-06-21T16:06:44.466535+00:00", "session_id": "d5ca3630", "level": "WARNING"}
{"event": "risk_event", "event_type": "trade_rejected", "details": {"symbol": "LIN", "side": "sell", "qty": 46, "reason": "Individual short position 19.61% exceeds limit 5%", "strategy": "combined"}, "ts": "2026-06-21T16:06:44.471743+00:00", "session_id": "d5ca3630", "level": "WARNING"}
  [bar 328] 2024-03-18 04:00:00+00:00 | 7 signals | equity=106,216 | regime=SIDEWAYS
StatArbStrategy.generate_signals: no pairs loaded. Call find_pairs() first.
{"event": "signal", "strategy": "momentum", "symbol": "MSFT", "direction": "BUY", "strength": 0.420348, "metadata": {"rank": 0.8, "sector": "Technology", "fallback": true}, "ts": "2026-06-21T16:06:44.711134+00:00", "session_id": "d5ca3630", "level": "INFO"}
{"event": "signal", "strategy": "momentum", "symbol": "NVDA", "direction": "BUY", "strength": 0.192088, "metadata": {"rank": 0.9333333333333333, "sector": "Technology", "fallback": true}, "ts": "2026-06-21T16:06:44.711439+00:00", "session_id": "d5ca3630", "level": "INFO"}
{"event": "signal", "strategy": "momentum", "symbol": "JPM", "direction": "BUY", "strength": 0.817092, "metadata": {"rank": 1.0, "sector": "Financials", "fallback": true}, "ts": "2026-06-21T16:06:44.712212+00:00", "session_id": "d5ca3630", "level": "INFO"}
{"event": "signal", "strategy": "momentum", "symbol": "AMZN", "direction": "BUY", "strength": 0.326564, "metadata": {"rank": 0.8666666666666667, "sector": "Consumer Discretionary", "fallback": true}, "ts": "2026-06-21T16:06:44.712724+00:00", "session_id": "d5ca3630", "level": "INFO"}
{"event": "signal", "strategy": "momentum", "symbol": "TSLA", "direction": "SELL", "strength": 0.181622, "metadata": {"rank": 0.13333333333333333, "sector": "Consumer Discretionary", "fallback": true}, "ts": "2026-06-21T16:06:44.712950+00:00", "session_id": "d5ca3630", "level": "INFO"}
{"event": "signal", "strategy": "momentum", "symbol": "XOM", "direction": "SELL", "strength": 0.44047, "metadata": {"rank": 0.2, "sector": "Energy", "fallback": true}, "ts": "2026-06-21T16:06:44.713411+00:00", "session_id": "d5ca3630", "level": "INFO"}
MeanReversion: no volume data supplied — volume filter bypassed
{"event": "signal", "strategy": "mean_reversion", "symbol": "JPM", "direction": "SELL", "strength": 0.956629, "metadata": {"z": 2.0732, "rsi": 72.31, "rv": 0.1219}, "ts": "2026-06-21T16:06:44.737890+00:00", "session_id": "d5ca3630", "level": "INFO"}
{"event": "signal", "strategy": "mean_reversion", "symbol": "TSLA", "direction": "BUY", "strength": 0.151818, "metadata": {"z": -1.2261, "rsi": 25.97, "rv": 0.4891}, "ts": "2026-06-21T16:06:44.742903+00:00", "session_id": "d5ca3630", "level": "INFO"}
{"event": "signal", "strategy": "mean_reversion", "symbol": "XOM", "direction": "SELL", "strength": 1.0, "metadata": {"z": 2.5406, "rsi": 82.41, "rv": 0.1383}, "ts": "2026-06-21T16:06:44.744787+00:00", "session_id": "d5ca3630", "level": "INFO"}
{"event": "signal", "strategy": "mean_reversion", "symbol": "CAT", "direction": "SELL", "strength": 0.867799, "metadata": {"z": 1.9824, "rsi": 77.0, "rv": 0.1321}, "ts": "2026-06-21T16:06:44.746639+00:00", "session_id": "d5ca3630", "level": "INFO"}
{"event": "signal", "strategy": "mean_reversion", "symbol": "NEE", "direction": "SELL", "strength": 0.435861, "metadata": {"z": 1.5304, "rsi": 88.22, "rv": 0.2168}, "ts": "2026-06-21T16:06:44.754162+00:00", "session_id": "d5ca3630", "level": "INFO"}
{"event": "info", "message": "SignalGenerator: 11 raw \u2192 5 combined signals", "metadata": {"regime": "BEAR", "n_strategies": 4, "allocations": {"stat_arb": 0.25, "momentum": 0.15, "factor_model": 0.25, "mean_reversion": 0.3}}, "ts": "2026-06-21T16:06:44.754556+00:00", "session_id": "d5ca3630", "level": "INFO"}
{"event": "risk_event", "event_type": "trade_rejected", "details": {"symbol": "XOM", "side": "sell", "qty": 204, "reason": "Individual short position 20.00% exceeds limit 5%", "strategy": "combined"}, "ts": "2026-06-21T16:06:44.773544+00:00", "session_id": "d5ca3630", "level": "WARNING"}
{"event": "risk_event", "event_type": "trade_rejected", "details": {"symbol": "CAT", "side": "sell", "qty": 37, "reason": "Individual short position 11.85% exceeds limit 5%", "strategy": "combined"}, "ts": "2026-06-21T16:06:44.777616+00:00", "session_id": "d5ca3630", "level": "WARNING"}
  [bar 329] 2024-03-19 04:00:00+00:00 | 5 signals | equity=107,159 | regime=BEAR
StatArbStrategy.generate_signals: no pairs loaded. Call find_pairs() first.
{"event": "signal", "strategy": "momentum", "symbol": "MSFT", "direction": "BUY", "strength": 0.839968, "metadata": {"rank": 0.8, "sector": "Technology", "fallback": true}, "ts": "2026-06-21T16:06:45.127529+00:00", "session_id": "d5ca3630", "level": "INFO"}
{"event": "signal", "strategy": "momentum", "symbol": "NVDA", "direction": "BUY", "strength": 0.384389, "metadata": {"rank": 0.9333333333333333, "sector": "Technology", "fallback": true}, "ts": "2026-06-21T16:06:45.127805+00:00", "session_id": "d5ca3630", "level": "INFO"}
{"event": "signal", "strategy": "momentum", "symbol": "JPM", "direction": "BUY", "strength": 1.0, "metadata": {"rank": 1.0, "sector": "Financials", "fallback": true}, "ts": "2026-06-21T16:06:45.128570+00:00", "session_id": "d5ca3630", "level": "INFO"}
{"event": "signal", "strategy": "momentum", "symbol": "AMZN", "direction": "BUY", "strength": 0.652575, "metadata": {"rank": 0.8666666666666667, "sector": "Consumer Discretionary", "fallback": true}, "ts": "2026-06-21T16:06:45.129061+00:00", "session_id": "d5ca3630", "level": "INFO"}
{"event": "signal", "strategy": "momentum", "symbol": "TSLA", "direction": "SELL", "strength": 0.364231, "metadata": {"rank": 0.13333333333333333, "sector": "Consumer Discretionary", "fallback": true}, "ts": "2026-06-21T16:06:45.129290+00:00", "session_id": "d5ca3630", "level": "INFO"}
{"event": "signal", "strategy": "momentum", "symbol": "XOM", "direction": "SELL", "strength": 0.880863, "metadata": {"rank": 0.2, "sector": "Energy", "fallback": true}, "ts": "2026-06-21T16:06:45.129727+00:00", "session_id": "d5ca3630", "level": "INFO"}
MeanReversion: no volume data supplied — volume filter bypassed
{"event": "signal", "strategy": "mean_reversion", "symbol": "JPM", "direction": "SELL", "strength": 1.0, "metadata": {"z": 2.2579, "rsi": 73.39, "rv": 0.1259}, "ts": "2026-06-21T16:06:45.156695+00:00", "session_id": "d5ca3630", "level": "INFO"}
{"event": "signal", "strategy": "mean_reversion", "symbol": "XOM", "direction": "SELL", "strength": 1.0, "metadata": {"z": 2.3505, "rsi": 81.53, "rv": 0.1268}, "ts": "2026-06-21T16:06:45.165547+00:00", "session_id": "d5ca3630", "level": "INFO"}
{"event": "signal", "strategy": "mean_reversion", "symbol": "CAT", "direction": "SELL", "strength": 0.882929, "metadata": {"z": 1.9985, "rsi": 76.01, "rv": 0.1309}, "ts": "2026-06-21T16:06:45.167883+00:00", "session_id": "d5ca3630", "level": "INFO"}
{"event": "signal", "strategy": "mean_reversion", "symbol": "LIN", "direction": "SELL", "strength": 0.54051, "metadata": {"z": 1.6113, "rsi": 72.8, "rv": 0.131}, "ts": "2026-06-21T16:06:45.175116+00:00", "session_id": "d5ca3630", "level": "INFO"}
{"event": "signal", "strategy": "mean_reversion", "symbol": "NEE", "direction": "SELL", "strength": 0.718731, "metadata": {"z": 1.8766, "rsi": 89.25, "rv": 0.2197}, "ts": "2026-06-21T16:06:45.177078+00:00", "session_id": "d5ca3630", "level": "INFO"}
{"event": "info", "message": "SignalGenerator: 11 raw \u2192 9 combined signals", "metadata": {"regime": "SIDEWAYS", "n_strategies": 4, "allocations": {"stat_arb": 0.25, "momentum": 0.3, "factor_model": 0.25, "mean_reversion": 0.18}}, "ts": "2026-06-21T16:06:45.177366+00:00", "session_id": "d5ca3630", "level": "INFO"}
ExecutionManager: net exposure limit reached (87.5% vs ±80%) — skipping MSFT buy
ExecutionManager: net exposure limit reached (87.5% vs ±80%) — skipping NVDA buy
ExecutionManager: net exposure limit reached (87.5% vs ±80%) — skipping JPM buy
ExecutionManager: net exposure limit reached (87.5% vs ±80%) — skipping AMZN buy
{"event": "risk_event", "event_type": "trade_rejected", "details": {"symbol": "XOM", "side": "sell", "qty": 168, "reason": "Individual short position 16.31% exceeds limit 5%", "strategy": "combined"}, "ts": "2026-06-21T16:06:45.197095+00:00", "session_id": "d5ca3630", "level": "WARNING"}
{"event": "risk_event", "event_type": "trade_rejected", "details": {"symbol": "LIN", "side": "sell", "qty": 47, "reason": "Individual short position 19.71% exceeds limit 5%", "strategy": "combined"}, "ts": "2026-06-21T16:06:45.201080+00:00", "session_id": "d5ca3630", "level": "WARNING"}
  [bar 330] 2024-03-20 04:00:00+00:00 | 9 signals | equity=108,096 | regime=SIDEWAYS
StatArbStrategy.generate_signals: no pairs loaded. Call find_pairs() first.
{"event": "signal", "strategy": "momentum", "symbol": "MSFT", "direction": "BUY", "strength": 0.418629, "metadata": {"rank": 0.8, "sector": "Technology", "fallback": true}, "ts": "2026-06-21T16:06:45.439197+00:00", "session_id": "d5ca3630", "level": "INFO"}
{"event": "signal", "strategy": "momentum", "symbol": "NVDA", "direction": "BUY", "strength": 0.206265, "metadata": {"rank": 1.0, "sector": "Technology", "fallback": true}, "ts": "2026-06-21T16:06:45.439484+00:00", "session_id": "d5ca3630", "level": "INFO"}
{"event": "signal", "strategy": "momentum", "symbol": "JPM", "direction": "BUY", "strength": 0.741216, "metadata": {"rank": 0.9333333333333333, "sector": "Financials", "fallback": true}, "ts": "2026-06-21T16:06:45.440215+00:00", "session_id": "d5ca3630", "level": "INFO"}
{"event": "signal", "strategy": "momentum", "symbol": "AMZN", "direction": "BUY", "strength": 0.326495, "metadata": {"rank": 0.8666666666666667, "sector": "Consumer Discretionary", "fallback": true}, "ts": "2026-06-21T16:06:45.440724+00:00", "session_id": "d5ca3630", "level": "INFO"}
{"event": "signal", "strategy": "momentum", "symbol": "TSLA", "direction": "SELL", "strength": 0.181946, "metadata": {"rank": 0.13333333333333333, "sector": "Consumer Discretionary", "fallback": true}, "ts": "2026-06-21T16:06:45.440958+00:00", "session_id": "d5ca3630", "level": "INFO"}
{"event": "signal", "strategy": "momentum", "symbol": "XOM", "direction": "SELL", "strength": 0.440256, "metadata": {"rank": 0.2, "sector": "Energy", "fallback": true}, "ts": "2026-06-21T16:06:45.441526+00:00", "session_id": "d5ca3630", "level": "INFO"}
MeanReversion: no volume data supplied — volume filter bypassed
{"event": "signal", "strategy": "mean_reversion", "symbol": "JNJ", "direction": "BUY", "strength": 0.213019, "metadata": {"z": -1.2368, "rsi": 27.84, "rv": 0.1115}, "ts": "2026-06-21T16:06:45.467799+00:00", "session_id": "d5ca3630", "level": "INFO"}
{"event": "signal", "strategy": "mean_reversion", "symbol": "JPM", "direction": "SELL", "strength": 1.0, "metadata": {"z": 2.4297, "rsi": 78.8, "rv": 0.1276}, "ts": "2026-06-21T16:06:45.472461+00:00", "session_id": "d5ca3630", "level": "INFO"}
{"event": "signal", "strategy": "mean_reversion", "symbol": "GS", "direction": "SELL", "strength": 1.0, "metadata": {"z": 4.5826, "rsi": 73.86, "rv": 0.1954}, "ts": "2026-06-21T16:06:45.474416+00:00", "session_id": "d5ca3630", "level": "INFO"}
{"event": "signal", "strategy": "mean_reversion", "symbol": "XOM", "direction": "SELL", "strength": 1.0, "metadata": {"z": 2.308, "rsi": 80.33, "rv": 0.1257}, "ts": "2026-06-21T16:06:45.479481+00:00", "session_id": "d5ca3630", "level": "INFO"}
{"event": "signal", "strategy": "mean_reversion", "symbol": "CAT", "direction": "SELL", "strength": 1.0, "metadata": {"z": 2.236, "rsi": 78.66, "rv": 0.1399}, "ts": "2026-06-21T16:06:45.481321+00:00", "session_id": "d5ca3630", "level": "INFO"}
{"event": "signal", "strategy": "mean_reversion", "symbol": "LIN", "direction": "SELL", "strength": 0.471335, "metadata": {"z": 1.5283, "rsi": 71.71, "rv": 0.1208}, "ts": "2026-06-21T16:06:45.486284+00:00", "session_id": "d5ca3630", "level": "INFO"}
{"event": "signal", "strategy": "mean_reversion", "symbol": "NEE", "direction": "SELL", "strength": 0.378337, "metadata": {"z": 1.4635, "rsi": 81.54, "rv": 0.2251}, "ts": "2026-06-21T16:06:45.488093+00:00", "session_id": "d5ca3630", "level": "INFO"}
{"event": "info", "message": "SignalGenerator: 13 raw \u2192 6 combined signals", "metadata": {"regime": "BEAR", "n_strategies": 4, "allocations": {"stat_arb": 0.25, "momentum": 0.15, "factor_model": 0.25, "mean_reversion": 0.3}}, "ts": "2026-06-21T16:06:45.488387+00:00", "session_id": "d5ca3630", "level": "INFO"}
{"event": "risk_event", "event_type": "trade_rejected", "details": {"symbol": "XOM", "side": "sell", "qty": 146, "reason": "Individual short position 14.29% exceeds limit 5%", "strategy": "combined"}, "ts": "2026-06-21T16:06:45.504188+00:00", "session_id": "d5ca3630", "level": "WARNING"}
{"event": "risk_event", "event_type": "trade_rejected", "details": {"symbol": "GS", "side": "sell", "qty": 28, "reason": "Individual short position 10.27% exceeds limit 5%", "strategy": "combined"}, "ts": "2026-06-21T16:06:45.508155+00:00", "session_id": "d5ca3630", "level": "WARNING"}
{"event": "risk_event", "event_type": "trade_rejected", "details": {"symbol": "CAT", "side": "sell", "qty": 34, "reason": "Individual short position 11.16% exceeds limit 5%", "strategy": "combined"}, "ts": "2026-06-21T16:06:45.512135+00:00", "session_id": "d5ca3630", "level": "WARNING"}
{"event": "risk_event", "event_type": "trade_rejected", "details": {"symbol": "LIN", "side": "sell", "qty": 47, "reason": "Individual short position 19.77% exceeds limit 5%", "strategy": "combined"}, "ts": "2026-06-21T16:06:45.516126+00:00", "session_id": "d5ca3630", "level": "WARNING"}
  [bar 331] 2024-03-21 04:00:00+00:00 | 6 signals | equity=107,683 | regime=BEAR
StatArbStrategy.generate_signals: no pairs loaded. Call find_pairs() first.
{"event": "signal", "strategy": "momentum", "symbol": "MSFT", "direction": "BUY", "strength": 0.836778, "metadata": {"rank": 0.8, "sector": "Technology", "fallback": true}, "ts": "2026-06-21T16:06:45.784585+00:00", "session_id": "d5ca3630", "level": "INFO"}
{"event": "signal", "strategy": "momentum", "symbol": "NVDA", "direction": "BUY", "strength": 0.411032, "metadata": {"rank": 1.0, "sector": "Technology", "fallback": true}, "ts": "2026-06-21T16:06:45.784926+00:00", "session_id": "d5ca3630", "level": "INFO"}
{"event": "signal", "strategy": "momentum", "symbol": "JPM", "direction": "BUY", "strength": 1.0, "metadata": {"rank": 0.9333333333333333, "sector": "Financials", "fallback": true}, "ts": "2026-06-21T16:06:45.786081+00:00", "session_id": "d5ca3630", "level": "INFO"}
{"event": "signal", "strategy": "momentum", "symbol": "AMZN", "direction": "BUY", "strength": 0.653077, "metadata": {"rank": 0.8666666666666667, "sector": "Consumer Discretionary", "fallback": true}, "ts": "2026-06-21T16:06:45.786799+00:00", "session_id": "d5ca3630", "level": "INFO"}
{"event": "signal", "strategy": "momentum", "symbol": "TSLA", "direction": "SELL", "strength": 0.365556, "metadata": {"rank": 0.13333333333333333, "sector": "Consumer Discretionary", "fallback": true}, "ts": "2026-06-21T16:06:45.787062+00:00", "session_id": "d5ca3630", "level": "INFO"}
{"event": "signal", "strategy": "momentum", "symbol": "XOM", "direction": "SELL", "strength": 0.880306, "metadata": {"rank": 0.2, "sector": "Energy", "fallback": true}, "ts": "2026-06-21T16:06:45.787711+00:00", "session_id": "d5ca3630", "level": "INFO"}
MeanReversion: no volume data supplied — volume filter bypassed
{"event": "signal", "strategy": "mean_reversion", "symbol": "GS", "direction": "CLOSE", "strength": 1.0, "metadata": {"z": 3.154, "action": "hard_stop"}, "ts": "2026-06-21T16:06:45.843403+00:00", "session_id": "d5ca3630", "level": "INFO"}
{"event": "signal", "strategy": "mean_reversion", "symbol": "XOM", "direction": "SELL", "strength": 1.0, "metadata": {"z": 2.1719, "rsi": 91.02, "rv": 0.1174}, "ts": "2026-06-21T16:06:45.848664+00:00", "session_id": "d5ca3630", "level": "INFO"}
{"event": "signal", "strategy": "mean_reversion", "symbol": "GOOGL", "direction": "SELL", "strength": 0.490499, "metadata": {"z": 1.65, "rsi": 80.31, "rv": 0.3253}, "ts": "2026-06-21T16:06:45.854478+00:00", "session_id": "d5ca3630", "level": "INFO"}
{"event": "signal", "strategy": "mean_reversion", "symbol": "NEE", "direction": "SELL", "strength": 0.491726, "metadata": {"z": 1.6024, "rsi": 84.29, "rv": 0.2251}, "ts": "2026-06-21T16:06:45.859189+00:00", "session_id": "d5ca3630", "level": "INFO"}
{"event": "info", "message": "SignalGenerator: 10 raw \u2192 9 combined signals", "metadata": {"regime": "SIDEWAYS", "n_strategies": 4, "allocations": {"stat_arb": 0.25, "momentum": 0.3, "factor_model": 0.25, "mean_reversion": 0.18}}, "ts": "2026-06-21T16:06:45.859531+00:00", "session_id": "d5ca3630", "level": "INFO"}
ExecutionManager: net exposure limit reached (87.4% vs ±80%) — skipping MSFT buy
ExecutionManager: net exposure limit reached (87.4% vs ±80%) — skipping NVDA buy
ExecutionManager: net exposure limit reached (87.4% vs ±80%) — skipping JPM buy
ExecutionManager: net exposure limit reached (87.4% vs ±80%) — skipping AMZN buy
{"event": "risk_event", "event_type": "trade_rejected", "details": {"symbol": "XOM", "side": "sell", "qty": 203, "reason": "Individual short position 19.92% exceeds limit 5%", "strategy": "combined"}, "ts": "2026-06-21T16:06:45.882517+00:00", "session_id": "d5ca3630", "level": "WARNING"}
  [bar 332] 2024-03-22 04:00:00+00:00 | 9 signals | equity=107,428 | regime=SIDEWAYS
StatArbStrategy.generate_signals: no pairs loaded. Call find_pairs() first.
{"event": "signal", "strategy": "momentum", "symbol": "NVDA", "direction": "BUY", "strength": 0.205616, "metadata": {"rank": 1.0, "sector": "Technology", "fallback": true}, "ts": "2026-06-21T16:06:46.134828+00:00", "session_id": "d5ca3630", "level": "INFO"}
{"event": "signal", "strategy": "momentum", "symbol": "JPM", "direction": "BUY", "strength": 0.708801, "metadata": {"rank": 0.9333333333333333, "sector": "Financials", "fallback": true}, "ts": "2026-06-21T16:06:46.135710+00:00", "session_id": "d5ca3630", "level": "INFO"}
{"event": "signal", "strategy": "momentum", "symbol": "AMZN", "direction": "BUY", "strength": 0.326588, "metadata": {"rank": 0.8666666666666667, "sector": "Consumer Discretionary", "fallback": true}, "ts": "2026-06-21T16:06:46.136216+00:00", "session_id": "d5ca3630", "level": "INFO"}
{"event": "signal", "strategy": "momentum", "symbol": "TSLA", "direction": "SELL", "strength": 0.183388, "metadata": {"rank": 0.13333333333333333, "sector": "Consumer Discretionary", "fallback": true}, "ts": "2026-06-21T16:06:46.136459+00:00", "session_id": "d5ca3630", "level": "INFO"}
{"event": "signal", "strategy": "momentum", "symbol": "XOM", "direction": "SELL", "strength": 0.439565, "metadata": {"rank": 0.2, "sector": "Energy", "fallback": true}, "ts": "2026-06-21T16:06:46.136896+00:00", "session_id": "d5ca3630", "level": "INFO"}
{"event": "signal", "strategy": "momentum", "symbol": "CAT", "direction": "BUY", "strength": 0.369932, "metadata": {"rank": 0.8, "sector": "Industrials", "fallback": true}, "ts": "2026-06-21T16:06:46.137365+00:00", "session_id": "d5ca3630", "level": "INFO"}
MeanReversion: no volume data supplied — volume filter bypassed
{"event": "signal", "strategy": "mean_reversion", "symbol": "XOM", "direction": "SELL", "strength": 1.0, "metadata": {"z": 2.2669, "rsi": 90.92, "rv": 0.1191}, "ts": "2026-06-21T16:06:46.173190+00:00", "session_id": "d5ca3630", "level": "INFO"}
{"event": "signal", "strategy": "mean_reversion", "symbol": "CAT", "direction": "SELL", "strength": 0.587923, "metadata": {"z": 1.687, "rsi": 72.36, "rv": 0.1685}, "ts": "2026-06-21T16:06:46.175075+00:00", "session_id": "d5ca3630", "level": "INFO"}
{"event": "signal", "strategy": "mean_reversion", "symbol": "GOOGL", "direction": "SELL", "strength": 0.357035, "metadata": {"z": 1.4549, "rsi": 80.25, "rv": 0.2741}, "ts": "2026-06-21T16:06:46.178483+00:00", "session_id": "d5ca3630", "level": "INFO"}
{"event": "signal", "strategy": "mean_reversion", "symbol": "NEE", "direction": "SELL", "strength": 0.738523, "metadata": {"z": 1.8914, "rsi": 84.9, "rv": 0.207}, "ts": "2026-06-21T16:06:46.181852+00:00", "session_id": "d5ca3630", "level": "INFO"}
{"event": "info", "message": "SignalGenerator: 10 raw \u2192 5 combined signals", "metadata": {"regime": "BEAR", "n_strategies": 4, "allocations": {"stat_arb": 0.25, "momentum": 0.15, "factor_model": 0.25, "mean_reversion": 0.3}}, "ts": "2026-06-21T16:06:46.182108+00:00", "session_id": "d5ca3630", "level": "INFO"}
ExecutionManager: net exposure limit reached (87.3% vs ±80%) — skipping JPM buy
{"event": "risk_event", "event_type": "trade_rejected", "details": {"symbol": "XOM", "side": "sell", "qty": 172, "reason": "Individual short position 17.18% exceeds limit 5%", "strategy": "combined"}, "ts": "2026-06-21T16:06:46.196894+00:00", "session_id": "d5ca3630", "level": "WARNING"}
{"event": "risk_event", "event_type": "trade_rejected", "details": {"symbol": "GOOGL", "side": "sell", "qty": 81, "reason": "Individual short position 11.30% exceeds limit 5%", "strategy": "combined"}, "ts": "2026-06-21T16:06:46.200849+00:00", "session_id": "d5ca3630", "level": "WARNING"}
{"event": "risk_event", "event_type": "trade_rejected", "details": {"symbol": "NEE", "side": "sell", "qty": 215, "reason": "Individual short position 11.84% exceeds limit 5%", "strategy": "combined"}, "ts": "2026-06-21T16:06:46.204739+00:00", "session_id": "d5ca3630", "level": "WARNING"}
  [bar 333] 2024-03-25 04:00:00+00:00 | 5 signals | equity=106,607 | regime=BEAR
StatArbStrategy.generate_signals: no pairs loaded. Call find_pairs() first.
{"event": "signal", "strategy": "momentum", "symbol": "MSFT", "direction": "BUY", "strength": 0.82417, "metadata": {"rank": 0.8, "sector": "Technology", "fallback": true}, "ts": "2026-06-21T16:06:46.441770+00:00", "session_id": "d5ca3630", "level": "INFO"}
{"event": "signal", "strategy": "momentum", "symbol": "NVDA", "direction": "BUY", "strength": 0.406585, "metadata": {"rank": 1.0, "sector": "Technology", "fallback": true}, "ts": "2026-06-21T16:06:46.442085+00:00", "session_id": "d5ca3630", "level": "INFO"}
{"event": "signal", "strategy": "momentum", "symbol": "JPM", "direction": "BUY", "strength": 1.0, "metadata": {"rank": 0.9333333333333333, "sector": "Financials", "fallback": true}, "ts": "2026-06-21T16:06:46.443112+00:00", "session_id": "d5ca3630", "level": "INFO"}
{"event": "signal", "strategy": "momentum", "symbol": "AMZN", "direction": "BUY", "strength": 0.651128, "metadata": {"rank": 0.8666666666666667, "sector": "Consumer Discretionary", "fallback": true}, "ts": "2026-06-21T16:06:46.443874+00:00", "session_id": "d5ca3630", "level": "INFO"}
{"event": "signal", "strategy": "momentum", "symbol": "TSLA", "direction": "SELL", "strength": 0.364766, "metadata": {"rank": 0.13333333333333333, "sector": "Consumer Discretionary", "fallback": true}, "ts": "2026-06-21T16:06:46.444333+00:00", "session_id": "d5ca3630", "level": "INFO"}
{"event": "signal", "strategy": "momentum", "symbol": "XOM", "direction": "SELL", "strength": 0.889906, "metadata": {"rank": 0.2, "sector": "Energy", "fallback": true}, "ts": "2026-06-21T16:06:46.444889+00:00", "session_id": "d5ca3630", "level": "INFO"}
MeanReversion: no volume data supplied — volume filter bypassed
{"event": "signal", "strategy": "mean_reversion", "symbol": "XOM", "direction": "SELL", "strength": 0.875996, "metadata": {"z": 1.9852, "rsi": 82.68, "rv": 0.1247}, "ts": "2026-06-21T16:06:46.481477+00:00", "session_id": "d5ca3630", "level": "INFO"}
{"event": "signal", "strategy": "mean_reversion", "symbol": "CAT", "direction": "SELL", "strength": 0.543311, "metadata": {"z": 1.635, "rsi": 71.41, "rv": 0.1687}, "ts": "2026-06-21T16:06:46.483356+00:00", "session_id": "d5ca3630", "level": "INFO"}
{"event": "signal", "strategy": "mean_reversion", "symbol": "GOOGL", "direction": "SELL", "strength": 0.400194, "metadata": {"z": 1.5096, "rsi": 84.3, "rv": 0.2735}, "ts": "2026-06-21T16:06:46.486674+00:00", "session_id": "d5ca3630", "level": "INFO"}
{"event": "signal", "strategy": "mean_reversion", "symbol": "NEE", "direction": "SELL", "strength": 0.309742, "metadata": {"z": 1.3796, "rsi": 75.92, "rv": 0.2256}, "ts": "2026-06-21T16:06:46.490024+00:00", "session_id": "d5ca3630", "level": "INFO"}
{"event": "info", "message": "SignalGenerator: 10 raw \u2192 8 combined signals", "metadata": {"regime": "SIDEWAYS", "n_strategies": 4, "allocations": {"stat_arb": 0.25, "momentum": 0.3, "factor_model": 0.25, "mean_reversion": 0.18}}, "ts": "2026-06-21T16:06:46.490309+00:00", "session_id": "d5ca3630", "level": "INFO"}
ExecutionManager: net exposure limit reached (87.3% vs ±80%) — skipping MSFT buy
ExecutionManager: net exposure limit reached (87.3% vs ±80%) — skipping NVDA buy
ExecutionManager: net exposure limit reached (87.3% vs ±80%) — skipping JPM buy
ExecutionManager: net exposure limit reached (87.3% vs ±80%) — skipping AMZN buy
{"event": "risk_event", "event_type": "trade_rejected", "details": {"symbol": "XOM", "side": "sell", "qty": 201, "reason": "Individual short position 19.91% exceeds limit 5%", "strategy": "combined"}, "ts": "2026-06-21T16:06:46.508647+00:00", "session_id": "d5ca3630", "level": "WARNING"}
  [bar 334] 2024-03-26 04:00:00+00:00 | 8 signals | equity=106,729 | regime=SIDEWAYS
StatArbStrategy.generate_signals: no pairs loaded. Call find_pairs() first.
{"event": "signal", "strategy": "momentum", "symbol": "MSFT", "direction": "BUY", "strength": 0.411942, "metadata": {"rank": 0.8, "sector": "Technology", "fallback": true}, "ts": "2026-06-21T16:06:46.782011+00:00", "session_id": "d5ca3630", "level": "INFO"}
{"event": "signal", "strategy": "momentum", "symbol": "NVDA", "direction": "BUY", "strength": 0.20125, "metadata": {"rank": 1.0, "sector": "Technology", "fallback": true}, "ts": "2026-06-21T16:06:46.782395+00:00", "session_id": "d5ca3630", "level": "INFO"}
{"event": "signal", "strategy": "momentum", "symbol": "JPM", "direction": "BUY", "strength": 0.687323, "metadata": {"rank": 0.9333333333333333, "sector": "Financials", "fallback": true}, "ts": "2026-06-21T16:06:46.783481+00:00", "session_id": "d5ca3630", "level": "INFO"}
{"event": "signal", "strategy": "momentum", "symbol": "AMZN", "direction": "BUY", "strength": 0.326664, "metadata": {"rank": 0.8666666666666667, "sector": "Consumer Discretionary", "fallback": true}, "ts": "2026-06-21T16:06:46.784201+00:00", "session_id": "d5ca3630", "level": "INFO"}
{"event": "signal", "strategy": "momentum", "symbol": "TSLA", "direction": "SELL", "strength": 0.168127, "metadata": {"rank": 0.2, "sector": "Consumer Discretionary", "fallback": true}, "ts": "2026-06-21T16:06:46.784533+00:00", "session_id": "d5ca3630", "level": "INFO"}
{"event": "signal", "strategy": "momentum", "symbol": "XOM", "direction": "SELL", "strength": 0.48067, "metadata": {"rank": 0.13333333333333333, "sector": "Energy", "fallback": true}, "ts": "2026-06-21T16:06:46.785763+00:00", "session_id": "d5ca3630", "level": "INFO"}
MeanReversion: no volume data supplied — volume filter bypassed
{"event": "signal", "strategy": "mean_reversion", "symbol": "JNJ", "direction": "CLOSE", "strength": 1.0, "metadata": {"z": -0.2704, "action": "mean_reversion_exit"}, "ts": "2026-06-21T16:06:46.818936+00:00", "session_id": "d5ca3630", "level": "INFO"}
{"event": "signal", "strategy": "mean_reversion", "symbol": "JPM", "direction": "SELL", "strength": 0.937567, "metadata": {"z": 2.0837, "rsi": 71.61, "rv": 0.1558}, "ts": "2026-06-21T16:06:46.822415+00:00", "session_id": "d5ca3630", "level": "INFO"}
{"event": "signal", "strategy": "mean_reversion", "symbol": "GS", "direction": "SELL", "strength": 1.0, "metadata": {"z": 3.3085, "rsi": 70.7, "rv": 0.2173}, "ts": "2026-06-21T16:06:46.824269+00:00", "session_id": "d5ca3630", "level": "INFO"}
{"event": "signal", "strategy": "mean_reversion", "symbol": "XOM", "direction": "SELL", "strength": 0.974266, "metadata": {"z": 2.0972, "rsi": 83.57, "rv": 0.1261}, "ts": "2026-06-21T16:06:46.829287+00:00", "session_id": "d5ca3630", "level": "INFO"}
{"event": "signal", "strategy": "mean_reversion", "symbol": "CAT", "direction": "SELL", "strength": 0.751005, "metadata": {"z": 1.8871, "rsi": 73.42, "rv": 0.1813}, "ts": "2026-06-21T16:06:46.831086+00:00", "session_id": "d5ca3630", "level": "INFO"}
{"event": "signal", "strategy": "mean_reversion", "symbol": "GOOGL", "direction": "SELL", "strength": 0.386576, "metadata": {"z": 1.4874, "rsi": 82.58, "rv": 0.2609}, "ts": "2026-06-21T16:06:46.834505+00:00", "session_id": "d5ca3630", "level": "INFO"}
{"event": "signal", "strategy": "mean_reversion", "symbol": "NEE", "direction": "SELL", "strength": 0.998866, "metadata": {"z": 2.2452, "rsi": 78.96, "rv": 0.2466}, "ts": "2026-06-21T16:06:46.838025+00:00", "session_id": "d5ca3630", "level": "INFO"}
{"event": "info", "message": "SignalGenerator: 13 raw \u2192 7 combined signals", "metadata": {"regime": "BEAR", "n_strategies": 4, "allocations": {"stat_arb": 0.25, "momentum": 0.15, "factor_model": 0.25, "mean_reversion": 0.3}}, "ts": "2026-06-21T16:06:46.838355+00:00", "session_id": "d5ca3630", "level": "INFO"}
{"event": "risk_event", "event_type": "trade_rejected", "details": {"symbol": "XOM", "side": "sell", "qty": 179, "reason": "Individual short position 17.75% exceeds limit 5%", "strategy": "combined"}, "ts": "2026-06-21T16:06:46.856778+00:00", "session_id": "d5ca3630", "level": "WARNING"}
{"event": "risk_event", "event_type": "trade_rejected", "details": {"symbol": "GOOGL", "side": "sell", "qty": 78, "reason": "Individual short position 10.83% exceeds limit 5%", "strategy": "combined"}, "ts": "2026-06-21T16:06:46.862071+00:00", "session_id": "d5ca3630", "level": "WARNING"}
{"event": "risk_event", "event_type": "trade_rejected", "details": {"symbol": "NEE", "side": "sell", "qty": 189, "reason": "Individual short position 10.50% exceeds limit 5%", "strategy": "combined"}, "ts": "2026-06-21T16:06:46.867455+00:00", "session_id": "d5ca3630", "level": "WARNING"}
  [bar 335] 2024-03-27 04:00:00+00:00 | 7 signals | equity=107,691 | regime=BEAR
StatArbStrategy.generate_signals: no pairs loaded. Call find_pairs() first.
{"event": "signal", "strategy": "momentum", "symbol": "MSFT", "direction": "BUY", "strength": 0.835227, "metadata": {"rank": 0.8, "sector": "Technology", "fallback": true}, "ts": "2026-06-21T16:06:47.190953+00:00", "session_id": "d5ca3630", "level": "INFO"}
{"event": "signal", "strategy": "momentum", "symbol": "NVDA", "direction": "BUY", "strength": 0.407317, "metadata": {"rank": 1.0, "sector": "Technology", "fallback": true}, "ts": "2026-06-21T16:06:47.191233+00:00", "session_id": "d5ca3630", "level": "INFO"}
{"event": "signal", "strategy": "momentum", "symbol": "JPM", "direction": "BUY", "strength": 1.0, "metadata": {"rank": 0.9333333333333333, "sector": "Financials", "fallback": true}, "ts": "2026-06-21T16:06:47.191983+00:00", "session_id": "d5ca3630", "level": "INFO"}
{"event": "signal", "strategy": "momentum", "symbol": "AMZN", "direction": "BUY", "strength": 0.658634, "metadata": {"rank": 0.8666666666666667, "sector": "Consumer Discretionary", "fallback": true}, "ts": "2026-06-21T16:06:47.192502+00:00", "session_id": "d5ca3630", "level": "INFO"}
{"event": "signal", "strategy": "momentum", "symbol": "TSLA", "direction": "SELL", "strength": 0.335414, "metadata": {"rank": 0.2, "sector": "Consumer Discretionary", "fallback": true}, "ts": "2026-06-21T16:06:47.192722+00:00", "session_id": "d5ca3630", "level": "INFO"}
{"event": "signal", "strategy": "momentum", "symbol": "XOM", "direction": "SELL", "strength": 0.985807, "metadata": {"rank": 0.13333333333333333, "sector": "Energy", "fallback": true}, "ts": "2026-06-21T16:06:47.193179+00:00", "session_id": "d5ca3630", "level": "INFO"}
MeanReversion: no volume data supplied — volume filter bypassed
{"event": "signal", "strategy": "mean_reversion", "symbol": "JPM", "direction": "SELL", "strength": 0.912305, "metadata": {"z": 2.0534, "rsi": 72.06, "rv": 0.1547}, "ts": "2026-06-21T16:06:47.217474+00:00", "session_id": "d5ca3630", "level": "INFO"}
{"event": "signal", "strategy": "mean_reversion", "symbol": "GS", "direction": "CLOSE", "strength": 1.0, "metadata": {"z": 3.1972, "action": "hard_stop"}, "ts": "2026-06-21T16:06:47.219318+00:00", "session_id": "d5ca3630", "level": "INFO"}
{"event": "signal", "strategy": "mean_reversion", "symbol": "XOM", "direction": "SELL", "strength": 1.0, "metadata": {"z": 2.1994, "rsi": 83.94, "rv": 0.1274}, "ts": "2026-06-21T16:06:47.224213+00:00", "session_id": "d5ca3630", "level": "INFO"}
{"event": "signal", "strategy": "mean_reversion", "symbol": "CAT", "direction": "SELL", "strength": 0.738511, "metadata": {"z": 1.8705, "rsi": 75.75, "rv": 0.1787}, "ts": "2026-06-21T16:06:47.226175+00:00", "session_id": "d5ca3630", "level": "INFO"}
{"event": "signal", "strategy": "mean_reversion", "symbol": "GOOGL", "direction": "SELL", "strength": 0.351458, "metadata": {"z": 1.4423, "rsi": 81.88, "rv": 0.2586}, "ts": "2026-06-21T16:06:47.231285+00:00", "session_id": "d5ca3630", "level": "INFO"}
{"event": "signal", "strategy": "mean_reversion", "symbol": "NEE", "direction": "SELL", "strength": 0.963552, "metadata": {"z": 2.2014, "rsi": 76.34, "rv": 0.2469}, "ts": "2026-06-21T16:06:47.238035+00:00", "session_id": "d5ca3630", "level": "INFO"}
{"event": "info", "message": "SignalGenerator: 12 raw \u2192 9 combined signals", "metadata": {"regime": "SIDEWAYS", "n_strategies": 4, "allocations": {"stat_arb": 0.25, "momentum": 0.3, "factor_model": 0.25, "mean_reversion": 0.18}}, "ts": "2026-06-21T16:06:47.238409+00:00", "session_id": "d5ca3630", "level": "INFO"}
ExecutionManager: net exposure limit reached (87.4% vs ±80%) — skipping MSFT buy
ExecutionManager: net exposure limit reached (87.4% vs ±80%) — skipping NVDA buy
ExecutionManager: net exposure limit reached (87.4% vs ±80%) — skipping JPM buy
ExecutionManager: net exposure limit reached (87.4% vs ±80%) — skipping AMZN buy
{"event": "risk_event", "event_type": "trade_rejected", "details": {"symbol": "XOM", "side": "sell", "qty": 199, "reason": "Individual short position 19.96% exceeds limit 5%", "strategy": "combined"}, "ts": "2026-06-21T16:06:47.268553+00:00", "session_id": "d5ca3630", "level": "WARNING"}
{"event": "risk_event", "event_type": "trade_rejected", "details": {"symbol": "CAT", "side": "sell", "qty": 30, "reason": "Individual short position 9.91% exceeds limit 5%", "strategy": "combined"}, "ts": "2026-06-21T16:06:47.274454+00:00", "session_id": "d5ca3630", "level": "WARNING"}
  [bar 336] 2024-03-28 04:00:00+00:00 | 9 signals | equity=107,627 | regime=SIDEWAYS
StatArbStrategy.generate_signals: no pairs loaded. Call find_pairs() first.
{"event": "signal", "strategy": "momentum", "symbol": "NVDA", "direction": "BUY", "strength": 0.204426, "metadata": {"rank": 1.0, "sector": "Technology", "fallback": true}, "ts": "2026-06-21T16:06:47.538557+00:00", "session_id": "d5ca3630", "level": "INFO"}
{"event": "signal", "strategy": "momentum", "symbol": "JPM", "direction": "BUY", "strength": 0.690304, "metadata": {"rank": 0.9333333333333333, "sector": "Financials", "fallback": true}, "ts": "2026-06-21T16:06:47.539369+00:00", "session_id": "d5ca3630", "level": "INFO"}
{"event": "signal", "strategy": "momentum", "symbol": "AMZN", "direction": "BUY", "strength": 0.33104, "metadata": {"rank": 0.8666666666666667, "sector": "Consumer Discretionary", "fallback": true}, "ts": "2026-06-21T16:06:47.539871+00:00", "session_id": "d5ca3630", "level": "INFO"}
{"event": "signal", "strategy": "momentum", "symbol": "TSLA", "direction": "SELL", "strength": 0.16972, "metadata": {"rank": 0.2, "sector": "Consumer Discretionary", "fallback": true}, "ts": "2026-06-21T16:06:47.540085+00:00", "session_id": "d5ca3630", "level": "INFO"}
{"event": "signal", "strategy": "momentum", "symbol": "XOM", "direction": "SELL", "strength": 0.493583, "metadata": {"rank": 0.13333333333333333, "sector": "Energy", "fallback": true}, "ts": "2026-06-21T16:06:47.540628+00:00", "session_id": "d5ca3630", "level": "INFO"}
{"event": "signal", "strategy": "momentum", "symbol": "CAT", "direction": "BUY", "strength": 0.385746, "metadata": {"rank": 0.8, "sector": "Industrials", "fallback": true}, "ts": "2026-06-21T16:06:47.541118+00:00", "session_id": "d5ca3630", "level": "INFO"}
MeanReversion: no volume data supplied — volume filter bypassed
{"event": "signal", "strategy": "mean_reversion", "symbol": "AMZN", "direction": "SELL", "strength": 0.234008, "metadata": {"z": 1.2792, "rsi": 71.99, "rv": 0.1933}, "ts": "2026-06-21T16:06:47.573916+00:00", "session_id": "d5ca3630", "level": "INFO"}
{"event": "signal", "strategy": "mean_reversion", "symbol": "XOM", "direction": "SELL", "strength": 1.0, "metadata": {"z": 2.1969, "rsi": 84.09, "rv": 0.1247}, "ts": "2026-06-21T16:06:47.577391+00:00", "session_id": "d5ca3630", "level": "INFO"}
{"event": "signal", "strategy": "mean_reversion", "symbol": "CAT", "direction": "SELL", "strength": 0.589821, "metadata": {"z": 1.6978, "rsi": 78.0, "rv": 0.1831}, "ts": "2026-06-21T16:06:47.579186+00:00", "session_id": "d5ca3630", "level": "INFO"}
{"event": "signal", "strategy": "mean_reversion", "symbol": "GOOGL", "direction": "SELL", "strength": 0.91089, "metadata": {"z": 2.1551, "rsi": 83.45, "rv": 0.2681}, "ts": "2026-06-21T16:06:47.582549+00:00", "session_id": "d5ca3630", "level": "INFO"}
{"event": "signal", "strategy": "mean_reversion", "symbol": "NEE", "direction": "SELL", "strength": 0.754208, "metadata": {"z": 1.9443, "rsi": 72.86, "rv": 0.252}, "ts": "2026-06-21T16:06:47.585883+00:00", "session_id": "d5ca3630", "level": "INFO"}
{"event": "info", "message": "SignalGenerator: 11 raw \u2192 6 combined signals", "metadata": {"regime": "BEAR", "n_strategies": 4, "allocations": {"stat_arb": 0.25, "momentum": 0.15, "factor_model": 0.25, "mean_reversion": 0.3}}, "ts": "2026-06-21T16:06:47.586147+00:00", "session_id": "d5ca3630", "level": "INFO"}
ExecutionManager: net exposure limit reached (87.4% vs ±80%) — skipping JPM buy
{"event": "order", "order_id": "f4b3bf7c-f99", "symbol": "AMZN", "side": "sell", "qty": 44, "price": 0.0, "status": "submitted", "metadata": {"order_type": "market", "strategy": "combined"}, "ts": "2026-06-21T16:06:47.598056+00:00", "session_id": "d5ca3630", "level": "INFO"}
{"event": "risk_event", "event_type": "trade_rejected", "details": {"symbol": "XOM", "side": "sell", "qty": 197, "reason": "Individual short position 19.95% exceeds limit 5%", "strategy": "combined"}, "ts": "2026-06-21T16:06:47.602211+00:00", "session_id": "d5ca3630", "level": "WARNING"}
{"event": "risk_event", "event_type": "trade_rejected", "details": {"symbol": "GOOGL", "side": "sell", "qty": 75, "reason": "Individual short position 10.77% exceeds limit 5%", "strategy": "combined"}, "ts": "2026-06-21T16:06:47.606177+00:00", "session_id": "d5ca3630", "level": "WARNING"}
{"event": "risk_event", "event_type": "trade_rejected", "details": {"symbol": "NEE", "side": "sell", "qty": 182, "reason": "Individual short position 10.08% exceeds limit 5%", "strategy": "combined"}, "ts": "2026-06-21T16:06:47.610087+00:00", "session_id": "d5ca3630", "level": "WARNING"}
  [bar 337] 2024-04-01 04:00:00+00:00 | 6 signals | equity=107,309 | regime=BEAR
{"event": "fill", "order_id": "f4b3bf7c-f99", "fill_price": 178.9444134904404, "fill_qty": 44, "slippage_bps": 7.0137, "metadata": {"symbol": "AMZN", "side": "sell", "commission": 0.22, "strategy": "combined"}, "ts": "2026-06-21T16:06:47.613624+00:00", "session_id": "d5ca3630", "level": "INFO"}
StatArbStrategy.generate_signals: no pairs loaded. Call find_pairs() first.
{"event": "signal", "strategy": "momentum", "symbol": "NVDA", "direction": "BUY", "strength": 0.407311, "metadata": {"rank": 1.0, "sector": "Technology", "fallback": true}, "ts": "2026-06-21T16:06:47.870165+00:00", "session_id": "d5ca3630", "level": "INFO"}
{"event": "signal", "strategy": "momentum", "symbol": "JPM", "direction": "BUY", "strength": 1.0, "metadata": {"rank": 0.9333333333333333, "sector": "Financials", "fallback": true}, "ts": "2026-06-21T16:06:47.871494+00:00", "session_id": "d5ca3630", "level": "INFO"}
{"event": "signal", "strategy": "momentum", "symbol": "AMZN", "direction": "BUY", "strength": 0.681064, "metadata": {"rank": 0.8666666666666667, "sector": "Consumer Discretionary", "fallback": true}, "ts": "2026-06-21T16:06:47.872315+00:00", "session_id": "d5ca3630", "level": "INFO"}
{"event": "signal", "strategy": "momentum", "symbol": "TSLA", "direction": "SELL", "strength": 0.36089, "metadata": {"rank": 0.13333333333333333, "sector": "Consumer Discretionary", "fallback": true}, "ts": "2026-06-21T16:06:47.872721+00:00", "session_id": "d5ca3630", "level": "INFO"}
{"event": "signal", "strategy": "momentum", "symbol": "XOM", "direction": "SELL", "strength": 0.901311, "metadata": {"rank": 0.2, "sector": "Energy", "fallback": true}, "ts": "2026-06-21T16:06:47.873551+00:00", "session_id": "d5ca3630", "level": "INFO"}
{"event": "signal", "strategy": "momentum", "symbol": "CAT", "direction": "BUY", "strength": 0.771618, "metadata": {"rank": 0.8, "sector": "Industrials", "fallback": true}, "ts": "2026-06-21T16:06:47.874273+00:00", "session_id": "d5ca3630", "level": "INFO"}
{"event": "signal", "strategy": "factor_model", "symbol": "JPM", "direction": "BUY", "strength": 0.31193, "metadata": {"composite_score": 0.9357902572125153}, "ts": "2026-06-21T16:06:47.899906+00:00", "session_id": "d5ca3630", "level": "INFO"}
{"event": "signal", "strategy": "factor_model", "symbol": "TSLA", "direction": "SELL", "strength": 0.548073, "metadata": {"composite_score": -1.6442180837619378}, "ts": "2026-06-21T16:06:47.901763+00:00", "session_id": "d5ca3630", "level": "INFO"}
MeanReversion: no volume data supplied — volume filter bypassed
{"event": "signal", "strategy": "mean_reversion", "symbol": "UNH", "direction": "BUY", "strength": 1.0, "metadata": {"z": -2.5512, "rsi": 27.33, "rv": 0.286}, "ts": "2026-06-21T16:06:47.918619+00:00", "session_id": "d5ca3630", "level": "INFO"}
{"event": "signal", "strategy": "mean_reversion", "symbol": "XOM", "direction": "SELL", "strength": 1.0, "metadata": {"z": 2.4207, "rsi": 91.26, "rv": 0.1127}, "ts": "2026-06-21T16:06:47.932255+00:00", "session_id": "d5ca3630", "level": "INFO"}
{"event": "signal", "strategy": "mean_reversion", "symbol": "CAT", "direction": "SELL", "strength": 0.572573, "metadata": {"z": 1.6773, "rsi": 77.49, "rv": 0.1829}, "ts": "2026-06-21T16:06:47.935265+00:00", "session_id": "d5ca3630", "level": "INFO"}
{"event": "signal", "strategy": "mean_reversion", "symbol": "GOOGL", "direction": "SELL", "strength": 0.725254, "metadata": {"z": 1.8998, "rsi": 80.03, "rv": 0.2407}, "ts": "2026-06-21T16:06:47.939909+00:00", "session_id": "d5ca3630", "level": "INFO"}
{"event": "signal", "strategy": "mean_reversion", "symbol": "NEE", "direction": "SELL", "strength": 0.572888, "metadata": {"z": 1.7186, "rsi": 74.22, "rv": 0.2544}, "ts": "2026-06-21T16:06:47.944570+00:00", "session_id": "d5ca3630", "level": "INFO"}
{"event": "info", "message": "SignalGenerator: 13 raw \u2192 9 combined signals", "metadata": {"regime": "SIDEWAYS", "n_strategies": 4, "allocations": {"stat_arb": 0.25, "momentum": 0.3, "factor_model": 0.25, "mean_reversion": 0.18}}, "ts": "2026-06-21T16:06:47.944951+00:00", "session_id": "d5ca3630", "level": "INFO"}
{"event": "order", "order_id": "4c2031a6-10a", "symbol": "NVDA", "side": "buy", "qty": 71, "price": 0.0, "status": "submitted", "metadata": {"order_type": "market", "strategy": "combined"}, "ts": "2026-06-21T16:06:47.970779+00:00", "session_id": "d5ca3630", "level": "INFO"}
{"event": "order", "order_id": "ca917688-0e1", "symbol": "AMZN", "side": "buy", "qty": 64, "price": 0.0, "status": "submitted", "metadata": {"order_type": "market", "strategy": "combined"}, "ts": "2026-06-21T16:06:47.975780+00:00", "session_id": "d5ca3630", "level": "INFO"}
{"event": "risk_event", "event_type": "trade_rejected", "details": {"symbol": "XOM", "side": "sell", "qty": 170, "reason": "Individual short position 17.84% exceeds limit 5%", "strategy": "combined"}, "ts": "2026-06-21T16:06:47.980836+00:00", "session_id": "d5ca3630", "level": "WARNING"}
{"event": "order", "order_id": "0415fc24-53f", "symbol": "CAT", "side": "buy", "qty": 25, "price": 0.0, "status": "submitted", "metadata": {"order_type": "market", "strategy": "combined"}, "ts": "2026-06-21T16:06:47.987098+00:00", "session_id": "d5ca3630", "level": "INFO"}
{"event": "order", "order_id": "11439415-788", "symbol": "UNH", "side": "buy", "qty": 4, "price": 0.0, "status": "submitted", "metadata": {"order_type": "market", "strategy": "combined"}, "ts": "2026-06-21T16:06:47.990570+00:00", "session_id": "d5ca3630", "level": "INFO"}
{"event": "risk_event", "event_type": "trade_rejected", "details": {"symbol": "NEE", "side": "sell", "qty": 210, "reason": "Individual short position 11.73% exceeds limit 5%", "strategy": "combined"}, "ts": "2026-06-21T16:06:47.994932+00:00", "session_id": "d5ca3630", "level": "WARNING"}
  [bar 338] 2024-04-02 04:00:00+00:00 | 9 signals | equity=105,591 | regime=SIDEWAYS
{"event": "fill", "order_id": "ca917688-0e1", "fill_price": 180.0262003291982, "fill_qty": 64, "slippage_bps": 7.0154, "metadata": {"symbol": "AMZN", "side": "buy", "commission": 0.32, "strategy": "combined"}, "ts": "2026-06-21T16:06:47.999783+00:00", "session_id": "d5ca3630", "level": "INFO"}
{"event": "fill", "order_id": "0415fc24-53f", "fill_price": 354.7545992291248, "fill_qty": 25, "slippage_bps": 7.0406, "metadata": {"symbol": "CAT", "side": "buy", "commission": 0.125, "strategy": "combined"}, "ts": "2026-06-21T16:06:48.000605+00:00", "session_id": "d5ca3630", "level": "INFO"}
{"event": "fill", "order_id": "4c2031a6-10a", "fill_price": 88.3930704048186, "fill_qty": 71, "slippage_bps": 7.0099, "metadata": {"symbol": "NVDA", "side": "buy", "commission": 0.355, "strategy": "combined"}, "ts": "2026-06-21T16:06:48.003093+00:00", "session_id": "d5ca3630", "level": "INFO"}
{"event": "fill", "order_id": "11439415-788", "fill_price": 440.05402429694453, "fill_qty": 4, "slippage_bps": 7.0172, "metadata": {"symbol": "UNH", "side": "buy", "commission": 0.02, "strategy": "combined"}, "ts": "2026-06-21T16:06:48.004574+00:00", "session_id": "d5ca3630", "level": "INFO"}
StatArbStrategy.generate_signals: no pairs loaded. Call find_pairs() first.
{"event": "signal", "strategy": "momentum", "symbol": "NVDA", "direction": "BUY", "strength": 0.203498, "metadata": {"rank": 1.0, "sector": "Technology", "fallback": true}, "ts": "2026-06-21T16:06:48.311224+00:00", "session_id": "d5ca3630", "level": "INFO"}
{"event": "signal", "strategy": "momentum", "symbol": "JPM", "direction": "BUY", "strength": 0.68929, "metadata": {"rank": 0.9333333333333333, "sector": "Financials", "fallback": true}, "ts": "2026-06-21T16:06:48.312079+00:00", "session_id": "d5ca3630", "level": "INFO"}
{"event": "signal", "strategy": "momentum", "symbol": "AMZN", "direction": "BUY", "strength": 0.340174, "metadata": {"rank": 0.8666666666666667, "sector": "Consumer Discretionary", "fallback": true}, "ts": "2026-06-21T16:06:48.312636+00:00", "session_id": "d5ca3630", "level": "INFO"}
{"event": "signal", "strategy": "momentum", "symbol": "TSLA", "direction": "SELL", "strength": 0.166182, "metadata": {"rank": 0.2, "sector": "Consumer Discretionary", "fallback": true}, "ts": "2026-06-21T16:06:48.312911+00:00", "session_id": "d5ca3630", "level": "INFO"}
{"event": "signal", "strategy": "momentum", "symbol": "XOM", "direction": "SELL", "strength": 0.488004, "metadata": {"rank": 0.13333333333333333, "sector": "Energy", "fallback": true}, "ts": "2026-06-21T16:06:48.313434+00:00", "session_id": "d5ca3630", "level": "INFO"}
{"event": "signal", "strategy": "momentum", "symbol": "CAT", "direction": "BUY", "strength": 0.374633, "metadata": {"rank": 0.8, "sector": "Industrials", "fallback": true}, "ts": "2026-06-21T16:06:48.313915+00:00", "session_id": "d5ca3630", "level": "INFO"}
MeanReversion: no volume data supplied — volume filter bypassed
{"event": "signal", "strategy": "mean_reversion", "symbol": "JNJ", "direction": "BUY", "strength": 0.754547, "metadata": {"z": -1.853, "rsi": 23.24, "rv": 0.1305}, "ts": "2026-06-21T16:06:48.335101+00:00", "session_id": "d5ca3630", "level": "INFO"}
{"event": "signal", "strategy": "mean_reversion", "symbol": "UNH", "direction": "BUY", "strength": 1.0, "metadata": {"z": -2.3381, "rsi": 29.55, "rv": 0.2802}, "ts": "2026-06-21T16:06:48.336970+00:00", "session_id": "d5ca3630", "level": "INFO"}
{"event": "signal", "strategy": "mean_reversion", "symbol": "XOM", "direction": "SELL", "strength": 1.0, "metadata": {"z": 2.2722, "rsi": 90.41, "rv": 0.113}, "ts": "2026-06-21T16:06:48.345182+00:00", "session_id": "d5ca3630", "level": "INFO"}
{"event": "signal", "strategy": "mean_reversion", "symbol": "CAT", "direction": "SELL", "strength": 0.851585, "metadata": {"z": 2.0137, "rsi": 80.13, "rv": 0.1904}, "ts": "2026-06-21T16:06:48.346997+00:00", "session_id": "d5ca3630", "level": "INFO"}
{"event": "signal", "strategy": "mean_reversion", "symbol": "PG", "direction": "CLOSE", "strength": 1.0, "metadata": {"z": -0.2793, "action": "mean_reversion_exit"}, "ts": "2026-06-21T16:06:48.348791+00:00", "session_id": "d5ca3630", "level": "INFO"}
{"event": "signal", "strategy": "mean_reversion", "symbol": "GOOGL", "direction": "SELL", "strength": 0.71127, "metadata": {"z": 1.8798, "rsi": 79.31, "rv": 0.237}, "ts": "2026-06-21T16:06:48.350607+00:00", "session_id": "d5ca3630", "level": "INFO"}
{"event": "info", "message": "SignalGenerator: 12 raw \u2192 7 combined signals", "metadata": {"regime": "BEAR", "n_strategies": 4, "allocations": {"stat_arb": 0.25, "momentum": 0.15, "factor_model": 0.25, "mean_reversion": 0.3}}, "ts": "2026-06-21T16:06:48.355136+00:00", "session_id": "d5ca3630", "level": "INFO"}
ExecutionManager: net exposure limit reached (106.6% vs ±80%) — skipping JPM buy
ExecutionManager: net exposure limit reached (106.6% vs ±80%) — skipping JNJ buy
ExecutionManager: net exposure limit reached (106.6% vs ±80%) — skipping UNH buy
  [bar 339] 2024-04-03 04:00:00+00:00 | 7 signals | equity=105,741 | regime=BEAR
StatArbStrategy.generate_signals: no pairs loaded. Call find_pairs() first.
{"event": "signal", "strategy": "momentum", "symbol": "NVDA", "direction": "BUY", "strength": 0.410225, "metadata": {"rank": 1.0, "sector": "Technology", "fallback": true}, "ts": "2026-06-21T16:06:48.613672+00:00", "session_id": "d5ca3630", "level": "INFO"}
{"event": "signal", "strategy": "momentum", "symbol": "JPM", "direction": "BUY", "strength": 1.0, "metadata": {"rank": 0.9333333333333333, "sector": "Financials", "fallback": true}, "ts": "2026-06-21T16:06:48.614477+00:00", "session_id": "d5ca3630", "level": "INFO"}
{"event": "signal", "strategy": "momentum", "symbol": "AMZN", "direction": "BUY", "strength": 0.632966, "metadata": {"rank": 0.8, "sector": "Consumer Discretionary", "fallback": true}, "ts": "2026-06-21T16:06:48.614976+00:00", "session_id": "d5ca3630", "level": "INFO"}
{"event": "signal", "strategy": "momentum", "symbol": "TSLA", "direction": "SELL", "strength": 0.331913, "metadata": {"rank": 0.2, "sector": "Consumer Discretionary", "fallback": true}, "ts": "2026-06-21T16:06:48.615189+00:00", "session_id": "d5ca3630", "level": "INFO"}
{"event": "signal", "strategy": "momentum", "symbol": "XOM", "direction": "SELL", "strength": 1.0, "metadata": {"rank": 0.13333333333333333, "sector": "Energy", "fallback": true}, "ts": "2026-06-21T16:06:48.615650+00:00", "session_id": "d5ca3630", "level": "INFO"}
{"event": "signal", "strategy": "momentum", "symbol": "CAT", "direction": "BUY", "strength": 0.79831, "metadata": {"rank": 0.8666666666666667, "sector": "Industrials", "fallback": true}, "ts": "2026-06-21T16:06:48.616084+00:00", "session_id": "d5ca3630", "level": "INFO"}
MeanReversion: no volume data supplied — volume filter bypassed
{"event": "signal", "strategy": "mean_reversion", "symbol": "JNJ", "direction": "BUY", "strength": 1.0, "metadata": {"z": -2.4628, "rsi": 23.48, "rv": 0.1348}, "ts": "2026-06-21T16:06:48.637254+00:00", "session_id": "d5ca3630", "level": "INFO"}
{"event": "signal", "strategy": "mean_reversion", "symbol": "UNH", "direction": "BUY", "strength": 1.0, "metadata": {"z": -2.4343, "rsi": 26.8, "rv": 0.2818}, "ts": "2026-06-21T16:06:48.639694+00:00", "session_id": "d5ca3630", "level": "INFO"}
{"event": "signal", "strategy": "mean_reversion", "symbol": "XOM", "direction": "SELL", "strength": 1.0, "metadata": {"z": 2.2016, "rsi": 89.03, "rv": 0.112}, "ts": "2026-06-21T16:06:48.648146+00:00", "session_id": "d5ca3630", "level": "INFO"}
{"event": "signal", "strategy": "mean_reversion", "symbol": "CAT", "direction": "SELL", "strength": 0.588676, "metadata": {"z": 1.7098, "rsi": 72.31, "rv": 0.2058}, "ts": "2026-06-21T16:06:48.650061+00:00", "session_id": "d5ca3630", "level": "INFO"}
{"event": "info", "message": "SignalGenerator: 10 raw \u2192 8 combined signals", "metadata": {"regime": "SIDEWAYS", "n_strategies": 4, "allocations": {"stat_arb": 0.25, "momentum": 0.3, "factor_model": 0.25, "mean_reversion": 0.18}}, "ts": "2026-06-21T16:06:48.658758+00:00", "session_id": "d5ca3630", "level": "INFO"}
ExecutionManager: net exposure limit reached (106.7% vs ±80%) — skipping NVDA buy
ExecutionManager: net exposure limit reached (106.7% vs ±80%) — skipping JPM buy
ExecutionManager: net exposure limit reached (106.7% vs ±80%) — skipping AMZN buy
{"event": "risk_event", "event_type": "trade_rejected", "details": {"symbol": "XOM", "side": "sell", "qty": 141, "reason": "Individual short position 14.94% exceeds limit 5%", "strategy": "combined"}, "ts": "2026-06-21T16:06:48.682684+00:00", "session_id": "d5ca3630", "level": "WARNING"}
ExecutionManager: net exposure limit reached (106.7% vs ±80%) — skipping CAT buy
ExecutionManager: net exposure limit reached (106.7% vs ±80%) — skipping JNJ buy
ExecutionManager: net exposure limit reached (106.7% vs ±80%) — skipping UNH buy
  [bar 340] 2024-04-04 04:00:00+00:00 | 8 signals | equity=104,924 | regime=SIDEWAYS
StatArbStrategy.generate_signals: no pairs loaded. Call find_pairs() first.
{"event": "signal", "strategy": "momentum", "symbol": "NVDA", "direction": "BUY", "strength": 0.204784, "metadata": {"rank": 1.0, "sector": "Technology", "fallback": true}, "ts": "2026-06-21T16:06:48.937923+00:00", "session_id": "d5ca3630", "level": "INFO"}
{"event": "signal", "strategy": "momentum", "symbol": "UNH", "direction": "SELL", "strength": 0.331861, "metadata": {"rank": 0.2, "sector": "Healthcare", "fallback": true}, "ts": "2026-06-21T16:06:48.938820+00:00", "session_id": "d5ca3630", "level": "INFO"}
{"event": "signal", "strategy": "momentum", "symbol": "JPM", "direction": "BUY", "strength": 0.687377, "metadata": {"rank": 0.9333333333333333, "sector": "Financials", "fallback": true}, "ts": "2026-06-21T16:06:48.939614+00:00", "session_id": "d5ca3630", "level": "INFO"}
{"event": "signal", "strategy": "momentum", "symbol": "AMZN", "direction": "BUY", "strength": 0.337692, "metadata": {"rank": 0.8666666666666667, "sector": "Consumer Discretionary", "fallback": true}, "ts": "2026-06-21T16:06:48.940490+00:00", "session_id": "d5ca3630", "level": "INFO"}
{"event": "signal", "strategy": "momentum", "symbol": "XOM", "direction": "SELL", "strength": 0.506202, "metadata": {"rank": 0.13333333333333333, "sector": "Energy", "fallback": true}, "ts": "2026-06-21T16:06:48.941355+00:00", "session_id": "d5ca3630", "level": "INFO"}
{"event": "signal", "strategy": "momentum", "symbol": "CAT", "direction": "BUY", "strength": 0.361444, "metadata": {"rank": 0.8, "sector": "Industrials", "fallback": true}, "ts": "2026-06-21T16:06:48.942174+00:00", "session_id": "d5ca3630", "level": "INFO"}
MeanReversion: no volume data supplied — volume filter bypassed
{"event": "signal", "strategy": "mean_reversion", "symbol": "JNJ", "direction": "BUY", "strength": 1.0, "metadata": {"z": -2.3504, "rsi": 25.32, "rv": 0.1349}, "ts": "2026-06-21T16:06:48.970546+00:00", "session_id": "d5ca3630", "level": "INFO"}
{"event": "signal", "strategy": "mean_reversion", "symbol": "UNH", "direction": "BUY", "strength": 1.0, "metadata": {"z": -2.3025, "rsi": 25.3, "rv": 0.2766}, "ts": "2026-06-21T16:06:48.973321+00:00", "session_id": "d5ca3630", "level": "INFO"}
{"event": "signal", "strategy": "mean_reversion", "symbol": "AMZN", "direction": "SELL", "strength": 0.506004, "metadata": {"z": 1.6069, "rsi": 78.25, "rv": 0.1993}, "ts": "2026-06-21T16:06:48.979255+00:00", "session_id": "d5ca3630", "level": "INFO"}
{"event": "signal", "strategy": "mean_reversion", "symbol": "XOM", "direction": "SELL", "strength": 1.0, "metadata": {"z": 2.3057, "rsi": 92.01, "rv": 0.1155}, "ts": "2026-06-21T16:06:48.982669+00:00", "session_id": "d5ca3630", "level": "INFO"}
{"event": "signal", "strategy": "mean_reversion", "symbol": "CAT", "direction": "SELL", "strength": 0.804919, "metadata": {"z": 1.9792, "rsi": 74.15, "rv": 0.2165}, "ts": "2026-06-21T16:06:48.984479+00:00", "session_id": "d5ca3630", "level": "INFO"}
{"event": "signal", "strategy": "mean_reversion", "symbol": "GOOGL", "direction": "SELL", "strength": 0.29523, "metadata": {"z": 1.3715, "rsi": 71.01, "rv": 0.2585}, "ts": "2026-06-21T16:06:48.989586+00:00", "session_id": "d5ca3630", "level": "INFO"}
{"event": "info", "message": "SignalGenerator: 12 raw \u2192 7 combined signals", "metadata": {"regime": "BEAR", "n_strategies": 4, "allocations": {"stat_arb": 0.25, "momentum": 0.15, "factor_model": 0.25, "mean_reversion": 0.3}}, "ts": "2026-06-21T16:06:48.994962+00:00", "session_id": "d5ca3630", "level": "INFO"}
{"event": "order", "order_id": "151659a9-709", "symbol": "UNH", "side": "sell", "qty": 48, "price": 0.0, "status": "submitted", "metadata": {"order_type": "market", "strategy": "combined"}, "ts": "2026-06-21T16:06:49.010712+00:00", "session_id": "d5ca3630", "level": "INFO"}
ExecutionManager: net exposure limit reached (106.6% vs ±80%) — skipping JPM buy
{"event": "risk_event", "event_type": "trade_rejected", "details": {"symbol": "XOM", "side": "sell", "qty": 122, "reason": "Individual short position 12.93% exceeds limit 5%", "strategy": "combined"}, "ts": "2026-06-21T16:06:49.016386+00:00", "session_id": "d5ca3630", "level": "WARNING"}
ExecutionManager: net exposure limit reached (106.6% vs ±80%) — skipping JNJ buy
  [bar 341] 2024-04-05 04:00:00+00:00 | 7 signals | equity=106,341 | regime=BEAR
{"event": "fill", "order_id": "151659a9-709", "fill_price": 433.69953812563693, "fill_qty": 48, "slippage_bps": 7.0589, "metadata": {"symbol": "UNH", "side": "sell", "commission": 0.24, "strategy": "combined"}, "ts": "2026-06-21T16:06:49.022663+00:00", "session_id": "d5ca3630", "level": "INFO"}
StatArbStrategy.generate_signals: no pairs loaded. Call find_pairs() first.
{"event": "signal", "strategy": "momentum", "symbol": "NVDA", "direction": "BUY", "strength": 0.409121, "metadata": {"rank": 1.0, "sector": "Technology", "fallback": true}, "ts": "2026-06-21T16:06:49.255800+00:00", "session_id": "d5ca3630", "level": "INFO"}
{"event": "signal", "strategy": "momentum", "symbol": "UNH", "direction": "SELL", "strength": 0.718798, "metadata": {"rank": 0.13333333333333333, "sector": "Healthcare", "fallback": true}, "ts": "2026-06-21T16:06:49.256488+00:00", "session_id": "d5ca3630", "level": "INFO"}
{"event": "signal", "strategy": "momentum", "symbol": "JPM", "direction": "BUY", "strength": 1.0, "metadata": {"rank": 0.9333333333333333, "sector": "Financials", "fallback": true}, "ts": "2026-06-21T16:06:49.257031+00:00", "session_id": "d5ca3630", "level": "INFO"}
{"event": "signal", "strategy": "momentum", "symbol": "AMZN", "direction": "BUY", "strength": 0.626348, "metadata": {"rank": 0.8, "sector": "Consumer Discretionary", "fallback": true}, "ts": "2026-06-21T16:06:49.257632+00:00", "session_id": "d5ca3630", "level": "INFO"}
{"event": "signal", "strategy": "momentum", "symbol": "XOM", "direction": "SELL", "strength": 0.939548, "metadata": {"rank": 0.2, "sector": "Energy", "fallback": true}, "ts": "2026-06-21T16:06:49.258270+00:00", "session_id": "d5ca3630", "level": "INFO"}
{"event": "signal", "strategy": "momentum", "symbol": "CAT", "direction": "BUY", "strength": 0.770155, "metadata": {"rank": 0.8666666666666667, "sector": "Industrials", "fallback": true}, "ts": "2026-06-21T16:06:49.258888+00:00", "session_id": "d5ca3630", "level": "INFO"}
MeanReversion: no volume data supplied — volume filter bypassed
{"event": "signal", "strategy": "mean_reversion", "symbol": "JNJ", "direction": "BUY", "strength": 1.0, "metadata": {"z": -2.4956, "rsi": 26.73, "rv": 0.1333}, "ts": "2026-06-21T16:06:49.284051+00:00", "session_id": "d5ca3630", "level": "INFO"}
{"event": "signal", "strategy": "mean_reversion", "symbol": "UNH", "direction": "BUY", "strength": 0.932655, "metadata": {"z": -2.1908, "rsi": 27.0, "rv": 0.2768}, "ts": "2026-06-21T16:06:49.285975+00:00", "session_id": "d5ca3630", "level": "INFO"}
{"event": "signal", "strategy": "mean_reversion", "symbol": "AMZN", "direction": "SELL", "strength": 0.478291, "metadata": {"z": 1.5718, "rsi": 78.32, "rv": 0.1955}, "ts": "2026-06-21T16:06:49.290970+00:00", "session_id": "d5ca3630", "level": "INFO"}
{"event": "signal", "strategy": "mean_reversion", "symbol": "XOM", "direction": "SELL", "strength": 0.955189, "metadata": {"z": 2.0731, "rsi": 84.93, "rv": 0.1235}, "ts": "2026-06-21T16:06:49.294382+00:00", "session_id": "d5ca3630", "level": "INFO"}
{"event": "signal", "strategy": "mean_reversion", "symbol": "NEE", "direction": "SELL", "strength": 0.972872, "metadata": {"z": 2.2152, "rsi": 70.48, "rv": 0.2491}, "ts": "2026-06-21T16:06:49.302502+00:00", "session_id": "d5ca3630", "level": "INFO"}
{"event": "info", "message": "SignalGenerator: 11 raw \u2192 8 combined signals", "metadata": {"regime": "SIDEWAYS", "n_strategies": 4, "allocations": {"stat_arb": 0.25, "momentum": 0.3, "factor_model": 0.25, "mean_reversion": 0.18}}, "ts": "2026-06-21T16:06:49.302776+00:00", "session_id": "d5ca3630", "level": "INFO"}
ExecutionManager: net exposure limit reached (87.0% vs ±80%) — skipping NVDA buy
ExecutionManager: net exposure limit reached (87.0% vs ±80%) — skipping JPM buy
{"event": "order", "order_id": "ae6d8012-dbf", "symbol": "AMZN", "side": "sell", "qty": 64, "price": 0.0, "status": "submitted", "metadata": {"order_type": "market", "strategy": "combined"}, "ts": "2026-06-21T16:06:49.316989+00:00", "session_id": "d5ca3630", "level": "INFO"}
{"event": "risk_event", "event_type": "trade_rejected", "details": {"symbol": "XOM", "side": "sell", "qty": 128, "reason": "Individual short position 13.51% exceeds limit 5%", "strategy": "combined"}, "ts": "2026-06-21T16:06:49.321962+00:00", "session_id": "d5ca3630", "level": "WARNING"}
ExecutionManager: net exposure limit reached (87.0% vs ±80%) — skipping CAT buy
ExecutionManager: net exposure limit reached (87.0% vs ±80%) — skipping JNJ buy
{"event": "risk_event", "event_type": "trade_rejected", "details": {"symbol": "NEE", "side": "sell", "qty": 178, "reason": "Individual short position 10.20% exceeds limit 5%", "strategy": "combined"}, "ts": "2026-06-21T16:06:49.326742+00:00", "session_id": "d5ca3630", "level": "WARNING"}
  [bar 342] 2024-04-08 04:00:00+00:00 | 8 signals | equity=106,087 | regime=SIDEWAYS
{"event": "fill", "order_id": "ae6d8012-dbf", "fill_price": 187.10865827641746, "fill_qty": 64, "slippage_bps": 7.0149, "metadata": {"symbol": "AMZN", "side": "sell", "commission": 0.32, "strategy": "combined"}, "ts": "2026-06-21T16:06:49.330261+00:00", "session_id": "d5ca3630", "level": "INFO"}
StatArbStrategy.generate_signals: no pairs loaded. Call find_pairs() first.
{"event": "signal", "strategy": "momentum", "symbol": "NVDA", "direction": "BUY", "strength": 0.203119, "metadata": {"rank": 1.0, "sector": "Technology", "fallback": true}, "ts": "2026-06-21T16:06:49.572955+00:00", "session_id": "d5ca3630", "level": "INFO"}
{"event": "signal", "strategy": "momentum", "symbol": "UNH", "direction": "SELL", "strength": 0.358418, "metadata": {"rank": 0.13333333333333333, "sector": "Healthcare", "fallback": true}, "ts": "2026-06-21T16:06:49.573569+00:00", "session_id": "d5ca3630", "level": "INFO"}
{"event": "signal", "strategy": "momentum", "symbol": "JPM", "direction": "BUY", "strength": 0.683661, "metadata": {"rank": 0.9333333333333333, "sector": "Financials", "fallback": true}, "ts": "2026-06-21T16:06:49.574062+00:00", "session_id": "d5ca3630", "level": "INFO"}
{"event": "signal", "strategy": "momentum", "symbol": "AMZN", "direction": "BUY", "strength": 0.339717, "metadata": {"rank": 0.8666666666666667, "sector": "Consumer Discretionary", "fallback": true}, "ts": "2026-06-21T16:06:49.574565+00:00", "session_id": "d5ca3630", "level": "INFO"}
{"event": "signal", "strategy": "momentum", "symbol": "XOM", "direction": "SELL", "strength": 0.47016, "metadata": {"rank": 0.2, "sector": "Energy", "fallback": true}, "ts": "2026-06-21T16:06:49.575049+00:00", "session_id": "d5ca3630", "level": "INFO"}
{"event": "signal", "strategy": "momentum", "symbol": "CAT", "direction": "BUY", "strength": 0.355505, "metadata": {"rank": 0.8, "sector": "Industrials", "fallback": true}, "ts": "2026-06-21T16:06:49.575512+00:00", "session_id": "d5ca3630", "level": "INFO"}
MeanReversion: no volume data supplied — volume filter bypassed
{"event": "signal", "strategy": "mean_reversion", "symbol": "UNH", "direction": "BUY", "strength": 0.744251, "metadata": {"z": -1.9372, "rsi": 24.13, "rv": 0.2593}, "ts": "2026-06-21T16:06:49.598004+00:00", "session_id": "d5ca3630", "level": "INFO"}
{"event": "signal", "strategy": "mean_reversion", "symbol": "AMZN", "direction": "SELL", "strength": 0.486447, "metadata": {"z": 1.5725, "rsi": 77.18, "rv": 0.177}, "ts": "2026-06-21T16:06:49.602989+00:00", "session_id": "d5ca3630", "level": "INFO"}
{"event": "signal", "strategy": "mean_reversion", "symbol": "XOM", "direction": "SELL", "strength": 0.939518, "metadata": {"z": 2.0555, "rsi": 84.72, "rv": 0.1234}, "ts": "2026-06-21T16:06:49.606411+00:00", "session_id": "d5ca3630", "level": "INFO"}
{"event": "signal", "strategy": "mean_reversion", "symbol": "GOOGL", "direction": "SELL", "strength": 0.703899, "metadata": {"z": 1.8858, "rsi": 70.03, "rv": 0.2584}, "ts": "2026-06-21T16:06:49.611336+00:00", "session_id": "d5ca3630", "level": "INFO"}
{"event": "info", "message": "SignalGenerator: 10 raw \u2192 5 combined signals", "metadata": {"regime": "BEAR", "n_strategies": 4, "allocations": {"stat_arb": 0.25, "momentum": 0.15, "factor_model": 0.25, "mean_reversion": 0.3}}, "ts": "2026-06-21T16:06:49.614783+00:00", "session_id": "d5ca3630", "level": "INFO"}
{"event": "risk_event", "event_type": "trade_rejected", "details": {"symbol": "XOM", "side": "sell", "qty": 137, "reason": "Individual short position 14.53% exceeds limit 5%", "strategy": "combined"}, "ts": "2026-06-21T16:06:49.629422+00:00", "session_id": "d5ca3630", "level": "WARNING"}
  [bar 343] 2024-04-09 04:00:00+00:00 | 5 signals | equity=106,112 | regime=BEAR
StatArbStrategy.generate_signals: no pairs loaded. Call find_pairs() first.
{"event": "signal", "strategy": "momentum", "symbol": "MSFT", "direction": "BUY", "strength": 0.842441, "metadata": {"rank": 0.8, "sector": "Technology", "fallback": true}, "ts": "2026-06-21T16:06:49.869087+00:00", "session_id": "d5ca3630", "level": "INFO"}
{"event": "signal", "strategy": "momentum", "symbol": "NVDA", "direction": "BUY", "strength": 0.406053, "metadata": {"rank": 1.0, "sector": "Technology", "fallback": true}, "ts": "2026-06-21T16:06:49.869420+00:00", "session_id": "d5ca3630", "level": "INFO"}
{"event": "signal", "strategy": "momentum", "symbol": "UNH", "direction": "SELL", "strength": 0.734657, "metadata": {"rank": 0.13333333333333333, "sector": "Healthcare", "fallback": true}, "ts": "2026-06-21T16:06:49.870032+00:00", "session_id": "d5ca3630", "level": "INFO"}
{"event": "signal", "strategy": "momentum", "symbol": "JPM", "direction": "BUY", "strength": 1.0, "metadata": {"rank": 0.9333333333333333, "sector": "Financials", "fallback": true}, "ts": "2026-06-21T16:06:49.870602+00:00", "session_id": "d5ca3630", "level": "INFO"}
{"event": "signal", "strategy": "momentum", "symbol": "AMZN", "direction": "BUY", "strength": 0.680369, "metadata": {"rank": 0.8666666666666667, "sector": "Consumer Discretionary", "fallback": true}, "ts": "2026-06-21T16:06:49.871181+00:00", "session_id": "d5ca3630", "level": "INFO"}
{"event": "signal", "strategy": "momentum", "symbol": "XOM", "direction": "SELL", "strength": 0.944787, "metadata": {"rank": 0.2, "sector": "Energy", "fallback": true}, "ts": "2026-06-21T16:06:49.871794+00:00", "session_id": "d5ca3630", "level": "INFO"}
MeanReversion: no volume data supplied — volume filter bypassed
{"event": "signal", "strategy": "mean_reversion", "symbol": "AAPL", "direction": "BUY", "strength": 0.34117, "metadata": {"z": -1.4147, "rsi": 28.64, "rv": 0.2155}, "ts": "2026-06-21T16:06:49.890981+00:00", "session_id": "d5ca3630", "level": "INFO"}
{"event": "signal", "strategy": "mean_reversion", "symbol": "JNJ", "direction": "BUY", "strength": 1.0, "metadata": {"z": -2.6766, "rsi": 28.45, "rv": 0.124}, "ts": "2026-06-21T16:06:49.895963+00:00", "session_id": "d5ca3630", "level": "INFO"}
{"event": "signal", "strategy": "mean_reversion", "symbol": "UNH", "direction": "BUY", "strength": 1.0, "metadata": {"z": -2.2884, "rsi": 20.03, "rv": 0.2667}, "ts": "2026-06-21T16:06:49.897780+00:00", "session_id": "d5ca3630", "level": "INFO"}
{"event": "signal", "strategy": "mean_reversion", "symbol": "AMZN", "direction": "SELL", "strength": 0.477057, "metadata": {"z": 1.5566, "rsi": 74.37, "rv": 0.1668}, "ts": "2026-06-21T16:06:49.902704+00:00", "session_id": "d5ca3630", "level": "INFO"}
{"event": "signal", "strategy": "mean_reversion", "symbol": "XOM", "direction": "SELL", "strength": 0.970555, "metadata": {"z": 2.0829, "rsi": 86.63, "rv": 0.1157}, "ts": "2026-06-21T16:06:49.906049+00:00", "session_id": "d5ca3630", "level": "INFO"}
{"event": "signal", "strategy": "mean_reversion", "symbol": "LIN", "direction": "CLOSE", "strength": 1.0, "metadata": {"z": 0.421, "action": "mean_reversion_exit"}, "ts": "2026-06-21T16:06:49.912517+00:00", "session_id": "d5ca3630", "level": "INFO"}
{"event": "info", "message": "SignalGenerator: 12 raw \u2192 9 combined signals", "metadata": {"regime": "SIDEWAYS", "n_strategies": 4, "allocations": {"stat_arb": 0.25, "momentum": 0.3, "factor_model": 0.25, "mean_reversion": 0.18}}, "ts": "2026-06-21T16:06:49.914430+00:00", "session_id": "d5ca3630", "level": "INFO"}
{"event": "order", "order_id": "8ff1b80d-bc5", "symbol": "AMZN", "side": "buy", "qty": 30, "price": 0.0, "status": "submitted", "metadata": {"order_type": "market", "strategy": "combined"}, "ts": "2026-06-21T16:06:49.933544+00:00", "session_id": "d5ca3630", "level": "INFO"}
{"event": "risk_event", "event_type": "trade_rejected", "details": {"symbol": "XOM", "side": "sell", "qty": 186, "reason": "Individual short position 19.98% exceeds limit 5%", "strategy": "combined"}, "ts": "2026-06-21T16:06:49.937611+00:00", "session_id": "d5ca3630", "level": "WARNING"}
{"event": "order", "order_id": "3ea8dcf8-dc7", "symbol": "JNJ", "side": "buy", "qty": 133, "price": 0.0, "status": "submitted", "metadata": {"order_type": "market", "strategy": "combined"}, "ts": "2026-06-21T16:06:49.941536+00:00", "session_id": "d5ca3630", "level": "INFO"}
  [bar 344] 2024-04-10 04:00:00+00:00 | 9 signals | equity=105,659 | regime=SIDEWAYS
{"event": "fill", "order_id": "8ff1b80d-bc5", "fill_price": 186.87090905133746, "fill_qty": 30, "slippage_bps": 7.0099, "metadata": {"symbol": "AMZN", "side": "buy", "commission": 0.15, "strategy": "combined"}, "ts": "2026-06-21T16:06:49.945044+00:00", "session_id": "d5ca3630", "level": "INFO"}
{"event": "fill", "order_id": "3ea8dcf8-dc7", "fill_price": 141.4385343395662, "fill_qty": 133, "slippage_bps": 7.0337, "metadata": {"symbol": "JNJ", "side": "buy", "commission": 0.665, "strategy": "combined"}, "ts": "2026-06-21T16:06:49.946182+00:00", "session_id": "d5ca3630", "level": "INFO"}
StatArbStrategy.generate_signals: no pairs loaded. Call find_pairs() first.
{"event": "signal", "strategy": "momentum", "symbol": "NVDA", "direction": "BUY", "strength": 0.202039, "metadata": {"rank": 1.0, "sector": "Technology", "fallback": true}, "ts": "2026-06-21T16:06:50.218429+00:00", "session_id": "d5ca3630", "level": "INFO"}
{"event": "signal", "strategy": "momentum", "symbol": "UNH", "direction": "SELL", "strength": 0.363753, "metadata": {"rank": 0.13333333333333333, "sector": "Healthcare", "fallback": true}, "ts": "2026-06-21T16:06:50.219002+00:00", "session_id": "d5ca3630", "level": "INFO"}
{"event": "signal", "strategy": "momentum", "symbol": "JPM", "direction": "BUY", "strength": 0.687277, "metadata": {"rank": 0.9333333333333333, "sector": "Financials", "fallback": true}, "ts": "2026-06-21T16:06:50.219481+00:00", "session_id": "d5ca3630", "level": "INFO"}
{"event": "signal", "strategy": "momentum", "symbol": "AMZN", "direction": "BUY", "strength": 0.34005, "metadata": {"rank": 0.8666666666666667, "sector": "Consumer Discretionary", "fallback": true}, "ts": "2026-06-21T16:06:50.219986+00:00", "session_id": "d5ca3630", "level": "INFO"}
{"event": "signal", "strategy": "momentum", "symbol": "TSLA", "direction": "SELL", "strength": 0.160853, "metadata": {"rank": 0.2, "sector": "Consumer Discretionary", "fallback": true}, "ts": "2026-06-21T16:06:50.220207+00:00", "session_id": "d5ca3630", "level": "INFO"}
{"event": "signal", "strategy": "momentum", "symbol": "CAT", "direction": "BUY", "strength": 0.360035, "metadata": {"rank": 0.8, "sector": "Industrials", "fallback": true}, "ts": "2026-06-21T16:06:50.220921+00:00", "session_id": "d5ca3630", "level": "INFO"}
MeanReversion: no volume data supplied — volume filter bypassed
{"event": "signal", "strategy": "mean_reversion", "symbol": "JNJ", "direction": "BUY", "strength": 1.0, "metadata": {"z": -2.8945, "rsi": 25.66, "rv": 0.1236}, "ts": "2026-06-21T16:06:50.242376+00:00", "session_id": "d5ca3630", "level": "INFO"}
{"event": "signal", "strategy": "mean_reversion", "symbol": "UNH", "direction": "BUY", "strength": 1.0, "metadata": {"z": -2.5128, "rsi": 18.57, "rv": 0.2715}, "ts": "2026-06-21T16:06:50.244229+00:00", "session_id": "d5ca3630", "level": "INFO"}
{"event": "signal", "strategy": "mean_reversion", "symbol": "AMZN", "direction": "SELL", "strength": 0.714744, "metadata": {"z": 1.8386, "rsi": 78.53, "rv": 0.1733}, "ts": "2026-06-21T16:06:50.249386+00:00", "session_id": "d5ca3630", "level": "INFO"}
{"event": "signal", "strategy": "mean_reversion", "symbol": "XOM", "direction": "SELL", "strength": 0.838077, "metadata": {"z": 1.9375, "rsi": 83.25, "rv": 0.1187}, "ts": "2026-06-21T16:06:50.253410+00:00", "session_id": "d5ca3630", "level": "INFO"}
{"event": "signal", "strategy": "mean_reversion", "symbol": "GOOGL", "direction": "SELL", "strength": 0.881827, "metadata": {"z": 2.116, "rsi": 73.84, "rv": 0.2656}, "ts": "2026-06-21T16:06:50.260177+00:00", "session_id": "d5ca3630", "level": "INFO"}
{"event": "info", "message": "SignalGenerator: 11 raw \u2192 6 combined signals", "metadata": {"regime": "BEAR", "n_strategies": 4, "allocations": {"stat_arb": 0.25, "momentum": 0.15, "factor_model": 0.25, "mean_reversion": 0.3}}, "ts": "2026-06-21T16:06:50.264962+00:00", "session_id": "d5ca3630", "level": "INFO"}
ExecutionManager: net exposure limit reached (98.7% vs ±80%) — skipping JPM buy
ExecutionManager: net exposure limit reached (98.7% vs ±80%) — skipping JNJ buy
{"event": "risk_event", "event_type": "trade_rejected", "details": {"symbol": "XOM", "side": "sell", "qty": 151, "reason": "Individual short position 15.97% exceeds limit 5%", "strategy": "combined"}, "ts": "2026-06-21T16:06:50.284027+00:00", "session_id": "d5ca3630", "level": "WARNING"}
  [bar 345] 2024-04-11 04:00:00+00:00 | 6 signals | equity=106,985 | regime=BEAR
StatArbStrategy.generate_signals: no pairs loaded. Call find_pairs() first.
{"event": "signal", "strategy": "momentum", "symbol": "NVDA", "direction": "BUY", "strength": 0.400483, "metadata": {"rank": 1.0, "sector": "Technology", "fallback": true}, "ts": "2026-06-21T16:06:50.590638+00:00", "session_id": "d5ca3630", "level": "INFO"}
{"event": "signal", "strategy": "momentum", "symbol": "UNH", "direction": "SELL", "strength": 0.676223, "metadata": {"rank": 0.2, "sector": "Healthcare", "fallback": true}, "ts": "2026-06-21T16:06:50.591213+00:00", "session_id": "d5ca3630", "level": "INFO"}
{"event": "signal", "strategy": "momentum", "symbol": "JPM", "direction": "BUY", "strength": 0.815215, "metadata": {"rank": 0.8, "sector": "Financials", "fallback": true}, "ts": "2026-06-21T16:06:50.591713+00:00", "session_id": "d5ca3630", "level": "INFO"}
{"event": "signal", "strategy": "momentum", "symbol": "AMZN", "direction": "BUY", "strength": 0.727795, "metadata": {"rank": 0.9333333333333333, "sector": "Consumer Discretionary", "fallback": true}, "ts": "2026-06-21T16:06:50.592206+00:00", "session_id": "d5ca3630", "level": "INFO"}
{"event": "signal", "strategy": "momentum", "symbol": "TSLA", "direction": "SELL", "strength": 0.348464, "metadata": {"rank": 0.13333333333333333, "sector": "Consumer Discretionary", "fallback": true}, "ts": "2026-06-21T16:06:50.592444+00:00", "session_id": "d5ca3630", "level": "INFO"}
{"event": "signal", "strategy": "momentum", "symbol": "CAT", "direction": "BUY", "strength": 0.80654, "metadata": {"rank": 0.8666666666666667, "sector": "Industrials", "fallback": true}, "ts": "2026-06-21T16:06:50.593121+00:00", "session_id": "d5ca3630", "level": "INFO"}
MeanReversion: no volume data supplied — volume filter bypassed
{"event": "signal", "strategy": "mean_reversion", "symbol": "AAPL", "direction": "CLOSE", "strength": 1.0, "metadata": {"z": -0.3405, "action": "mean_reversion_exit"}, "ts": "2026-06-21T16:06:50.609305+00:00", "session_id": "d5ca3630", "level": "INFO"}
{"event": "signal", "strategy": "mean_reversion", "symbol": "JNJ", "direction": "BUY", "strength": 1.0, "metadata": {"z": -2.9986, "rsi": 24.39, "rv": 0.1214}, "ts": "2026-06-21T16:06:50.614290+00:00", "session_id": "d5ca3630", "level": "INFO"}
{"event": "signal", "strategy": "mean_reversion", "symbol": "UNH", "direction": "BUY", "strength": 1.0, "metadata": {"z": -2.4641, "rsi": 18.36, "rv": 0.2702}, "ts": "2026-06-21T16:06:50.616103+00:00", "session_id": "d5ca3630", "level": "INFO"}
{"event": "signal", "strategy": "mean_reversion", "symbol": "JPM", "direction": "CLOSE", "strength": 1.0, "metadata": {"z": -0.111, "action": "mean_reversion_exit"}, "ts": "2026-06-21T16:06:50.617942+00:00", "session_id": "d5ca3630", "level": "INFO"}
{"event": "signal", "strategy": "mean_reversion", "symbol": "XOM", "direction": "SELL", "strength": 0.608807, "metadata": {"z": 1.6843, "rsi": 74.75, "rv": 0.124}, "ts": "2026-06-21T16:06:50.624485+00:00", "session_id": "d5ca3630", "level": "INFO"}
{"event": "info", "message": "SignalGenerator: 11 raw \u2192 9 combined signals", "metadata": {"regime": "SIDEWAYS", "n_strategies": 4, "allocations": {"stat_arb": 0.25, "momentum": 0.3, "factor_model": 0.25, "mean_reversion": 0.18}}, "ts": "2026-06-21T16:06:50.632679+00:00", "session_id": "d5ca3630", "level": "INFO"}
ExecutionManager: net exposure limit reached (98.7% vs ±80%) — skipping NVDA buy
{"event": "order", "order_id": "39e9d3bd-bae", "symbol": "JPM", "side": "sell", "qty": 126, "price": 0.0, "status": "submitted", "metadata": {"order_type": "market", "strategy": "combined"}, "ts": "2026-06-21T16:06:50.649011+00:00", "session_id": "d5ca3630", "level": "INFO"}
ExecutionManager: net exposure limit reached (98.7% vs ±80%) — skipping AMZN buy
ExecutionManager: net exposure limit reached (98.7% vs ±80%) — skipping CAT buy
{"event": "order", "order_id": "60b5e30d-25e", "symbol": "AAPL", "side": "sell", "qty": 117, "price": 0.0, "status": "submitted", "metadata": {"order_type": "market", "strategy": "combined"}, "ts": "2026-06-21T16:06:50.649330+00:00", "session_id": "d5ca3630", "level": "INFO"}
ExecutionManager: net exposure limit reached (98.7% vs ±80%) — skipping JNJ buy
{"event": "risk_event", "event_type": "trade_rejected", "details": {"symbol": "XOM", "side": "sell", "qty": 187, "reason": "Individual short position 20.00% exceeds limit 5%", "strategy": "combined"}, "ts": "2026-06-21T16:06:50.656187+00:00", "session_id": "d5ca3630", "level": "WARNING"}
  [bar 346] 2024-04-12 04:00:00+00:00 | 9 signals | equity=104,554 | regime=SIDEWAYS
{"event": "fill", "order_id": "60b5e30d-25e", "fill_price": 173.4965590012396, "fill_qty": 117, "slippage_bps": 7.0237, "metadata": {"symbol": "AAPL", "side": "sell", "commission": 0.585, "strategy": "combined"}, "ts": "2026-06-21T16:06:50.660746+00:00", "session_id": "d5ca3630", "level": "INFO"}
{"event": "fill", "order_id": "39e9d3bd-bae", "fill_price": 176.75322771573278, "fill_qty": 126, "slippage_bps": 7.0633, "metadata": {"symbol": "JPM", "side": "sell", "commission": 0.63, "strategy": "combined"}, "ts": "2026-06-21T16:06:50.662775+00:00", "session_id": "d5ca3630", "level": "INFO"}
StatArbStrategy.generate_signals: no pairs loaded. Call find_pairs() first.
{"event": "signal", "strategy": "momentum", "symbol": "MSFT", "direction": "BUY", "strength": 0.405983, "metadata": {"rank": 0.8, "sector": "Technology", "fallback": true}, "ts": "2026-06-21T16:06:50.895438+00:00", "session_id": "d5ca3630", "level": "INFO"}
{"event": "signal", "strategy": "momentum", "symbol": "NVDA", "direction": "BUY", "strength": 0.198697, "metadata": {"rank": 1.0, "sector": "Technology", "fallback": true}, "ts": "2026-06-21T16:06:50.895706+00:00", "session_id": "d5ca3630", "level": "INFO"}
{"event": "signal", "strategy": "momentum", "symbol": "JNJ", "direction": "SELL", "strength": 0.651553, "metadata": {"rank": 0.2, "sector": "Healthcare", "fallback": true}, "ts": "2026-06-21T16:06:50.896173+00:00", "session_id": "d5ca3630", "level": "INFO"}
{"event": "signal", "strategy": "momentum", "symbol": "AMZN", "direction": "BUY", "strength": 0.361458, "metadata": {"rank": 0.9333333333333333, "sector": "Consumer Discretionary", "fallback": true}, "ts": "2026-06-21T16:06:50.896950+00:00", "session_id": "d5ca3630", "level": "INFO"}
{"event": "signal", "strategy": "momentum", "symbol": "TSLA", "direction": "SELL", "strength": 0.170334, "metadata": {"rank": 0.13333333333333333, "sector": "Consumer Discretionary", "fallback": true}, "ts": "2026-06-21T16:06:50.897166+00:00", "session_id": "d5ca3630", "level": "INFO"}
{"event": "signal", "strategy": "momentum", "symbol": "CAT", "direction": "BUY", "strength": 0.402665, "metadata": {"rank": 0.8666666666666667, "sector": "Industrials", "fallback": true}, "ts": "2026-06-21T16:06:50.897850+00:00", "session_id": "d5ca3630", "level": "INFO"}
MeanReversion: no volume data supplied — volume filter bypassed
{"event": "signal", "strategy": "mean_reversion", "symbol": "MSFT", "direction": "CLOSE", "strength": 1.0, "metadata": {"z": 0.0868, "action": "mean_reversion_exit"}, "ts": "2026-06-21T16:06:50.915512+00:00", "session_id": "d5ca3630", "level": "INFO"}
{"event": "signal", "strategy": "mean_reversion", "symbol": "JNJ", "direction": "BUY", "strength": 1.0, "metadata": {"z": -2.7356, "rsi": 24.75, "rv": 0.1218}, "ts": "2026-06-21T16:06:50.918920+00:00", "session_id": "d5ca3630", "level": "INFO"}
{"event": "signal", "strategy": "mean_reversion", "symbol": "UNH", "direction": "BUY", "strength": 0.828357, "metadata": {"z": -2.0584, "rsi": 25.64, "rv": 0.2777}, "ts": "2026-06-21T16:06:50.920746+00:00", "session_id": "d5ca3630", "level": "INFO"}
{"event": "info", "message": "SignalGenerator: 9 raw \u2192 3 combined signals", "metadata": {"regime": "BEAR", "n_strategies": 4, "allocations": {"stat_arb": 0.25, "momentum": 0.15, "factor_model": 0.25, "mean_reversion": 0.3}}, "ts": "2026-06-21T16:06:50.936664+00:00", "session_id": "d5ca3630", "level": "INFO"}
{"event": "order", "order_id": "5c16ac21-16d", "symbol": "MSFT", "side": "sell", "qty": 52, "price": 0.0, "status": "submitted", "metadata": {"order_type": "market", "strategy": "combined"}, "ts": "2026-06-21T16:06:50.945090+00:00", "session_id": "d5ca3630", "level": "INFO"}
{"event": "order", "order_id": "8e065751-354", "symbol": "JNJ", "side": "sell", "qty": 133, "price": 0.0, "status": "submitted", "metadata": {"order_type": "market", "strategy": "combined"}, "ts": "2026-06-21T16:06:50.945265+00:00", "session_id": "d5ca3630", "level": "INFO"}
{"event": "order", "order_id": "1c9263b6-df8", "symbol": "UNH", "side": "buy", "qty": 29, "price": 0.0, "status": "submitted", "metadata": {"order_type": "market", "strategy": "combined"}, "ts": "2026-06-21T16:06:50.949420+00:00", "session_id": "d5ca3630", "level": "INFO"}
  [bar 347] 2024-04-15 04:00:00+00:00 | 3 signals | equity=103,906 | regime=BEAR
{"event": "fill", "order_id": "8e065751-354", "fill_price": 135.81670481627117, "fill_qty": 133, "slippage_bps": 7.037, "metadata": {"symbol": "JNJ", "side": "sell", "commission": 0.665, "strategy": "combined"}, "ts": "2026-06-21T16:06:50.954650+00:00", "session_id": "d5ca3630", "level": "INFO"}
{"event": "fill", "order_id": "5c16ac21-16d", "fill_price": 407.13483562027955, "fill_qty": 52, "slippage_bps": 7.0165, "metadata": {"symbol": "MSFT", "side": "sell", "commission": 0.26, "strategy": "combined"}, "ts": "2026-06-21T16:06:50.955876+00:00", "session_id": "d5ca3630", "level": "INFO"}
{"event": "fill", "order_id": "1c9263b6-df8", "fill_price": 454.1239367314013, "fill_qty": 29, "slippage_bps": 7.0525, "metadata": {"symbol": "UNH", "side": "buy", "commission": 0.145, "strategy": "combined"}, "ts": "2026-06-21T16:06:50.957817+00:00", "session_id": "d5ca3630", "level": "INFO"}
StatArbStrategy.generate_signals: no pairs loaded. Call find_pairs() first.
{"event": "signal", "strategy": "momentum", "symbol": "MSFT", "direction": "BUY", "strength": 0.817675, "metadata": {"rank": 0.8, "sector": "Technology", "fallback": true}, "ts": "2026-06-21T16:06:51.199320+00:00", "session_id": "d5ca3630", "level": "INFO"}
{"event": "signal", "strategy": "momentum", "symbol": "NVDA", "direction": "BUY", "strength": 0.401067, "metadata": {"rank": 1.0, "sector": "Technology", "fallback": true}, "ts": "2026-06-21T16:06:51.199589+00:00", "session_id": "d5ca3630", "level": "INFO"}
{"event": "signal", "strategy": "momentum", "symbol": "JNJ", "direction": "SELL", "strength": 1.0, "metadata": {"rank": 0.13333333333333333, "sector": "Healthcare", "fallback": true}, "ts": "2026-06-21T16:06:51.200052+00:00", "session_id": "d5ca3630", "level": "INFO"}
{"event": "signal", "strategy": "momentum", "symbol": "AMZN", "direction": "BUY", "strength": 0.672605, "metadata": {"rank": 0.8666666666666667, "sector": "Consumer Discretionary", "fallback": true}, "ts": "2026-06-21T16:06:51.200852+00:00", "session_id": "d5ca3630", "level": "INFO"}
{"event": "signal", "strategy": "momentum", "symbol": "TSLA", "direction": "SELL", "strength": 0.313238, "metadata": {"rank": 0.2, "sector": "Consumer Discretionary", "fallback": true}, "ts": "2026-06-21T16:06:51.201075+00:00", "session_id": "d5ca3630", "level": "INFO"}
{"event": "signal", "strategy": "momentum", "symbol": "CAT", "direction": "BUY", "strength": 0.864196, "metadata": {"rank": 0.9333333333333333, "sector": "Industrials", "fallback": true}, "ts": "2026-06-21T16:06:51.201759+00:00", "session_id": "d5ca3630", "level": "INFO"}
MeanReversion: no volume data supplied — volume filter bypassed
{"event": "signal", "strategy": "mean_reversion", "symbol": "JNJ", "direction": "CLOSE", "strength": 1.0, "metadata": {"z": -3.2498, "action": "hard_stop"}, "ts": "2026-06-21T16:06:51.222987+00:00", "session_id": "d5ca3630", "level": "INFO"}
{"event": "info", "message": "SignalGenerator: 7 raw \u2192 6 combined signals", "metadata": {"regime": "SIDEWAYS", "n_strategies": 4, "allocations": {"stat_arb": 0.25, "momentum": 0.3, "factor_model": 0.25, "mean_reversion": 0.18}}, "ts": "2026-06-21T16:06:51.240378+00:00", "session_id": "d5ca3630", "level": "INFO"}
{"event": "order", "order_id": "ae437453-045", "symbol": "MSFT", "side": "buy", "qty": 45, "price": 0.0, "status": "submitted", "metadata": {"order_type": "market", "strategy": "combined"}, "ts": "2026-06-21T16:06:51.256823+00:00", "session_id": "d5ca3630", "level": "INFO"}
{"event": "order", "order_id": "c9ab4a10-08c", "symbol": "AMZN", "side": "buy", "qty": 25, "price": 0.0, "status": "submitted", "metadata": {"order_type": "market", "strategy": "combined"}, "ts": "2026-06-21T16:06:51.260430+00:00", "session_id": "d5ca3630", "level": "INFO"}
{"event": "order", "order_id": "15b2aa0d-031", "symbol": "CAT", "side": "buy", "qty": 22, "price": 0.0, "status": "submitted", "metadata": {"order_type": "market", "strategy": "combined"}, "ts": "2026-06-21T16:06:51.263677+00:00", "session_id": "d5ca3630", "level": "INFO"}
  [bar 348] 2024-04-16 04:00:00+00:00 | 6 signals | equity=103,597 | regime=SIDEWAYS
{"event": "fill", "order_id": "c9ab4a10-08c", "fill_price": 184.43918157868117, "fill_qty": 25, "slippage_bps": 7.0091, "metadata": {"symbol": "AMZN", "side": "buy", "commission": 0.125, "strategy": "combined"}, "ts": "2026-06-21T16:06:51.268373+00:00", "session_id": "d5ca3630", "level": "INFO"}
{"event": "fill", "order_id": "15b2aa0d-031", "fill_price": 351.9981862561431, "fill_qty": 22, "slippage_bps": 7.0457, "metadata": {"symbol": "CAT", "side": "buy", "commission": 0.11, "strategy": "combined"}, "ts": "2026-06-21T16:06:51.269044+00:00", "session_id": "d5ca3630", "level": "INFO"}
{"event": "fill", "order_id": "ae437453-045", "fill_price": 410.3420982575487, "fill_qty": 45, "slippage_bps": 7.0151, "metadata": {"symbol": "MSFT", "side": "buy", "commission": 0.225, "strategy": "combined"}, "ts": "2026-06-21T16:06:51.271008+00:00", "session_id": "d5ca3630", "level": "INFO"}
StatArbStrategy.generate_signals: no pairs loaded. Call find_pairs() first.
{"event": "signal", "strategy": "momentum", "symbol": "MSFT", "direction": "BUY", "strength": 0.408471, "metadata": {"rank": 0.8, "sector": "Technology", "fallback": true}, "ts": "2026-06-21T16:06:51.617273+00:00", "session_id": "d5ca3630", "level": "INFO"}
{"event": "signal", "strategy": "momentum", "symbol": "NVDA", "direction": "BUY", "strength": 0.197079, "metadata": {"rank": 1.0, "sector": "Technology", "fallback": true}, "ts": "2026-06-21T16:06:51.617785+00:00", "session_id": "d5ca3630", "level": "INFO"}
{"event": "signal", "strategy": "momentum", "symbol": "UNH", "direction": "SELL", "strength": 0.310387, "metadata": {"rank": 0.2, "sector": "Healthcare", "fallback": true}, "ts": "2026-06-21T16:06:51.619348+00:00", "session_id": "d5ca3630", "level": "INFO"}
{"event": "signal", "strategy": "momentum", "symbol": "AMZN", "direction": "BUY", "strength": 0.334659, "metadata": {"rank": 0.8666666666666667, "sector": "Consumer Discretionary", "fallback": true}, "ts": "2026-06-21T16:06:51.620836+00:00", "session_id": "d5ca3630", "level": "INFO"}
{"event": "signal", "strategy": "momentum", "symbol": "TSLA", "direction": "SELL", "strength": 0.169799, "metadata": {"rank": 0.13333333333333333, "sector": "Consumer Discretionary", "fallback": true}, "ts": "2026-06-21T16:06:51.621214+00:00", "session_id": "d5ca3630", "level": "INFO"}
{"event": "signal", "strategy": "momentum", "symbol": "CAT", "direction": "BUY", "strength": 0.432096, "metadata": {"rank": 0.9333333333333333, "sector": "Industrials", "fallback": true}, "ts": "2026-06-21T16:06:51.622227+00:00", "session_id": "d5ca3630", "level": "INFO"}
MeanReversion: no volume data supplied — volume filter bypassed
{"event": "signal", "strategy": "mean_reversion", "symbol": "NVDA", "direction": "CLOSE", "strength": 1.0, "metadata": {"z": 0.3644, "action": "mean_reversion_exit"}, "ts": "2026-06-21T16:06:51.663734+00:00", "session_id": "d5ca3630", "level": "INFO"}
{"event": "signal", "strategy": "mean_reversion", "symbol": "JNJ", "direction": "BUY", "strength": 1.0, "metadata": {"z": -2.8954, "rsi": 8.34, "rv": 0.1384}, "ts": "2026-06-21T16:06:51.666126+00:00", "session_id": "d5ca3630", "level": "INFO"}
{"event": "info", "message": "SignalGenerator: 8 raw \u2192 3 combined signals", "metadata": {"regime": "BEAR", "n_strategies": 4, "allocations": {"stat_arb": 0.25, "momentum": 0.15, "factor_model": 0.25, "mean_reversion": 0.3}}, "ts": "2026-06-21T16:06:51.686480+00:00", "session_id": "d5ca3630", "level": "INFO"}
{"event": "order", "order_id": "50bbe9aa-d4e", "symbol": "NVDA", "side": "sell", "qty": 71, "price": 0.0, "status": "submitted", "metadata": {"order_type": "market", "strategy": "combined"}, "ts": "2026-06-21T16:06:51.695822+00:00", "session_id": "d5ca3630", "level": "INFO"}
{"event": "order", "order_id": "c0478357-949", "symbol": "UNH", "side": "sell", "qty": 7, "price": 0.0, "status": "submitted", "metadata": {"order_type": "market", "strategy": "combined"}, "ts": "2026-06-21T16:06:51.699332+00:00", "session_id": "d5ca3630", "level": "INFO"}
{"event": "order", "order_id": "f32d7819-63b", "symbol": "JNJ", "side": "buy", "qty": 129, "price": 0.0, "status": "submitted", "metadata": {"order_type": "market", "strategy": "combined"}, "ts": "2026-06-21T16:06:51.703304+00:00", "session_id": "d5ca3630", "level": "INFO"}
  [bar 349] 2024-04-17 04:00:00+00:00 | 3 signals | equity=103,516 | regime=BEAR
{"event": "fill", "order_id": "f32d7819-63b", "fill_price": 135.97988851671306, "fill_qty": 129, "slippage_bps": 7.0375, "metadata": {"symbol": "JNJ", "side": "buy", "commission": 0.645, "strategy": "combined"}, "ts": "2026-06-21T16:06:51.707557+00:00", "session_id": "d5ca3630", "level": "INFO"}
{"event": "fill", "order_id": "50bbe9aa-d4e", "fill_price": 84.76375320819459, "fill_qty": 71, "slippage_bps": 7.0091, "metadata": {"symbol": "NVDA", "side": "sell", "commission": 0.355, "strategy": "combined"}, "ts": "2026-06-21T16:06:51.708880+00:00", "session_id": "d5ca3630", "level": "INFO"}
{"event": "fill", "order_id": "c0478357-949", "fill_price": 462.387970187562, "fill_qty": 7, "slippage_bps": 7.026, "metadata": {"symbol": "UNH", "side": "sell", "commission": 0.035, "strategy": "combined"}, "ts": "2026-06-21T16:06:51.709981+00:00", "session_id": "d5ca3630", "level": "INFO"}
StatArbStrategy.generate_signals: no pairs loaded. Call find_pairs() first.
{"event": "signal", "strategy": "momentum", "symbol": "MSFT", "direction": "BUY", "strength": 0.80231, "metadata": {"rank": 0.8, "sector": "Technology", "fallback": true}, "ts": "2026-06-21T16:06:51.939762+00:00", "session_id": "d5ca3630", "level": "INFO"}
{"event": "signal", "strategy": "momentum", "symbol": "NVDA", "direction": "BUY", "strength": 0.394162, "metadata": {"rank": 1.0, "sector": "Technology", "fallback": true}, "ts": "2026-06-21T16:06:51.940083+00:00", "session_id": "d5ca3630", "level": "INFO"}
{"event": "signal", "strategy": "momentum", "symbol": "JNJ", "direction": "SELL", "strength": 1.0, "metadata": {"rank": 0.13333333333333333, "sector": "Healthcare", "fallback": true}, "ts": "2026-06-21T16:06:51.940608+00:00", "session_id": "d5ca3630", "level": "INFO"}
{"event": "signal", "strategy": "momentum", "symbol": "AMZN", "direction": "BUY", "strength": 0.665873, "metadata": {"rank": 0.8666666666666667, "sector": "Consumer Discretionary", "fallback": true}, "ts": "2026-06-21T16:06:51.941460+00:00", "session_id": "d5ca3630", "level": "INFO"}
{"event": "signal", "strategy": "momentum", "symbol": "TSLA", "direction": "SELL", "strength": 0.311164, "metadata": {"rank": 0.2, "sector": "Consumer Discretionary", "fallback": true}, "ts": "2026-06-21T16:06:51.941717+00:00", "session_id": "d5ca3630", "level": "INFO"}
{"event": "signal", "strategy": "momentum", "symbol": "CAT", "direction": "BUY", "strength": 0.863692, "metadata": {"rank": 0.9333333333333333, "sector": "Industrials", "fallback": true}, "ts": "2026-06-21T16:06:51.942453+00:00", "session_id": "d5ca3630", "level": "INFO"}
MeanReversion: no volume data supplied — volume filter bypassed
{"event": "signal", "strategy": "mean_reversion", "symbol": "JNJ", "direction": "BUY", "strength": 1.0, "metadata": {"z": -2.4689, "rsi": 12.43, "rv": 0.1433}, "ts": "2026-06-21T16:06:51.968662+00:00", "session_id": "d5ca3630", "level": "INFO"}
{"event": "signal", "strategy": "mean_reversion", "symbol": "UNH", "direction": "CLOSE", "strength": 1.0, "metadata": {"z": 0.0877, "action": "mean_reversion_exit"}, "ts": "2026-06-21T16:06:51.971107+00:00", "session_id": "d5ca3630", "level": "INFO"}
{"event": "signal", "strategy": "mean_reversion", "symbol": "TSLA", "direction": "BUY", "strength": 0.959636, "metadata": {"z": -2.3854, "rsi": 29.94, "rv": 0.4437}, "ts": "2026-06-21T16:06:51.977868+00:00", "session_id": "d5ca3630", "level": "INFO"}
{"event": "info", "message": "SignalGenerator: 9 raw \u2192 7 combined signals", "metadata": {"regime": "SIDEWAYS", "n_strategies": 4, "allocations": {"stat_arb": 0.25, "momentum": 0.3, "factor_model": 0.25, "mean_reversion": 0.18}}, "ts": "2026-06-21T16:06:51.991661+00:00", "session_id": "d5ca3630", "level": "INFO"}
{"event": "order", "order_id": "573c5a86-f27", "symbol": "NVDA", "side": "buy", "qty": 53, "price": 0.0, "status": "submitted", "metadata": {"order_type": "market", "strategy": "combined"}, "ts": "2026-06-21T16:06:52.010674+00:00", "session_id": "d5ca3630", "level": "INFO"}
{"event": "order", "order_id": "b10c7d0e-95d", "symbol": "JNJ", "side": "sell", "qty": 129, "price": 0.0, "status": "submitted", "metadata": {"order_type": "market", "strategy": "combined"}, "ts": "2026-06-21T16:06:52.010888+00:00", "session_id": "d5ca3630", "level": "INFO"}
{"event": "order", "order_id": "744788f5-cc1", "symbol": "UNH", "side": "sell", "qty": 22, "price": 0.0, "status": "submitted", "metadata": {"order_type": "market", "strategy": "combined"}, "ts": "2026-06-21T16:06:52.011047+00:00", "session_id": "d5ca3630", "level": "INFO"}
  [bar 350] 2024-04-18 04:00:00+00:00 | 7 signals | equity=102,664 | regime=SIDEWAYS
  [bar 350/399] 2024-04-18 04:00:00+00:00 | equity=102,664 | regime=SIDEWAYS | positions=5
{"event": "fill", "order_id": "b10c7d0e-95d", "fill_price": 136.88439987181638, "fill_qty": 129, "slippage_bps": 7.0405, "metadata": {"symbol": "JNJ", "side": "sell", "commission": 0.645, "strategy": "combined"}, "ts": "2026-06-21T16:06:52.015336+00:00", "session_id": "d5ca3630", "level": "INFO"}
{"event": "fill", "order_id": "573c5a86-f27", "fill_price": 83.06455934772059, "fill_qty": 53, "slippage_bps": 7.0107, "metadata": {"symbol": "NVDA", "side": "buy", "commission": 0.265, "strategy": "combined"}, "ts": "2026-06-21T16:06:52.016714+00:00", "session_id": "d5ca3630", "level": "INFO"}
{"event": "fill", "order_id": "744788f5-cc1", "fill_price": 472.72613037796594, "fill_qty": 22, "slippage_bps": 7.046, "metadata": {"symbol": "UNH", "side": "sell", "commission": 0.11, "strategy": "combined"}, "ts": "2026-06-21T16:06:52.017838+00:00", "session_id": "d5ca3630", "level": "INFO"}
StatArbStrategy.generate_signals: no pairs loaded. Call find_pairs() first.
{"event": "signal", "strategy": "momentum", "symbol": "MSFT", "direction": "BUY", "strength": 0.399356, "metadata": {"rank": 0.8, "sector": "Technology", "fallback": true}, "ts": "2026-06-21T16:06:52.253869+00:00", "session_id": "d5ca3630", "level": "INFO"}
{"event": "signal", "strategy": "momentum", "symbol": "NVDA", "direction": "BUY", "strength": 0.180318, "metadata": {"rank": 1.0, "sector": "Technology", "fallback": true}, "ts": "2026-06-21T16:06:52.254197+00:00", "session_id": "d5ca3630", "level": "INFO"}
{"event": "signal", "strategy": "momentum", "symbol": "JNJ", "direction": "SELL", "strength": 0.665879, "metadata": {"rank": 0.13333333333333333, "sector": "Healthcare", "fallback": true}, "ts": "2026-06-21T16:06:52.254814+00:00", "session_id": "d5ca3630", "level": "INFO"}
{"event": "signal", "strategy": "momentum", "symbol": "UNH", "direction": "SELL", "strength": 0.299718, "metadata": {"rank": 0.2, "sector": "Healthcare", "fallback": true}, "ts": "2026-06-21T16:06:52.255064+00:00", "session_id": "d5ca3630", "level": "INFO"}
{"event": "signal", "strategy": "momentum", "symbol": "AMZN", "direction": "BUY", "strength": 0.325118, "metadata": {"rank": 0.8666666666666667, "sector": "Consumer Discretionary", "fallback": true}, "ts": "2026-06-21T16:06:52.256023+00:00", "session_id": "d5ca3630", "level": "INFO"}
{"event": "signal", "strategy": "momentum", "symbol": "CAT", "direction": "BUY", "strength": 0.430416, "metadata": {"rank": 0.9333333333333333, "sector": "Industrials", "fallback": true}, "ts": "2026-06-21T16:06:52.256996+00:00", "session_id": "d5ca3630", "level": "INFO"}
MeanReversion: no volume data supplied — volume filter bypassed
{"event": "signal", "strategy": "mean_reversion", "symbol": "MSFT", "direction": "BUY", "strength": 0.589541, "metadata": {"z": -1.6803, "rsi": 27.0, "rv": 0.154}, "ts": "2026-06-21T16:06:52.278844+00:00", "session_id": "d5ca3630", "level": "INFO"}
{"event": "signal", "strategy": "mean_reversion", "symbol": "JNJ", "direction": "BUY", "strength": 0.749889, "metadata": {"z": -1.8675, "rsi": 23.08, "rv": 0.1568}, "ts": "2026-06-21T16:06:52.282999+00:00", "session_id": "d5ca3630", "level": "INFO"}
{"event": "signal", "strategy": "mean_reversion", "symbol": "AMZN", "direction": "CLOSE", "strength": 1.0, "metadata": {"z": -0.032, "action": "mean_reversion_exit"}, "ts": "2026-06-21T16:06:52.289861+00:00", "session_id": "d5ca3630", "level": "INFO"}
{"event": "signal", "strategy": "mean_reversion", "symbol": "TSLA", "direction": "BUY", "strength": 1.0, "metadata": {"z": -2.4831, "rsi": 28.91, "rv": 0.4446}, "ts": "2026-06-21T16:06:52.291759+00:00", "session_id": "d5ca3630", "level": "INFO"}
{"event": "info", "message": "SignalGenerator: 10 raw \u2192 5 combined signals", "metadata": {"regime": "BEAR", "n_strategies": 4, "allocations": {"stat_arb": 0.25, "momentum": 0.15, "factor_model": 0.25, "mean_reversion": 0.3}}, "ts": "2026-06-21T16:06:52.306003+00:00", "session_id": "d5ca3630", "level": "INFO"}
{"event": "risk_event", "event_type": "trade_rejected", "details": {"symbol": "UNH", "side": "sell", "qty": 33, "reason": "Individual short position 15.37% exceeds limit 5%", "strategy": "combined"}, "ts": "2026-06-21T16:06:52.331454+00:00", "session_id": "d5ca3630", "level": "WARNING"}
{"event": "order", "order_id": "862b210e-9bc", "symbol": "AMZN", "side": "sell", "qty": 55, "price": 0.0, "status": "submitted", "metadata": {"order_type": "market", "strategy": "combined"}, "ts": "2026-06-21T16:06:52.331741+00:00", "session_id": "d5ca3630", "level": "INFO"}
{"event": "order", "order_id": "7dbcd308-90c", "symbol": "TSLA", "side": "buy", "qty": 34, "price": 0.0, "status": "submitted", "metadata": {"order_type": "market", "strategy": "combined"}, "ts": "2026-06-21T16:06:52.338783+00:00", "session_id": "d5ca3630", "level": "INFO"}
  [bar 351] 2024-04-19 04:00:00+00:00 | 5 signals | equity=102,437 | regime=BEAR
{"event": "fill", "order_id": "862b210e-9bc", "fill_price": 176.81586913061443, "fill_qty": 55, "slippage_bps": 7.0156, "metadata": {"symbol": "AMZN", "side": "sell", "commission": 0.275, "strategy": "combined"}, "ts": "2026-06-21T16:06:52.349585+00:00", "session_id": "d5ca3630", "level": "INFO"}
{"event": "fill", "order_id": "7dbcd308-90c", "fill_price": 140.65862929930782, "fill_qty": 34, "slippage_bps": 7.0171, "metadata": {"symbol": "TSLA", "side": "buy", "commission": 0.17, "strategy": "combined"}, "ts": "2026-06-21T16:06:52.353505+00:00", "session_id": "d5ca3630", "level": "INFO"}
StatArbStrategy.generate_signals: no pairs loaded. Call find_pairs() first.
{"event": "signal", "strategy": "momentum", "symbol": "MSFT", "direction": "BUY", "strength": 0.432909, "metadata": {"rank": 0.8666666666666667, "sector": "Technology", "fallback": true}, "ts": "2026-06-21T16:06:52.634787+00:00", "session_id": "d5ca3630", "level": "INFO"}
{"event": "signal", "strategy": "momentum", "symbol": "NVDA", "direction": "BUY", "strength": 0.178473, "metadata": {"rank": 1.0, "sector": "Technology", "fallback": true}, "ts": "2026-06-21T16:06:52.635396+00:00", "session_id": "d5ca3630", "level": "INFO"}
{"event": "signal", "strategy": "momentum", "symbol": "JNJ", "direction": "SELL", "strength": 0.660793, "metadata": {"rank": 0.13333333333333333, "sector": "Healthcare", "fallback": true}, "ts": "2026-06-21T16:06:52.636069+00:00", "session_id": "d5ca3630", "level": "INFO"}
{"event": "signal", "strategy": "momentum", "symbol": "AMZN", "direction": "BUY", "strength": 0.29874, "metadata": {"rank": 0.8, "sector": "Consumer Discretionary", "fallback": true}, "ts": "2026-06-21T16:06:52.637132+00:00", "session_id": "d5ca3630", "level": "INFO"}
{"event": "signal", "strategy": "momentum", "symbol": "TSLA", "direction": "SELL", "strength": 0.177568, "metadata": {"rank": 0.2, "sector": "Consumer Discretionary", "fallback": true}, "ts": "2026-06-21T16:06:52.637608+00:00", "session_id": "d5ca3630", "level": "INFO"}
{"event": "signal", "strategy": "momentum", "symbol": "CAT", "direction": "BUY", "strength": 0.449889, "metadata": {"rank": 0.9333333333333333, "sector": "Industrials", "fallback": true}, "ts": "2026-06-21T16:06:52.638876+00:00", "session_id": "d5ca3630", "level": "INFO"}
MeanReversion: no volume data supplied — volume filter bypassed
{"event": "signal", "strategy": "mean_reversion", "symbol": "JNJ", "direction": "BUY", "strength": 0.456563, "metadata": {"z": -1.5302, "rsi": 27.91, "rv": 0.1613}, "ts": "2026-06-21T16:06:52.691864+00:00", "session_id": "d5ca3630", "level": "INFO"}
{"event": "info", "message": "SignalGenerator: 7 raw \u2192 1 combined signals", "metadata": {"regime": "BEAR", "n_strategies": 4, "allocations": {"stat_arb": 0.25, "momentum": 0.15, "factor_model": 0.25, "mean_reversion": 0.3}}, "ts": "2026-06-21T16:06:52.731913+00:00", "session_id": "d5ca3630", "level": "INFO"}
  [bar 352] 2024-04-22 04:00:00+00:00 | 1 signals | equity=102,578 | regime=BEAR
StatArbStrategy.generate_signals: no pairs loaded. Call find_pairs() first.
{"event": "signal", "strategy": "momentum", "symbol": "MSFT", "direction": "BUY", "strength": 0.394164, "metadata": {"rank": 0.8, "sector": "Technology", "fallback": true}, "ts": "2026-06-21T16:06:53.037914+00:00", "session_id": "d5ca3630", "level": "INFO"}
{"event": "signal", "strategy": "momentum", "symbol": "NVDA", "direction": "BUY", "strength": 0.177539, "metadata": {"rank": 1.0, "sector": "Technology", "fallback": true}, "ts": "2026-06-21T16:06:53.038224+00:00", "session_id": "d5ca3630", "level": "INFO"}
{"event": "signal", "strategy": "momentum", "symbol": "JNJ", "direction": "SELL", "strength": 0.659565, "metadata": {"rank": 0.13333333333333333, "sector": "Healthcare", "fallback": true}, "ts": "2026-06-21T16:06:53.038818+00:00", "session_id": "d5ca3630", "level": "INFO"}
{"event": "signal", "strategy": "momentum", "symbol": "AMZN", "direction": "BUY", "strength": 0.322906, "metadata": {"rank": 0.8666666666666667, "sector": "Consumer Discretionary", "fallback": true}, "ts": "2026-06-21T16:06:53.039884+00:00", "session_id": "d5ca3630", "level": "INFO"}
{"event": "signal", "strategy": "momentum", "symbol": "XOM", "direction": "SELL", "strength": 0.513056, "metadata": {"rank": 0.2, "sector": "Energy", "fallback": true}, "ts": "2026-06-21T16:06:53.040549+00:00", "session_id": "d5ca3630", "level": "INFO"}
{"event": "signal", "strategy": "momentum", "symbol": "CAT", "direction": "BUY", "strength": 0.447679, "metadata": {"rank": 0.9333333333333333, "sector": "Industrials", "fallback": true}, "ts": "2026-06-21T16:06:53.041132+00:00", "session_id": "d5ca3630", "level": "INFO"}
MeanReversion: no volume data supplied — volume filter bypassed
{"event": "signal", "strategy": "mean_reversion", "symbol": "PG", "direction": "SELL", "strength": 0.505393, "metadata": {"z": 1.5795, "rsi": 77.24, "rv": 0.1467}, "ts": "2026-06-21T16:06:53.087613+00:00", "session_id": "d5ca3630", "level": "INFO"}
{"event": "info", "message": "SignalGenerator: 7 raw \u2192 3 combined signals", "metadata": {"regime": "BEAR", "n_strategies": 4, "allocations": {"stat_arb": 0.25, "momentum": 0.15, "factor_model": 0.25, "mean_reversion": 0.3}}, "ts": "2026-06-21T16:06:53.092717+00:00", "session_id": "d5ca3630", "level": "INFO"}
{"event": "risk_event", "event_type": "trade_rejected", "details": {"symbol": "JNJ", "side": "sell", "qty": 95, "reason": "Individual short position 12.88% exceeds limit 5%", "strategy": "combined"}, "ts": "2026-06-21T16:06:53.104181+00:00", "session_id": "d5ca3630", "level": "WARNING"}
{"event": "risk_event", "event_type": "trade_rejected", "details": {"symbol": "XOM", "side": "sell", "qty": 117, "reason": "Individual short position 12.72% exceeds limit 5%", "strategy": "combined"}, "ts": "2026-06-21T16:06:53.107463+00:00", "session_id": "d5ca3630", "level": "WARNING"}
{"event": "risk_event", "event_type": "trade_rejected", "details": {"symbol": "PG", "side": "sell", "qty": 90, "reason": "Individual short position 13.34% exceeds limit 5%", "strategy": "combined"}, "ts": "2026-06-21T16:06:53.110630+00:00", "session_id": "d5ca3630", "level": "WARNING"}
  [bar 353] 2024-04-23 04:00:00+00:00 | 3 signals | equity=103,418 | regime=BEAR
StatArbStrategy.generate_signals: no pairs loaded. Call find_pairs() first.
{"event": "signal", "strategy": "momentum", "symbol": "MSFT", "direction": "BUY", "strength": 0.398048, "metadata": {"rank": 0.8, "sector": "Technology", "fallback": true}, "ts": "2026-06-21T16:06:53.355490+00:00", "session_id": "d5ca3630", "level": "INFO"}
{"event": "signal", "strategy": "momentum", "symbol": "NVDA", "direction": "BUY", "strength": 0.176208, "metadata": {"rank": 1.0, "sector": "Technology", "fallback": true}, "ts": "2026-06-21T16:06:53.355801+00:00", "session_id": "d5ca3630", "level": "INFO"}
{"event": "signal", "strategy": "momentum", "symbol": "JNJ", "direction": "SELL", "strength": 0.656731, "metadata": {"rank": 0.13333333333333333, "sector": "Healthcare", "fallback": true}, "ts": "2026-06-21T16:06:53.356378+00:00", "session_id": "d5ca3630", "level": "INFO"}
{"event": "signal", "strategy": "momentum", "symbol": "UNH", "direction": "SELL", "strength": 0.313615, "metadata": {"rank": 0.2, "sector": "Healthcare", "fallback": true}, "ts": "2026-06-21T16:06:53.356654+00:00", "session_id": "d5ca3630", "level": "INFO"}
{"event": "signal", "strategy": "momentum", "symbol": "AMZN", "direction": "BUY", "strength": 0.320994, "metadata": {"rank": 0.8666666666666667, "sector": "Consumer Discretionary", "fallback": true}, "ts": "2026-06-21T16:06:53.357581+00:00", "session_id": "d5ca3630", "level": "INFO"}
{"event": "signal", "strategy": "momentum", "symbol": "CAT", "direction": "BUY", "strength": 0.449543, "metadata": {"rank": 0.9333333333333333, "sector": "Industrials", "fallback": true}, "ts": "2026-06-21T16:06:53.358519+00:00", "session_id": "d5ca3630", "level": "INFO"}
MeanReversion: no volume data supplied — volume filter bypassed
{"event": "signal", "strategy": "mean_reversion", "symbol": "PG", "direction": "SELL", "strength": 0.85849, "metadata": {"z": 1.9857, "rsi": 83.77, "rv": 0.1482}, "ts": "2026-06-21T16:06:53.397010+00:00", "session_id": "d5ca3630", "level": "INFO"}
{"event": "info", "message": "SignalGenerator: 7 raw \u2192 3 combined signals", "metadata": {"regime": "BEAR", "n_strategies": 4, "allocations": {"stat_arb": 0.25, "momentum": 0.15, "factor_model": 0.25, "mean_reversion": 0.3}}, "ts": "2026-06-21T16:06:53.402234+00:00", "session_id": "d5ca3630", "level": "INFO"}
{"event": "risk_event", "event_type": "trade_rejected", "details": {"symbol": "JNJ", "side": "sell", "qty": 104, "reason": "Individual short position 13.93% exceeds limit 5%", "strategy": "combined"}, "ts": "2026-06-21T16:06:53.413732+00:00", "session_id": "d5ca3630", "level": "WARNING"}
{"event": "risk_event", "event_type": "trade_rejected", "details": {"symbol": "UNH", "side": "sell", "qty": 23, "reason": "Individual short position 10.26% exceeds limit 5%", "strategy": "combined"}, "ts": "2026-06-21T16:06:53.416981+00:00", "session_id": "d5ca3630", "level": "WARNING"}
{"event": "risk_event", "event_type": "trade_rejected", "details": {"symbol": "PG", "side": "sell", "qty": 104, "reason": "Individual short position 15.44% exceeds limit 5%", "strategy": "combined"}, "ts": "2026-06-21T16:06:53.420201+00:00", "session_id": "d5ca3630", "level": "WARNING"}
  [bar 354] 2024-04-24 04:00:00+00:00 | 3 signals | equity=103,945 | regime=BEAR
StatArbStrategy.generate_signals: no pairs loaded. Call find_pairs() first.
{"event": "signal", "strategy": "momentum", "symbol": "NVDA", "direction": "BUY", "strength": 0.175017, "metadata": {"rank": 1.0, "sector": "Technology", "fallback": true}, "ts": "2026-06-21T16:06:53.770817+00:00", "session_id": "d5ca3630", "level": "INFO"}
{"event": "signal", "strategy": "momentum", "symbol": "JNJ", "direction": "SELL", "strength": 0.648604, "metadata": {"rank": 0.13333333333333333, "sector": "Healthcare", "fallback": true}, "ts": "2026-06-21T16:06:53.771431+00:00", "session_id": "d5ca3630", "level": "INFO"}
{"event": "signal", "strategy": "momentum", "symbol": "UNH", "direction": "SELL", "strength": 0.311706, "metadata": {"rank": 0.2, "sector": "Healthcare", "fallback": true}, "ts": "2026-06-21T16:06:53.771660+00:00", "session_id": "d5ca3630", "level": "INFO"}
{"event": "signal", "strategy": "momentum", "symbol": "JPM", "direction": "BUY", "strength": 0.400107, "metadata": {"rank": 0.8, "sector": "Financials", "fallback": true}, "ts": "2026-06-21T16:06:53.772109+00:00", "session_id": "d5ca3630", "level": "INFO"}
{"event": "signal", "strategy": "momentum", "symbol": "AMZN", "direction": "BUY", "strength": 0.320184, "metadata": {"rank": 0.8666666666666667, "sector": "Consumer Discretionary", "fallback": true}, "ts": "2026-06-21T16:06:53.772632+00:00", "session_id": "d5ca3630", "level": "INFO"}
{"event": "signal", "strategy": "momentum", "symbol": "CAT", "direction": "BUY", "strength": 0.359918, "metadata": {"rank": 0.9333333333333333, "sector": "Industrials", "fallback": true}, "ts": "2026-06-21T16:06:53.773393+00:00", "session_id": "d5ca3630", "level": "INFO"}
MeanReversion: no volume data supplied — volume filter bypassed
{"event": "signal", "strategy": "mean_reversion", "symbol": "MSFT", "direction": "BUY", "strength": 0.541448, "metadata": {"z": -1.6424, "rsi": 28.28, "rv": 0.1865}, "ts": "2026-06-21T16:06:53.791206+00:00", "session_id": "d5ca3630", "level": "INFO"}
{"event": "signal", "strategy": "mean_reversion", "symbol": "CAT", "direction": "CLOSE", "strength": 1.0, "metadata": {"z": -0.2022, "action": "mean_reversion_exit"}, "ts": "2026-06-21T16:06:53.805342+00:00", "session_id": "d5ca3630", "level": "INFO"}
{"event": "signal", "strategy": "mean_reversion", "symbol": "PG", "direction": "SELL", "strength": 0.76093, "metadata": {"z": 1.8686, "rsi": 82.49, "rv": 0.1415}, "ts": "2026-06-21T16:06:53.807153+00:00", "session_id": "d5ca3630", "level": "INFO"}
{"event": "info", "message": "SignalGenerator: 9 raw \u2192 5 combined signals", "metadata": {"regime": "BEAR", "n_strategies": 4, "allocations": {"stat_arb": 0.25, "momentum": 0.15, "factor_model": 0.25, "mean_reversion": 0.3}}, "ts": "2026-06-21T16:06:53.812183+00:00", "session_id": "d5ca3630", "level": "INFO"}
{"event": "risk_event", "event_type": "trade_rejected", "details": {"symbol": "JNJ", "side": "sell", "qty": 128, "reason": "Individual short position 17.14% exceeds limit 5%", "strategy": "combined"}, "ts": "2026-06-21T16:06:53.825851+00:00", "session_id": "d5ca3630", "level": "WARNING"}
{"event": "order", "order_id": "484931e2-5eb", "symbol": "CAT", "side": "sell", "qty": 47, "price": 0.0, "status": "submitted", "metadata": {"order_type": "market", "strategy": "combined"}, "ts": "2026-06-21T16:06:53.826036+00:00", "session_id": "d5ca3630", "level": "INFO"}
{"event": "risk_event", "event_type": "trade_rejected", "details": {"symbol": "PG", "side": "sell", "qty": 123, "reason": "Individual short position 18.46% exceeds limit 5%", "strategy": "combined"}, "ts": "2026-06-21T16:06:53.829304+00:00", "session_id": "d5ca3630", "level": "WARNING"}
  [bar 355] 2024-04-25 04:00:00+00:00 | 5 signals | equity=102,764 | regime=BEAR
{"event": "fill", "order_id": "484931e2-5eb", "fill_price": 329.23106813559014, "fill_qty": 47, "slippage_bps": 7.089, "metadata": {"symbol": "CAT", "side": "sell", "commission": 0.23500000000000001, "strategy": "combined"}, "ts": "2026-06-21T16:06:53.832945+00:00", "session_id": "d5ca3630", "level": "INFO"}
StatArbStrategy.generate_signals: no pairs loaded. Call find_pairs() first.
{"event": "signal", "strategy": "momentum", "symbol": "NVDA", "direction": "BUY", "strength": 0.172388, "metadata": {"rank": 1.0, "sector": "Technology", "fallback": true}, "ts": "2026-06-21T16:06:54.066603+00:00", "session_id": "d5ca3630", "level": "INFO"}
{"event": "signal", "strategy": "momentum", "symbol": "JNJ", "direction": "SELL", "strength": 0.648022, "metadata": {"rank": 0.13333333333333333, "sector": "Healthcare", "fallback": true}, "ts": "2026-06-21T16:06:54.067231+00:00", "session_id": "d5ca3630", "level": "INFO"}
{"event": "signal", "strategy": "momentum", "symbol": "UNH", "direction": "SELL", "strength": 0.314336, "metadata": {"rank": 0.2, "sector": "Healthcare", "fallback": true}, "ts": "2026-06-21T16:06:54.067507+00:00", "session_id": "d5ca3630", "level": "INFO"}
{"event": "signal", "strategy": "momentum", "symbol": "JPM", "direction": "BUY", "strength": 0.437162, "metadata": {"rank": 0.8666666666666667, "sector": "Financials", "fallback": true}, "ts": "2026-06-21T16:06:54.068041+00:00", "session_id": "d5ca3630", "level": "INFO"}
{"event": "signal", "strategy": "momentum", "symbol": "AMZN", "direction": "BUY", "strength": 0.292806, "metadata": {"rank": 0.8, "sector": "Consumer Discretionary", "fallback": true}, "ts": "2026-06-21T16:06:54.068720+00:00", "session_id": "d5ca3630", "level": "INFO"}
{"event": "signal", "strategy": "momentum", "symbol": "CAT", "direction": "BUY", "strength": 0.360967, "metadata": {"rank": 0.9333333333333333, "sector": "Industrials", "fallback": true}, "ts": "2026-06-21T16:06:54.069648+00:00", "session_id": "d5ca3630", "level": "INFO"}
MeanReversion: no volume data supplied — volume filter bypassed
{"event": "signal", "strategy": "mean_reversion", "symbol": "PG", "direction": "SELL", "strength": 0.238185, "metadata": {"z": 1.2725, "rsi": 74.68, "rv": 0.1442}, "ts": "2026-06-21T16:06:54.103521+00:00", "session_id": "d5ca3630", "level": "INFO"}
{"event": "signal", "strategy": "mean_reversion", "symbol": "GOOGL", "direction": "SELL", "strength": 1.0, "metadata": {"z": 2.9861, "rsi": 72.42, "rv": 0.4121}, "ts": "2026-06-21T16:06:54.105396+00:00", "session_id": "d5ca3630", "level": "INFO"}
{"event": "info", "message": "SignalGenerator: 8 raw \u2192 4 combined signals", "metadata": {"regime": "BEAR", "n_strategies": 4, "allocations": {"stat_arb": 0.25, "momentum": 0.15, "factor_model": 0.25, "mean_reversion": 0.3}}, "ts": "2026-06-21T16:06:54.108823+00:00", "session_id": "d5ca3630", "level": "INFO"}
{"event": "risk_event", "event_type": "trade_rejected", "details": {"symbol": "JNJ", "side": "sell", "qty": 122, "reason": "Individual short position 16.18% exceeds limit 5%", "strategy": "combined"}, "ts": "2026-06-21T16:06:54.120603+00:00", "session_id": "d5ca3630", "level": "WARNING"}
{"event": "risk_event", "event_type": "trade_rejected", "details": {"symbol": "UNH", "side": "sell", "qty": 25, "reason": "Individual short position 11.41% exceeds limit 5%", "strategy": "combined"}, "ts": "2026-06-21T16:06:54.123130+00:00", "session_id": "d5ca3630", "level": "WARNING"}
{"event": "risk_event", "event_type": "trade_rejected", "details": {"symbol": "PG", "side": "sell", "qty": 107, "reason": "Individual short position 15.85% exceeds limit 5%", "strategy": "combined"}, "ts": "2026-06-21T16:06:54.125730+00:00", "session_id": "d5ca3630", "level": "WARNING"}
  [bar 356] 2024-04-26 04:00:00+00:00 | 4 signals | equity=103,300 | regime=BEAR
Model is not converging.  Current: 2002.296348709038 is not greater than 2002.3289744817562. Delta is -0.03262577271812006
StatArbStrategy.generate_signals: no pairs loaded. Call find_pairs() first.
{"event": "signal", "strategy": "momentum", "symbol": "AAPL", "direction": "SELL", "strength": 0.384697, "metadata": {"rank": 0.2, "sector": "Technology", "fallback": true}, "ts": "2026-06-21T16:06:54.407920+00:00", "session_id": "d5ca3630", "level": "INFO"}
{"event": "signal", "strategy": "momentum", "symbol": "NVDA", "direction": "BUY", "strength": 0.172726, "metadata": {"rank": 1.0, "sector": "Technology", "fallback": true}, "ts": "2026-06-21T16:06:54.408262+00:00", "session_id": "d5ca3630", "level": "INFO"}
{"event": "signal", "strategy": "momentum", "symbol": "JNJ", "direction": "SELL", "strength": 0.645766, "metadata": {"rank": 0.13333333333333333, "sector": "Healthcare", "fallback": true}, "ts": "2026-06-21T16:06:54.408726+00:00", "session_id": "d5ca3630", "level": "INFO"}
{"event": "signal", "strategy": "momentum", "symbol": "JPM", "direction": "BUY", "strength": 0.404002, "metadata": {"rank": 0.8, "sector": "Financials", "fallback": true}, "ts": "2026-06-21T16:06:54.409214+00:00", "session_id": "d5ca3630", "level": "INFO"}
{"event": "signal", "strategy": "momentum", "symbol": "AMZN", "direction": "BUY", "strength": 0.322162, "metadata": {"rank": 0.8666666666666667, "sector": "Consumer Discretionary", "fallback": true}, "ts": "2026-06-21T16:06:54.409704+00:00", "session_id": "d5ca3630", "level": "INFO"}
{"event": "signal", "strategy": "momentum", "symbol": "CAT", "direction": "BUY", "strength": 0.363536, "metadata": {"rank": 0.9333333333333333, "sector": "Industrials", "fallback": true}, "ts": "2026-06-21T16:06:54.410424+00:00", "session_id": "d5ca3630", "level": "INFO"}
MeanReversion: no volume data supplied — volume filter bypassed
{"event": "signal", "strategy": "mean_reversion", "symbol": "PG", "direction": "SELL", "strength": 0.337428, "metadata": {"z": 1.3843, "rsi": 74.17, "rv": 0.139}, "ts": "2026-06-21T16:06:54.443443+00:00", "session_id": "d5ca3630", "level": "INFO"}
{"event": "info", "message": "SignalGenerator: 7 raw \u2192 3 combined signals", "metadata": {"regime": "BEAR", "n_strategies": 4, "allocations": {"stat_arb": 0.25, "momentum": 0.15, "factor_model": 0.25, "mean_reversion": 0.3}}, "ts": "2026-06-21T16:06:54.448958+00:00", "session_id": "d5ca3630", "level": "INFO"}
{"event": "risk_event", "event_type": "trade_rejected", "details": {"symbol": "AAPL", "side": "sell", "qty": 72, "reason": "Individual short position 11.89% exceeds limit 5%", "strategy": "combined"}, "ts": "2026-06-21T16:06:54.459591+00:00", "session_id": "d5ca3630", "level": "WARNING"}
{"event": "risk_event", "event_type": "trade_rejected", "details": {"symbol": "JNJ", "side": "sell", "qty": 100, "reason": "Individual short position 13.23% exceeds limit 5%", "strategy": "combined"}, "ts": "2026-06-21T16:06:54.463525+00:00", "session_id": "d5ca3630", "level": "WARNING"}
{"event": "risk_event", "event_type": "trade_rejected", "details": {"symbol": "PG", "side": "sell", "qty": 90, "reason": "Individual short position 13.27% exceeds limit 5%", "strategy": "combined"}, "ts": "2026-06-21T16:06:54.468981+00:00", "session_id": "d5ca3630", "level": "WARNING"}
  [bar 357] 2024-04-29 04:00:00+00:00 | 3 signals | equity=103,997 | regime=BEAR
StatArbStrategy.generate_signals: no pairs loaded. Call find_pairs() first.
{"event": "signal", "strategy": "momentum", "symbol": "NVDA", "direction": "BUY", "strength": 0.348739, "metadata": {"rank": 1.0, "sector": "Technology", "fallback": true}, "ts": "2026-06-21T16:06:54.711525+00:00", "session_id": "d5ca3630", "level": "INFO"}
{"event": "signal", "strategy": "momentum", "symbol": "JNJ", "direction": "SELL", "strength": 1.0, "metadata": {"rank": 0.2, "sector": "Healthcare", "fallback": true}, "ts": "2026-06-21T16:06:54.712054+00:00", "session_id": "d5ca3630", "level": "INFO"}
{"event": "signal", "strategy": "momentum", "symbol": "UNH", "direction": "SELL", "strength": 0.677951, "metadata": {"rank": 0.13333333333333333, "sector": "Healthcare", "fallback": true}, "ts": "2026-06-21T16:06:54.712309+00:00", "session_id": "d5ca3630", "level": "INFO"}
{"event": "signal", "strategy": "momentum", "symbol": "JPM", "direction": "BUY", "strength": 0.804532, "metadata": {"rank": 0.8, "sector": "Financials", "fallback": true}, "ts": "2026-06-21T16:06:54.712773+00:00", "session_id": "d5ca3630", "level": "INFO"}
{"event": "signal", "strategy": "momentum", "symbol": "AMZN", "direction": "BUY", "strength": 0.804759, "metadata": {"rank": 0.9333333333333333, "sector": "Consumer Discretionary", "fallback": true}, "ts": "2026-06-21T16:06:54.713289+00:00", "session_id": "d5ca3630", "level": "INFO"}
{"event": "signal", "strategy": "momentum", "symbol": "CAT", "direction": "BUY", "strength": 0.641904, "metadata": {"rank": 0.8666666666666667, "sector": "Industrials", "fallback": true}, "ts": "2026-06-21T16:06:54.714006+00:00", "session_id": "d5ca3630", "level": "INFO"}
MeanReversion: no volume data supplied — volume filter bypassed
{"event": "signal", "strategy": "mean_reversion", "symbol": "MSFT", "direction": "BUY", "strength": 1.0, "metadata": {"z": -2.631, "rsi": 28.68, "rv": 0.2248}, "ts": "2026-06-21T16:06:54.731896+00:00", "session_id": "d5ca3630", "level": "INFO"}
{"event": "signal", "strategy": "mean_reversion", "symbol": "TSLA", "direction": "CLOSE", "strength": 1.0, "metadata": {"z": 0.3877, "action": "mean_reversion_exit"}, "ts": "2026-06-21T16:06:54.743356+00:00", "session_id": "d5ca3630", "level": "INFO"}
{"event": "signal", "strategy": "mean_reversion", "symbol": "PG", "direction": "SELL", "strength": 0.820559, "metadata": {"z": 1.9375, "rsi": 76.03, "rv": 0.1425}, "ts": "2026-06-21T16:06:54.748490+00:00", "session_id": "d5ca3630", "level": "INFO"}
{"event": "info", "message": "SignalGenerator: 9 raw \u2192 9 combined signals", "metadata": {"regime": "SIDEWAYS", "n_strategies": 4, "allocations": {"stat_arb": 0.25, "momentum": 0.3, "factor_model": 0.25, "mean_reversion": 0.18}}, "ts": "2026-06-21T16:06:54.754616+00:00", "session_id": "d5ca3630", "level": "INFO"}
{"event": "risk_event", "event_type": "trade_rejected", "details": {"symbol": "JNJ", "side": "sell", "qty": 151, "reason": "Individual short position 19.87% exceeds limit 5%", "strategy": "combined"}, "ts": "2026-06-21T16:06:54.776506+00:00", "session_id": "d5ca3630", "level": "WARNING"}
{"event": "risk_event", "event_type": "trade_rejected", "details": {"symbol": "UNH", "side": "sell", "qty": 31, "reason": "Individual short position 13.86% exceeds limit 5%", "strategy": "combined"}, "ts": "2026-06-21T16:06:54.779146+00:00", "session_id": "d5ca3630", "level": "WARNING"}
{"event": "order", "order_id": "ec5e9950-a84", "symbol": "JPM", "side": "buy", "qty": 79, "price": 0.0, "status": "submitted", "metadata": {"order_type": "market", "strategy": "combined"}, "ts": "2026-06-21T16:06:54.781703+00:00", "session_id": "d5ca3630", "level": "INFO"}
{"event": "order", "order_id": "5f5807d2-a7f", "symbol": "AMZN", "side": "buy", "qty": 47, "price": 0.0, "status": "submitted", "metadata": {"order_type": "market", "strategy": "combined"}, "ts": "2026-06-21T16:06:54.784195+00:00", "session_id": "d5ca3630", "level": "INFO"}
{"event": "order", "order_id": "42ba676f-3d7", "symbol": "CAT", "side": "buy", "qty": 20, "price": 0.0, "status": "submitted", "metadata": {"order_type": "market", "strategy": "combined"}, "ts": "2026-06-21T16:06:54.786682+00:00", "session_id": "d5ca3630", "level": "INFO"}
{"event": "order", "order_id": "b0d33048-2ff", "symbol": "TSLA", "side": "sell", "qty": 34, "price": 0.0, "status": "submitted", "metadata": {"order_type": "market", "strategy": "combined"}, "ts": "2026-06-21T16:06:54.786859+00:00", "session_id": "d5ca3630", "level": "INFO"}
{"event": "risk_event", "event_type": "trade_rejected", "details": {"symbol": "PG", "side": "sell", "qty": 133, "reason": "Individual short position 20.00% exceeds limit 5%", "strategy": "combined"}, "ts": "2026-06-21T16:06:54.789323+00:00", "session_id": "d5ca3630", "level": "WARNING"}
  [bar 358] 2024-04-30 04:00:00+00:00 | 9 signals | equity=102,988 | regime=SIDEWAYS
{"event": "fill", "order_id": "5f5807d2-a7f", "fill_price": 181.76748277579833, "fill_qty": 47, "slippage_bps": 7.0185, "metadata": {"symbol": "AMZN", "side": "buy", "commission": 0.23500000000000001, "strategy": "combined"}, "ts": "2026-06-21T16:06:54.792757+00:00", "session_id": "d5ca3630", "level": "INFO"}
{"event": "fill", "order_id": "42ba676f-3d7", "fill_price": 324.76794015412787, "fill_qty": 20, "slippage_bps": 7.0593, "metadata": {"symbol": "CAT", "side": "buy", "commission": 0.1, "strategy": "combined"}, "ts": "2026-06-21T16:06:54.793357+00:00", "session_id": "d5ca3630", "level": "INFO"}
{"event": "fill", "order_id": "ec5e9950-a84", "fill_price": 184.45710846238978, "fill_qty": 79, "slippage_bps": 7.0497, "metadata": {"symbol": "JPM", "side": "buy", "commission": 0.395, "strategy": "combined"}, "ts": "2026-06-21T16:06:54.794470+00:00", "session_id": "d5ca3630", "level": "INFO"}
{"event": "fill", "order_id": "b0d33048-2ff", "fill_price": 181.87207925739108, "fill_qty": 34, "slippage_bps": 7.0286, "metadata": {"symbol": "TSLA", "side": "sell", "commission": 0.17, "strategy": "combined"}, "ts": "2026-06-21T16:06:54.796054+00:00", "session_id": "d5ca3630", "level": "INFO"}
StatArbStrategy.generate_signals: no pairs loaded. Call find_pairs() first.
{"event": "signal", "strategy": "momentum", "symbol": "NVDA", "direction": "BUY", "strength": 0.17434, "metadata": {"rank": 1.0, "sector": "Technology", "fallback": true}, "ts": "2026-06-21T16:06:55.111159+00:00", "session_id": "d5ca3630", "level": "INFO"}
{"event": "signal", "strategy": "momentum", "symbol": "JNJ", "direction": "SELL", "strength": 0.525995, "metadata": {"rank": 0.13333333333333333, "sector": "Healthcare", "fallback": true}, "ts": "2026-06-21T16:06:55.112390+00:00", "session_id": "d5ca3630", "level": "INFO"}
{"event": "signal", "strategy": "momentum", "symbol": "UNH", "direction": "SELL", "strength": 0.314799, "metadata": {"rank": 0.2, "sector": "Healthcare", "fallback": true}, "ts": "2026-06-21T16:06:55.112860+00:00", "session_id": "d5ca3630", "level": "INFO"}
{"event": "signal", "strategy": "momentum", "symbol": "JPM", "direction": "BUY", "strength": 0.402436, "metadata": {"rank": 0.8, "sector": "Financials", "fallback": true}, "ts": "2026-06-21T16:06:55.113667+00:00", "session_id": "d5ca3630", "level": "INFO"}
{"event": "signal", "strategy": "momentum", "symbol": "AMZN", "direction": "BUY", "strength": 0.396166, "metadata": {"rank": 0.9333333333333333, "sector": "Consumer Discretionary", "fallback": true}, "ts": "2026-06-21T16:06:55.114496+00:00", "session_id": "d5ca3630", "level": "INFO"}
{"event": "signal", "strategy": "momentum", "symbol": "CAT", "direction": "BUY", "strength": 0.32317, "metadata": {"rank": 0.8666666666666667, "sector": "Industrials", "fallback": true}, "ts": "2026-06-21T16:06:55.115703+00:00", "session_id": "d5ca3630", "level": "INFO"}
{"event": "signal", "strategy": "factor_model", "symbol": "JPM", "direction": "BUY", "strength": 0.270408, "metadata": {"composite_score": 0.8112229541778571}, "ts": "2026-06-21T16:06:55.134587+00:00", "session_id": "d5ca3630", "level": "INFO"}
{"event": "signal", "strategy": "factor_model", "symbol": "TSLA", "direction": "SELL", "strength": 0.601251, "metadata": {"composite_score": -1.8037544524308136}, "ts": "2026-06-21T16:06:55.134980+00:00", "session_id": "d5ca3630", "level": "INFO"}
MeanReversion: no volume data supplied — volume filter bypassed
{"event": "signal", "strategy": "mean_reversion", "symbol": "MSFT", "direction": "BUY", "strength": 0.762054, "metadata": {"z": -1.9403, "rsi": 29.52, "rv": 0.234}, "ts": "2026-06-21T16:06:55.139055+00:00", "session_id": "d5ca3630", "level": "INFO"}
{"event": "signal", "strategy": "mean_reversion", "symbol": "GS", "direction": "SELL", "strength": 0.739097, "metadata": {"z": 1.9202, "rsi": 70.7, "rv": 0.245}, "ts": "2026-06-21T16:06:55.147434+00:00", "session_id": "d5ca3630", "level": "INFO"}
{"event": "signal", "strategy": "mean_reversion", "symbol": "PG", "direction": "SELL", "strength": 0.840892, "metadata": {"z": 1.9186, "rsi": 85.1, "rv": 0.0924}, "ts": "2026-06-21T16:06:55.157500+00:00", "session_id": "d5ca3630", "level": "INFO"}
{"event": "info", "message": "SignalGenerator: 11 raw \u2192 6 combined signals", "metadata": {"regime": "BEAR", "n_strategies": 4, "allocations": {"stat_arb": 0.25, "momentum": 0.15, "factor_model": 0.25, "mean_reversion": 0.3}}, "ts": "2026-06-21T16:06:55.164533+00:00", "session_id": "d5ca3630", "level": "INFO"}
{"event": "risk_event", "event_type": "trade_rejected", "details": {"symbol": "JNJ", "side": "sell", "qty": 129, "reason": "Individual short position 17.74% exceeds limit 5%", "strategy": "combined"}, "ts": "2026-06-21T16:06:55.188817+00:00", "session_id": "d5ca3630", "level": "WARNING"}
{"event": "risk_event", "event_type": "trade_rejected", "details": {"symbol": "UNH", "side": "sell", "qty": 23, "reason": "Individual short position 10.29% exceeds limit 5%", "strategy": "combined"}, "ts": "2026-06-21T16:06:55.193337+00:00", "session_id": "d5ca3630", "level": "WARNING"}
{"event": "risk_event", "event_type": "trade_rejected", "details": {"symbol": "GS", "side": "sell", "qty": 26, "reason": "Individual short position 10.28% exceeds limit 5%", "strategy": "combined"}, "ts": "2026-06-21T16:06:55.197311+00:00", "session_id": "d5ca3630", "level": "WARNING"}
{"event": "risk_event", "event_type": "trade_rejected", "details": {"symbol": "PG", "side": "sell", "qty": 132, "reason": "Individual short position 19.87% exceeds limit 5%", "strategy": "combined"}, "ts": "2026-06-21T16:06:55.201290+00:00", "session_id": "d5ca3630", "level": "WARNING"}
  [bar 359] 2024-05-01 04:00:00+00:00 | 6 signals | equity=103,010 | regime=BEAR
StatArbStrategy.generate_signals: no pairs loaded. Call find_pairs() first.
{"event": "signal", "strategy": "momentum", "symbol": "NVDA", "direction": "BUY", "strength": 0.347584, "metadata": {"rank": 1.0, "sector": "Technology", "fallback": true}, "ts": "2026-06-21T16:06:55.440362+00:00", "session_id": "d5ca3630", "level": "INFO"}
{"event": "signal", "strategy": "momentum", "symbol": "JNJ", "direction": "SELL", "strength": 0.983773, "metadata": {"rank": 0.2, "sector": "Healthcare", "fallback": true}, "ts": "2026-06-21T16:06:55.440878+00:00", "session_id": "d5ca3630", "level": "INFO"}
{"event": "signal", "strategy": "momentum", "symbol": "UNH", "direction": "SELL", "strength": 0.679805, "metadata": {"rank": 0.13333333333333333, "sector": "Healthcare", "fallback": true}, "ts": "2026-06-21T16:06:55.441094+00:00", "session_id": "d5ca3630", "level": "INFO"}
{"event": "signal", "strategy": "momentum", "symbol": "JPM", "direction": "BUY", "strength": 0.804698, "metadata": {"rank": 0.8, "sector": "Financials", "fallback": true}, "ts": "2026-06-21T16:06:55.441563+00:00", "session_id": "d5ca3630", "level": "INFO"}
{"event": "signal", "strategy": "momentum", "symbol": "AMZN", "direction": "BUY", "strength": 0.767492, "metadata": {"rank": 0.9333333333333333, "sector": "Consumer Discretionary", "fallback": true}, "ts": "2026-06-21T16:06:55.442055+00:00", "session_id": "d5ca3630", "level": "INFO"}
{"event": "signal", "strategy": "momentum", "symbol": "CAT", "direction": "BUY", "strength": 0.643598, "metadata": {"rank": 0.8666666666666667, "sector": "Industrials", "fallback": true}, "ts": "2026-06-21T16:06:55.442784+00:00", "session_id": "d5ca3630", "level": "INFO"}
MeanReversion: no volume data supplied — volume filter bypassed
{"event": "signal", "strategy": "mean_reversion", "symbol": "GS", "direction": "SELL", "strength": 0.94984, "metadata": {"z": 2.1737, "rsi": 81.3, "rv": 0.2357}, "ts": "2026-06-21T16:06:55.474308+00:00", "session_id": "d5ca3630", "level": "INFO"}
{"event": "signal", "strategy": "mean_reversion", "symbol": "PG", "direction": "SELL", "strength": 0.905726, "metadata": {"z": 1.9859, "rsi": 89.2, "rv": 0.0885}, "ts": "2026-06-21T16:06:55.487577+00:00", "session_id": "d5ca3630", "level": "INFO"}
{"event": "signal", "strategy": "mean_reversion", "symbol": "LIN", "direction": "BUY", "strength": 0.692821, "metadata": {"z": -1.842, "rsi": 15.53, "rv": 0.2153}, "ts": "2026-06-21T16:06:55.491491+00:00", "session_id": "d5ca3630", "level": "INFO"}
{"event": "signal", "strategy": "mean_reversion", "symbol": "NEE", "direction": "SELL", "strength": 0.746063, "metadata": {"z": 1.9132, "rsi": 75.64, "rv": 0.224}, "ts": "2026-06-21T16:06:55.493347+00:00", "session_id": "d5ca3630", "level": "INFO"}
{"event": "info", "message": "SignalGenerator: 10 raw \u2192 10 combined signals", "metadata": {"regime": "SIDEWAYS", "n_strategies": 4, "allocations": {"stat_arb": 0.25, "momentum": 0.3, "factor_model": 0.25, "mean_reversion": 0.18}}, "ts": "2026-06-21T16:06:55.493639+00:00", "session_id": "d5ca3630", "level": "INFO"}
{"event": "risk_event", "event_type": "trade_rejected", "details": {"symbol": "JNJ", "side": "sell", "qty": 147, "reason": "Individual short position 19.98% exceeds limit 5%", "strategy": "combined"}, "ts": "2026-06-21T16:06:55.514405+00:00", "session_id": "d5ca3630", "level": "WARNING"}
{"event": "risk_event", "event_type": "trade_rejected", "details": {"symbol": "UNH", "side": "sell", "qty": 26, "reason": "Individual short position 11.80% exceeds limit 5%", "strategy": "combined"}, "ts": "2026-06-21T16:06:55.518403+00:00", "session_id": "d5ca3630", "level": "WARNING"}
{"event": "order", "order_id": "baf245f1-96e", "symbol": "JPM", "side": "buy", "qty": 3, "price": 0.0, "status": "submitted", "metadata": {"order_type": "market", "strategy": "combined"}, "ts": "2026-06-21T16:06:55.521582+00:00", "session_id": "d5ca3630", "level": "INFO"}
{"event": "order", "order_id": "7423e793-853", "symbol": "AMZN", "side": "buy", "qty": 11, "price": 0.0, "status": "submitted", "metadata": {"order_type": "market", "strategy": "combined"}, "ts": "2026-06-21T16:06:55.524745+00:00", "session_id": "d5ca3630", "level": "INFO"}
{"event": "risk_event", "event_type": "trade_rejected", "details": {"symbol": "PG", "side": "sell", "qty": 133, "reason": "Individual short position 20.00% exceeds limit 5%", "strategy": "combined"}, "ts": "2026-06-21T16:06:55.528709+00:00", "session_id": "d5ca3630", "level": "WARNING"}
{"event": "order", "order_id": "6ba0e5ea-471", "symbol": "LIN", "side": "buy", "qty": 45, "price": 0.0, "status": "submitted", "metadata": {"order_type": "market", "strategy": "combined"}, "ts": "2026-06-21T16:06:55.532588+00:00", "session_id": "d5ca3630", "level": "INFO"}
{"event": "risk_event", "event_type": "trade_rejected", "details": {"symbol": "NEE", "side": "sell", "qty": 160, "reason": "Individual short position 9.99% exceeds limit 5%", "strategy": "combined"}, "ts": "2026-06-21T16:06:55.536547+00:00", "session_id": "d5ca3630", "level": "WARNING"}
  [bar 360] 2024-05-02 04:00:00+00:00 | 10 signals | equity=103,403 | regime=SIDEWAYS
{"event": "fill", "order_id": "7423e793-853", "fill_price": 187.1210662601449, "fill_qty": 11, "slippage_bps": 7.009, "metadata": {"symbol": "AMZN", "side": "buy", "commission": 0.055, "strategy": "combined"}, "ts": "2026-06-21T16:06:55.540169+00:00", "session_id": "d5ca3630", "level": "INFO"}
{"event": "fill", "order_id": "baf245f1-96e", "fill_price": 184.1973384709288, "fill_qty": 3, "slippage_bps": 7.0096, "metadata": {"symbol": "JPM", "side": "buy", "commission": 0.015, "strategy": "combined"}, "ts": "2026-06-21T16:06:55.541563+00:00", "session_id": "d5ca3630", "level": "INFO"}
{"event": "fill", "order_id": "6ba0e5ea-471", "fill_price": 406.39392019985803, "fill_qty": 45, "slippage_bps": 7.0645, "metadata": {"symbol": "LIN", "side": "buy", "commission": 0.225, "strategy": "combined"}, "ts": "2026-06-21T16:06:55.542088+00:00", "session_id": "d5ca3630", "level": "INFO"}
StatArbStrategy.generate_signals: no pairs loaded. Call find_pairs() first.
{"event": "signal", "strategy": "momentum", "symbol": "NVDA", "direction": "BUY", "strength": 0.173379, "metadata": {"rank": 1.0, "sector": "Technology", "fallback": true}, "ts": "2026-06-21T16:06:55.780205+00:00", "session_id": "d5ca3630", "level": "INFO"}
{"event": "signal", "strategy": "momentum", "symbol": "JNJ", "direction": "SELL", "strength": 0.491388, "metadata": {"rank": 0.2, "sector": "Healthcare", "fallback": true}, "ts": "2026-06-21T16:06:55.780755+00:00", "session_id": "d5ca3630", "level": "INFO"}
{"event": "signal", "strategy": "momentum", "symbol": "UNH", "direction": "SELL", "strength": 0.343415, "metadata": {"rank": 0.13333333333333333, "sector": "Healthcare", "fallback": true}, "ts": "2026-06-21T16:06:55.780968+00:00", "session_id": "d5ca3630", "level": "INFO"}
{"event": "signal", "strategy": "momentum", "symbol": "JPM", "direction": "BUY", "strength": 0.401117, "metadata": {"rank": 0.8, "sector": "Financials", "fallback": true}, "ts": "2026-06-21T16:06:55.781448+00:00", "session_id": "d5ca3630", "level": "INFO"}
{"event": "signal", "strategy": "momentum", "symbol": "AMZN", "direction": "BUY", "strength": 0.383763, "metadata": {"rank": 0.9333333333333333, "sector": "Consumer Discretionary", "fallback": true}, "ts": "2026-06-21T16:06:55.781960+00:00", "session_id": "d5ca3630", "level": "INFO"}
{"event": "signal", "strategy": "momentum", "symbol": "CAT", "direction": "BUY", "strength": 0.32174, "metadata": {"rank": 0.8666666666666667, "sector": "Industrials", "fallback": true}, "ts": "2026-06-21T16:06:55.782686+00:00", "session_id": "d5ca3630", "level": "INFO"}
MeanReversion: no volume data supplied — volume filter bypassed
{"event": "signal", "strategy": "mean_reversion", "symbol": "GS", "direction": "SELL", "strength": 1.0, "metadata": {"z": 2.3795, "rsi": 79.58, "rv": 0.2382}, "ts": "2026-06-21T16:06:55.808479+00:00", "session_id": "d5ca3630", "level": "INFO"}
{"event": "signal", "strategy": "mean_reversion", "symbol": "PG", "direction": "SELL", "strength": 1.0, "metadata": {"z": 2.1014, "rsi": 89.63, "rv": 0.0885}, "ts": "2026-06-21T16:06:55.816645+00:00", "session_id": "d5ca3630", "level": "INFO"}
{"event": "signal", "strategy": "mean_reversion", "symbol": "LIN", "direction": "BUY", "strength": 0.523546, "metadata": {"z": -1.6324, "rsi": 24.6, "rv": 0.208}, "ts": "2026-06-21T16:06:55.820116+00:00", "session_id": "d5ca3630", "level": "INFO"}
{"event": "signal", "strategy": "mean_reversion", "symbol": "NEE", "direction": "SELL", "strength": 0.892931, "metadata": {"z": 2.0982, "rsi": 80.26, "rv": 0.2299}, "ts": "2026-06-21T16:06:55.821992+00:00", "session_id": "d5ca3630", "level": "INFO"}
{"event": "info", "message": "SignalGenerator: 10 raw \u2192 6 combined signals", "metadata": {"regime": "BEAR", "n_strategies": 4, "allocations": {"stat_arb": 0.25, "momentum": 0.15, "factor_model": 0.25, "mean_reversion": 0.3}}, "ts": "2026-06-21T16:06:55.822258+00:00", "session_id": "d5ca3630", "level": "INFO"}
{"event": "risk_event", "event_type": "trade_rejected", "details": {"symbol": "JNJ", "side": "sell", "qty": 143, "reason": "Individual short position 19.21% exceeds limit 5%", "strategy": "combined"}, "ts": "2026-06-21T16:06:55.838887+00:00", "session_id": "d5ca3630", "level": "WARNING"}
{"event": "risk_event", "event_type": "trade_rejected", "details": {"symbol": "UNH", "side": "sell", "qty": 22, "reason": "Individual short position 9.90% exceeds limit 5%", "strategy": "combined"}, "ts": "2026-06-21T16:06:55.843621+00:00", "session_id": "d5ca3630", "level": "WARNING"}
{"event": "risk_event", "event_type": "trade_rejected", "details": {"symbol": "PG", "side": "sell", "qty": 133, "reason": "Individual short position 19.93% exceeds limit 5%", "strategy": "combined"}, "ts": "2026-06-21T16:06:55.848343+00:00", "session_id": "d5ca3630", "level": "WARNING"}
  [bar 361] 2024-05-03 04:00:00+00:00 | 6 signals | equity=104,124 | regime=BEAR
StatArbStrategy.generate_signals: no pairs loaded. Call find_pairs() first.
{"event": "signal", "strategy": "momentum", "symbol": "NVDA", "direction": "BUY", "strength": 0.344653, "metadata": {"rank": 1.0, "sector": "Technology", "fallback": true}, "ts": "2026-06-21T16:06:56.086820+00:00", "session_id": "d5ca3630", "level": "INFO"}
{"event": "signal", "strategy": "momentum", "symbol": "JNJ", "direction": "SELL", "strength": 0.988461, "metadata": {"rank": 0.2, "sector": "Healthcare", "fallback": true}, "ts": "2026-06-21T16:06:56.087375+00:00", "session_id": "d5ca3630", "level": "INFO"}
{"event": "signal", "strategy": "momentum", "symbol": "UNH", "direction": "SELL", "strength": 0.686424, "metadata": {"rank": 0.13333333333333333, "sector": "Healthcare", "fallback": true}, "ts": "2026-06-21T16:06:56.087600+00:00", "session_id": "d5ca3630", "level": "INFO"}
{"event": "signal", "strategy": "momentum", "symbol": "JPM", "direction": "BUY", "strength": 0.801714, "metadata": {"rank": 0.8, "sector": "Financials", "fallback": true}, "ts": "2026-06-21T16:06:56.088047+00:00", "session_id": "d5ca3630", "level": "INFO"}
{"event": "signal", "strategy": "momentum", "symbol": "AMZN", "direction": "BUY", "strength": 0.764655, "metadata": {"rank": 0.9333333333333333, "sector": "Consumer Discretionary", "fallback": true}, "ts": "2026-06-21T16:06:56.088543+00:00", "session_id": "d5ca3630", "level": "INFO"}
{"event": "signal", "strategy": "momentum", "symbol": "CAT", "direction": "BUY", "strength": 0.639967, "metadata": {"rank": 0.8666666666666667, "sector": "Industrials", "fallback": true}, "ts": "2026-06-21T16:06:56.089272+00:00", "session_id": "d5ca3630", "level": "INFO"}
MeanReversion: no volume data supplied — volume filter bypassed
{"event": "signal", "strategy": "mean_reversion", "symbol": "MSFT", "direction": "CLOSE", "strength": 1.0, "metadata": {"z": 0.0855, "action": "mean_reversion_exit"}, "ts": "2026-06-21T16:06:56.107138+00:00", "session_id": "d5ca3630", "level": "INFO"}
{"event": "signal", "strategy": "mean_reversion", "symbol": "GS", "direction": "SELL", "strength": 1.0, "metadata": {"z": 2.5368, "rsi": 86.28, "rv": 0.2402}, "ts": "2026-06-21T16:06:56.115251+00:00", "session_id": "d5ca3630", "level": "INFO"}
{"event": "signal", "strategy": "mean_reversion", "symbol": "PG", "direction": "SELL", "strength": 0.904325, "metadata": {"z": 1.9842, "rsi": 89.05, "rv": 0.0884}, "ts": "2026-06-21T16:06:56.123415+00:00", "session_id": "d5ca3630", "level": "INFO"}
{"event": "signal", "strategy": "mean_reversion", "symbol": "LIN", "direction": "BUY", "strength": 0.413606, "metadata": {"z": -1.5013, "rsi": 28.04, "rv": 0.212}, "ts": "2026-06-21T16:06:56.126807+00:00", "session_id": "d5ca3630", "level": "INFO"}
{"event": "signal", "strategy": "mean_reversion", "symbol": "NEE", "direction": "SELL", "strength": 0.988501, "metadata": {"z": 2.2182, "rsi": 88.92, "rv": 0.2324}, "ts": "2026-06-21T16:06:56.128652+00:00", "session_id": "d5ca3630", "level": "INFO"}
{"event": "info", "message": "SignalGenerator: 11 raw \u2192 11 combined signals", "metadata": {"regime": "SIDEWAYS", "n_strategies": 4, "allocations": {"stat_arb": 0.25, "momentum": 0.3, "factor_model": 0.25, "mean_reversion": 0.18}}, "ts": "2026-06-21T16:06:56.128926+00:00", "session_id": "d5ca3630", "level": "INFO"}
{"event": "risk_event", "event_type": "trade_rejected", "details": {"symbol": "JNJ", "side": "sell", "qty": 151, "reason": "Individual short position 20.00% exceeds limit 5%", "strategy": "combined"}, "ts": "2026-06-21T16:06:56.151187+00:00", "session_id": "d5ca3630", "level": "WARNING"}
{"event": "risk_event", "event_type": "trade_rejected", "details": {"symbol": "UNH", "side": "sell", "qty": 28, "reason": "Individual short position 12.53% exceeds limit 5%", "strategy": "combined"}, "ts": "2026-06-21T16:06:56.157361+00:00", "session_id": "d5ca3630", "level": "WARNING"}
{"event": "order", "order_id": "a1253391-217", "symbol": "JPM", "side": "buy", "qty": 9, "price": 0.0, "status": "submitted", "metadata": {"order_type": "market", "strategy": "combined"}, "ts": "2026-06-21T16:06:56.162494+00:00", "session_id": "d5ca3630", "level": "INFO"}
{"event": "order", "order_id": "046421bd-5fa", "symbol": "MSFT", "side": "sell", "qty": 45, "price": 0.0, "status": "submitted", "metadata": {"order_type": "market", "strategy": "combined"}, "ts": "2026-06-21T16:06:56.162709+00:00", "session_id": "d5ca3630", "level": "INFO"}
{"event": "risk_event", "event_type": "trade_rejected", "details": {"symbol": "PG", "side": "sell", "qty": 134, "reason": "Individual short position 19.88% exceeds limit 5%", "strategy": "combined"}, "ts": "2026-06-21T16:06:56.168752+00:00", "session_id": "d5ca3630", "level": "WARNING"}
  [bar 362] 2024-05-06 04:00:00+00:00 | 11 signals | equity=105,151 | regime=SIDEWAYS
{"event": "fill", "order_id": "a1253391-217", "fill_price": 183.9096431038827, "fill_qty": 9, "slippage_bps": 7.0166, "metadata": {"symbol": "JPM", "side": "buy", "commission": 0.045, "strategy": "combined"}, "ts": "2026-06-21T16:06:56.174011+00:00", "session_id": "d5ca3630", "level": "INFO"}
{"event": "fill", "order_id": "046421bd-5fa", "fill_price": 407.22288700836896, "fill_qty": 45, "slippage_bps": 7.0231, "metadata": {"symbol": "MSFT", "side": "sell", "commission": 0.225, "strategy": "combined"}, "ts": "2026-06-21T16:06:56.174781+00:00", "session_id": "d5ca3630", "level": "INFO"}
StatArbStrategy.generate_signals: no pairs loaded. Call find_pairs() first.
{"event": "signal", "strategy": "momentum", "symbol": "NVDA", "direction": "BUY", "strength": 0.34573, "metadata": {"rank": 1.0, "sector": "Technology", "fallback": true}, "ts": "2026-06-21T16:06:56.412322+00:00", "session_id": "d5ca3630", "level": "INFO"}
{"event": "signal", "strategy": "momentum", "symbol": "JNJ", "direction": "SELL", "strength": 0.988977, "metadata": {"rank": 0.2, "sector": "Healthcare", "fallback": true}, "ts": "2026-06-21T16:06:56.412847+00:00", "session_id": "d5ca3630", "level": "INFO"}
{"event": "signal", "strategy": "momentum", "symbol": "UNH", "direction": "SELL", "strength": 0.682248, "metadata": {"rank": 0.13333333333333333, "sector": "Healthcare", "fallback": true}, "ts": "2026-06-21T16:06:56.413069+00:00", "session_id": "d5ca3630", "level": "INFO"}
{"event": "signal", "strategy": "momentum", "symbol": "JPM", "direction": "BUY", "strength": 0.80135, "metadata": {"rank": 0.8, "sector": "Financials", "fallback": true}, "ts": "2026-06-21T16:06:56.413572+00:00", "session_id": "d5ca3630", "level": "INFO"}
{"event": "signal", "strategy": "momentum", "symbol": "AMZN", "direction": "BUY", "strength": 0.7827, "metadata": {"rank": 0.9333333333333333, "sector": "Consumer Discretionary", "fallback": true}, "ts": "2026-06-21T16:06:56.414058+00:00", "session_id": "d5ca3630", "level": "INFO"}
{"event": "signal", "strategy": "momentum", "symbol": "CAT", "direction": "BUY", "strength": 0.644065, "metadata": {"rank": 0.8666666666666667, "sector": "Industrials", "fallback": true}, "ts": "2026-06-21T16:06:56.414795+00:00", "session_id": "d5ca3630", "level": "INFO"}
MeanReversion: no volume data supplied — volume filter bypassed
{"event": "signal", "strategy": "mean_reversion", "symbol": "AAPL", "direction": "SELL", "strength": 0.274192, "metadata": {"z": 1.3637, "rsi": 71.61, "rv": 0.3265}, "ts": "2026-06-21T16:06:56.430923+00:00", "session_id": "d5ca3630", "level": "INFO"}
{"event": "signal", "strategy": "mean_reversion", "symbol": "GS", "direction": "SELL", "strength": 1.0, "metadata": {"z": 2.3866, "rsi": 84.63, "rv": 0.2402}, "ts": "2026-06-21T16:06:56.440581+00:00", "session_id": "d5ca3630", "level": "INFO"}
{"event": "signal", "strategy": "mean_reversion", "symbol": "XOM", "direction": "CLOSE", "strength": 1.0, "metadata": {"z": 0.4763, "action": "mean_reversion_exit"}, "ts": "2026-06-21T16:06:56.445460+00:00", "session_id": "d5ca3630", "level": "INFO"}
{"event": "signal", "strategy": "mean_reversion", "symbol": "PG", "direction": "SELL", "strength": 1.0, "metadata": {"z": 2.3077, "rsi": 89.33, "rv": 0.0901}, "ts": "2026-06-21T16:06:56.449397+00:00", "session_id": "d5ca3630", "level": "INFO"}
{"event": "signal", "strategy": "mean_reversion", "symbol": "NEE", "direction": "SELL", "strength": 1.0, "metadata": {"z": 2.2361, "rsi": 87.5, "rv": 0.2328}, "ts": "2026-06-21T16:06:56.455539+00:00", "session_id": "d5ca3630", "level": "INFO"}
{"event": "info", "message": "SignalGenerator: 11 raw \u2192 7 combined signals", "metadata": {"regime": "BULL", "n_strategies": 4, "allocations": {"stat_arb": 0.05, "momentum": 0.5, "factor_model": 0.3, "mean_reversion": 0.13}}, "ts": "2026-06-21T16:06:56.455844+00:00", "session_id": "d5ca3630", "level": "INFO"}
{"event": "risk_event", "event_type": "trade_rejected", "details": {"symbol": "JNJ", "side": "sell", "qty": 151, "reason": "Individual short position 19.99% exceeds limit 5%", "strategy": "combined"}, "ts": "2026-06-21T16:06:56.479528+00:00", "session_id": "d5ca3630", "level": "WARNING"}
{"event": "risk_event", "event_type": "trade_rejected", "details": {"symbol": "UNH", "side": "sell", "qty": 30, "reason": "Individual short position 13.59% exceeds limit 5%", "strategy": "combined"}, "ts": "2026-06-21T16:06:56.483878+00:00", "session_id": "d5ca3630", "level": "WARNING"}
{"event": "order", "order_id": "f44450f7-5f7", "symbol": "JPM", "side": "buy", "qty": 22, "price": 0.0, "status": "submitted", "metadata": {"order_type": "market", "strategy": "combined"}, "ts": "2026-06-21T16:06:56.487229+00:00", "session_id": "d5ca3630", "level": "INFO"}
{"event": "order", "order_id": "dcc2b3ef-d44", "symbol": "AMZN", "side": "buy", "qty": 1, "price": 0.0, "status": "submitted", "metadata": {"order_type": "market", "strategy": "combined"}, "ts": "2026-06-21T16:06:56.490476+00:00", "session_id": "d5ca3630", "level": "INFO"}
{"event": "order", "order_id": "abd57292-f1b", "symbol": "CAT", "side": "buy", "qty": 11, "price": 0.0, "status": "submitted", "metadata": {"order_type": "market", "strategy": "combined"}, "ts": "2026-06-21T16:06:56.493851+00:00", "session_id": "d5ca3630", "level": "INFO"}
  [bar 363] 2024-05-07 04:00:00+00:00 | 7 signals | equity=105,298 | regime=BULL
{"event": "fill", "order_id": "dcc2b3ef-d44", "fill_price": 187.57126231576427, "fill_qty": 1, "slippage_bps": 7.0028, "metadata": {"symbol": "AMZN", "side": "buy", "commission": 0.005, "strategy": "combined"}, "ts": "2026-06-21T16:06:56.497758+00:00", "session_id": "d5ca3630", "level": "INFO"}
{"event": "fill", "order_id": "abd57292-f1b", "fill_price": 331.2163776213863, "fill_qty": 11, "slippage_bps": 7.0441, "metadata": {"symbol": "CAT", "side": "buy", "commission": 0.055, "strategy": "combined"}, "ts": "2026-06-21T16:06:56.498356+00:00", "session_id": "d5ca3630", "level": "INFO"}
{"event": "fill", "order_id": "f44450f7-5f7", "fill_price": 183.23827174362128, "fill_qty": 22, "slippage_bps": 7.0267, "metadata": {"symbol": "JPM", "side": "buy", "commission": 0.11, "strategy": "combined"}, "ts": "2026-06-21T16:06:56.499866+00:00", "session_id": "d5ca3630", "level": "INFO"}
StatArbStrategy.generate_signals: no pairs loaded. Call find_pairs() first.
{"event": "signal", "strategy": "momentum", "symbol": "NVDA", "direction": "BUY", "strength": 0.345678, "metadata": {"rank": 1.0, "sector": "Technology", "fallback": true}, "ts": "2026-06-21T16:06:56.732321+00:00", "session_id": "d5ca3630", "level": "INFO"}
{"event": "signal", "strategy": "momentum", "symbol": "JNJ", "direction": "SELL", "strength": 0.99338, "metadata": {"rank": 0.2, "sector": "Healthcare", "fallback": true}, "ts": "2026-06-21T16:06:56.732865+00:00", "session_id": "d5ca3630", "level": "INFO"}
{"event": "signal", "strategy": "momentum", "symbol": "UNH", "direction": "SELL", "strength": 0.681709, "metadata": {"rank": 0.13333333333333333, "sector": "Healthcare", "fallback": true}, "ts": "2026-06-21T16:06:56.733078+00:00", "session_id": "d5ca3630", "level": "INFO"}
{"event": "signal", "strategy": "momentum", "symbol": "JPM", "direction": "BUY", "strength": 0.787519, "metadata": {"rank": 0.8, "sector": "Financials", "fallback": true}, "ts": "2026-06-21T16:06:56.733568+00:00", "session_id": "d5ca3630", "level": "INFO"}
{"event": "signal", "strategy": "momentum", "symbol": "AMZN", "direction": "BUY", "strength": 0.787274, "metadata": {"rank": 0.9333333333333333, "sector": "Consumer Discretionary", "fallback": true}, "ts": "2026-06-21T16:06:56.734080+00:00", "session_id": "d5ca3630", "level": "INFO"}
{"event": "signal", "strategy": "momentum", "symbol": "CAT", "direction": "BUY", "strength": 0.646981, "metadata": {"rank": 0.8666666666666667, "sector": "Industrials", "fallback": true}, "ts": "2026-06-21T16:06:56.734814+00:00", "session_id": "d5ca3630", "level": "INFO"}
MeanReversion: no volume data supplied — volume filter bypassed
{"event": "signal", "strategy": "mean_reversion", "symbol": "AAPL", "direction": "SELL", "strength": 0.352562, "metadata": {"z": 1.466, "rsi": 74.01, "rv": 0.3219}, "ts": "2026-06-21T16:06:56.751305+00:00", "session_id": "d5ca3630", "level": "INFO"}
{"event": "signal", "strategy": "mean_reversion", "symbol": "GS", "direction": "SELL", "strength": 1.0, "metadata": {"z": 2.3965, "rsi": 86.57, "rv": 0.2156}, "ts": "2026-06-21T16:06:56.764297+00:00", "session_id": "d5ca3630", "level": "INFO"}
{"event": "signal", "strategy": "mean_reversion", "symbol": "PG", "direction": "SELL", "strength": 0.884054, "metadata": {"z": 1.9669, "rsi": 82.91, "rv": 0.0937}, "ts": "2026-06-21T16:06:56.774396+00:00", "session_id": "d5ca3630", "level": "INFO"}
{"event": "signal", "strategy": "mean_reversion", "symbol": "NEE", "direction": "SELL", "strength": 1.0, "metadata": {"z": 2.2797, "rsi": 88.24, "rv": 0.2128}, "ts": "2026-06-21T16:06:56.779499+00:00", "session_id": "d5ca3630", "level": "INFO"}
{"event": "info", "message": "SignalGenerator: 10 raw \u2192 6 combined signals", "metadata": {"regime": "BULL", "n_strategies": 4, "allocations": {"stat_arb": 0.05, "momentum": 0.5, "factor_model": 0.3, "mean_reversion": 0.13}}, "ts": "2026-06-21T16:06:56.779766+00:00", "session_id": "d5ca3630", "level": "INFO"}
{"event": "order", "order_id": "097adfd7-8cd", "symbol": "NVDA", "side": "buy", "qty": 3, "price": 0.0, "status": "submitted", "metadata": {"order_type": "market", "strategy": "combined"}, "ts": "2026-06-21T16:06:56.794738+00:00", "session_id": "d5ca3630", "level": "INFO"}
{"event": "risk_event", "event_type": "trade_rejected", "details": {"symbol": "JNJ", "side": "sell", "qty": 150, "reason": "Individual short position 19.95% exceeds limit 5%", "strategy": "combined"}, "ts": "2026-06-21T16:06:56.798675+00:00", "session_id": "d5ca3630", "level": "WARNING"}
{"event": "risk_event", "event_type": "trade_rejected", "details": {"symbol": "UNH", "side": "sell", "qty": 29, "reason": "Individual short position 13.23% exceeds limit 5%", "strategy": "combined"}, "ts": "2026-06-21T16:06:56.802607+00:00", "session_id": "d5ca3630", "level": "WARNING"}
{"event": "order", "order_id": "24de414f-cab", "symbol": "JPM", "side": "buy", "qty": 1, "price": 0.0, "status": "submitted", "metadata": {"order_type": "market", "strategy": "combined"}, "ts": "2026-06-21T16:06:56.805792+00:00", "session_id": "d5ca3630", "level": "INFO"}
{"event": "order", "order_id": "c3cea76a-ddd", "symbol": "AMZN", "side": "buy", "qty": 28, "price": 0.0, "status": "submitted", "metadata": {"order_type": "market", "strategy": "combined"}, "ts": "2026-06-21T16:06:56.808957+00:00", "session_id": "d5ca3630", "level": "INFO"}
{"event": "order", "order_id": "71abea36-f12", "symbol": "CAT", "side": "buy", "qty": 4, "price": 0.0, "status": "submitted", "metadata": {"order_type": "market", "strategy": "combined"}, "ts": "2026-06-21T16:06:56.812102+00:00", "session_id": "d5ca3630", "level": "INFO"}
  [bar 364] 2024-05-08 04:00:00+00:00 | 6 signals | equity=104,968 | regime=BULL
{"event": "fill", "order_id": "c3cea76a-ddd", "fill_price": 189.01249268417396, "fill_qty": 28, "slippage_bps": 7.0144, "metadata": {"symbol": "AMZN", "side": "buy", "commission": 0.14, "strategy": "combined"}, "ts": "2026-06-21T16:06:56.815626+00:00", "session_id": "d5ca3630", "level": "INFO"}
{"event": "fill", "order_id": "71abea36-f12", "fill_price": 336.98295608123374, "fill_qty": 4, "slippage_bps": 7.0272, "metadata": {"symbol": "CAT", "side": "buy", "commission": 0.02, "strategy": "combined"}, "ts": "2026-06-21T16:06:56.816183+00:00", "session_id": "d5ca3630", "level": "INFO"}
{"event": "fill", "order_id": "24de414f-cab", "fill_price": 187.2384454933121, "fill_qty": 1, "slippage_bps": 7.0058, "metadata": {"symbol": "JPM", "side": "buy", "commission": 0.005, "strategy": "combined"}, "ts": "2026-06-21T16:06:56.817322+00:00", "session_id": "d5ca3630", "level": "INFO"}
{"event": "fill", "order_id": "097adfd7-8cd", "fill_price": 90.43589784411574, "fill_qty": 3, "slippage_bps": 7.0032, "metadata": {"symbol": "NVDA", "side": "buy", "commission": 0.015, "strategy": "combined"}, "ts": "2026-06-21T16:06:56.818446+00:00", "session_id": "d5ca3630", "level": "INFO"}
StatArbStrategy.generate_signals: no pairs loaded. Call find_pairs() first.
{"event": "signal", "strategy": "momentum", "symbol": "NVDA", "direction": "BUY", "strength": 0.344658, "metadata": {"rank": 1.0, "sector": "Technology", "fallback": true}, "ts": "2026-06-21T16:06:57.052498+00:00", "session_id": "d5ca3630", "level": "INFO"}
{"event": "signal", "strategy": "momentum", "symbol": "JNJ", "direction": "SELL", "strength": 0.994984, "metadata": {"rank": 0.2, "sector": "Healthcare", "fallback": true}, "ts": "2026-06-21T16:06:57.053123+00:00", "session_id": "d5ca3630", "level": "INFO"}
{"event": "signal", "strategy": "momentum", "symbol": "UNH", "direction": "SELL", "strength": 0.680343, "metadata": {"rank": 0.13333333333333333, "sector": "Healthcare", "fallback": true}, "ts": "2026-06-21T16:06:57.053384+00:00", "session_id": "d5ca3630", "level": "INFO"}
{"event": "signal", "strategy": "momentum", "symbol": "JPM", "direction": "BUY", "strength": 0.790042, "metadata": {"rank": 0.8, "sector": "Financials", "fallback": true}, "ts": "2026-06-21T16:06:57.053912+00:00", "session_id": "d5ca3630", "level": "INFO"}
{"event": "signal", "strategy": "momentum", "symbol": "AMZN", "direction": "BUY", "strength": 0.802935, "metadata": {"rank": 0.9333333333333333, "sector": "Consumer Discretionary", "fallback": true}, "ts": "2026-06-21T16:06:57.054511+00:00", "session_id": "d5ca3630", "level": "INFO"}
{"event": "signal", "strategy": "momentum", "symbol": "CAT", "direction": "BUY", "strength": 0.656568, "metadata": {"rank": 0.8666666666666667, "sector": "Industrials", "fallback": true}, "ts": "2026-06-21T16:06:57.055422+00:00", "session_id": "d5ca3630", "level": "INFO"}
MeanReversion: no volume data supplied — volume filter bypassed
{"event": "signal", "strategy": "mean_reversion", "symbol": "AAPL", "direction": "SELL", "strength": 0.608276, "metadata": {"z": 1.7847, "rsi": 80.12, "rv": 0.29}, "ts": "2026-06-21T16:06:57.076122+00:00", "session_id": "d5ca3630", "level": "INFO"}
{"event": "signal", "strategy": "mean_reversion", "symbol": "JPM", "direction": "SELL", "strength": 0.191415, "metadata": {"z": 1.2478, "rsi": 81.79, "rv": 0.2943}, "ts": "2026-06-21T16:06:57.084516+00:00", "session_id": "d5ca3630", "level": "INFO"}
{"event": "signal", "strategy": "mean_reversion", "symbol": "GS", "direction": "SELL", "strength": 1.0, "metadata": {"z": 2.6716, "rsi": 88.1, "rv": 0.2144}, "ts": "2026-06-21T16:06:57.086384+00:00", "session_id": "d5ca3630", "level": "INFO"}
{"event": "signal", "strategy": "mean_reversion", "symbol": "PG", "direction": "SELL", "strength": 1.0, "metadata": {"z": 2.1748, "rsi": 83.08, "rv": 0.0834}, "ts": "2026-06-21T16:06:57.094455+00:00", "session_id": "d5ca3630", "level": "INFO"}
{"event": "signal", "strategy": "mean_reversion", "symbol": "NEE", "direction": "SELL", "strength": 1.0, "metadata": {"z": 2.4698, "rsi": 89.54, "rv": 0.219}, "ts": "2026-06-21T16:06:57.099393+00:00", "session_id": "d5ca3630", "level": "INFO"}
{"event": "info", "message": "SignalGenerator: 11 raw \u2192 6 combined signals", "metadata": {"regime": "BULL", "n_strategies": 4, "allocations": {"stat_arb": 0.05, "momentum": 0.5, "factor_model": 0.3, "mean_reversion": 0.13}}, "ts": "2026-06-21T16:06:57.099650+00:00", "session_id": "d5ca3630", "level": "INFO"}
{"event": "risk_event", "event_type": "trade_rejected", "details": {"symbol": "JNJ", "side": "sell", "qty": 150, "reason": "Individual short position 19.91% exceeds limit 5%", "strategy": "combined"}, "ts": "2026-06-21T16:06:57.115519+00:00", "session_id": "d5ca3630", "level": "WARNING"}
{"event": "risk_event", "event_type": "trade_rejected", "details": {"symbol": "UNH", "side": "sell", "qty": 33, "reason": "Individual short position 15.05% exceeds limit 5%", "strategy": "combined"}, "ts": "2026-06-21T16:06:57.119526+00:00", "session_id": "d5ca3630", "level": "WARNING"}
{"event": "order", "order_id": "789b7126-92d", "symbol": "CAT", "side": "buy", "qty": 5, "price": 0.0, "status": "submitted", "metadata": {"order_type": "market", "strategy": "combined"}, "ts": "2026-06-21T16:06:57.122805+00:00", "session_id": "d5ca3630", "level": "INFO"}
  [bar 365] 2024-05-09 04:00:00+00:00 | 6 signals | equity=105,787 | regime=BULL
{"event": "fill", "order_id": "789b7126-92d", "fill_price": 345.8284491473913, "fill_qty": 5, "slippage_bps": 7.0302, "metadata": {"symbol": "CAT", "side": "buy", "commission": 0.025, "strategy": "combined"}, "ts": "2026-06-21T16:06:57.126453+00:00", "session_id": "d5ca3630", "level": "INFO"}
StatArbStrategy.generate_signals: no pairs loaded. Call find_pairs() first.
{"event": "signal", "strategy": "momentum", "symbol": "NVDA", "direction": "BUY", "strength": 0.345427, "metadata": {"rank": 1.0, "sector": "Technology", "fallback": true}, "ts": "2026-06-21T16:06:57.431794+00:00", "session_id": "d5ca3630", "level": "INFO"}
{"event": "signal", "strategy": "momentum", "symbol": "JNJ", "direction": "SELL", "strength": 1.0, "metadata": {"rank": 0.13333333333333333, "sector": "Healthcare", "fallback": true}, "ts": "2026-06-21T16:06:57.432397+00:00", "session_id": "d5ca3630", "level": "INFO"}
{"event": "signal", "strategy": "momentum", "symbol": "UNH", "direction": "SELL", "strength": 0.625298, "metadata": {"rank": 0.2, "sector": "Healthcare", "fallback": true}, "ts": "2026-06-21T16:06:57.432626+00:00", "session_id": "d5ca3630", "level": "INFO"}
{"event": "signal", "strategy": "momentum", "symbol": "JPM", "direction": "BUY", "strength": 0.791905, "metadata": {"rank": 0.8, "sector": "Financials", "fallback": true}, "ts": "2026-06-21T16:06:57.433074+00:00", "session_id": "d5ca3630", "level": "INFO"}
{"event": "signal", "strategy": "momentum", "symbol": "AMZN", "direction": "BUY", "strength": 0.745283, "metadata": {"rank": 0.8666666666666667, "sector": "Consumer Discretionary", "fallback": true}, "ts": "2026-06-21T16:06:57.433584+00:00", "session_id": "d5ca3630", "level": "INFO"}
{"event": "signal", "strategy": "momentum", "symbol": "CAT", "direction": "BUY", "strength": 0.708455, "metadata": {"rank": 0.9333333333333333, "sector": "Industrials", "fallback": true}, "ts": "2026-06-21T16:06:57.434334+00:00", "session_id": "d5ca3630", "level": "INFO"}
MeanReversion: no volume data supplied — volume filter bypassed
{"event": "signal", "strategy": "mean_reversion", "symbol": "AAPL", "direction": "SELL", "strength": 0.445819, "metadata": {"z": 1.5755, "rsi": 76.51, "rv": 0.291}, "ts": "2026-06-21T16:06:57.452621+00:00", "session_id": "d5ca3630", "level": "INFO"}
{"event": "signal", "strategy": "mean_reversion", "symbol": "JPM", "direction": "SELL", "strength": 0.368968, "metadata": {"z": 1.4253, "rsi": 79.14, "rv": 0.1526}, "ts": "2026-06-21T16:06:57.463789+00:00", "session_id": "d5ca3630", "level": "INFO"}
{"event": "signal", "strategy": "mean_reversion", "symbol": "GS", "direction": "SELL", "strength": 1.0, "metadata": {"z": 2.4711, "rsi": 83.9, "rv": 0.1923}, "ts": "2026-06-21T16:06:57.466218+00:00", "session_id": "d5ca3630", "level": "INFO"}
{"event": "signal", "strategy": "mean_reversion", "symbol": "PG", "direction": "SELL", "strength": 1.0, "metadata": {"z": 2.312, "rsi": 80.48, "rv": 0.0795}, "ts": "2026-06-21T16:06:57.475924+00:00", "session_id": "d5ca3630", "level": "INFO"}
{"event": "signal", "strategy": "mean_reversion", "symbol": "NEE", "direction": "SELL", "strength": 0.979441, "metadata": {"z": 2.1905, "rsi": 83.18, "rv": 0.2155}, "ts": "2026-06-21T16:06:57.483798+00:00", "session_id": "d5ca3630", "level": "INFO"}
{"event": "info", "message": "SignalGenerator: 11 raw \u2192 10 combined signals", "metadata": {"regime": "SIDEWAYS", "n_strategies": 4, "allocations": {"stat_arb": 0.25, "momentum": 0.3, "factor_model": 0.25, "mean_reversion": 0.18}}, "ts": "2026-06-21T16:06:57.484142+00:00", "session_id": "d5ca3630", "level": "INFO"}
{"event": "risk_event", "event_type": "trade_rejected", "details": {"symbol": "JNJ", "side": "sell", "qty": 151, "reason": "Individual short position 19.92% exceeds limit 5%", "strategy": "combined"}, "ts": "2026-06-21T16:06:57.513297+00:00", "session_id": "d5ca3630", "level": "WARNING"}
{"event": "risk_event", "event_type": "trade_rejected", "details": {"symbol": "UNH", "side": "sell", "qty": 26, "reason": "Individual short position 11.92% exceeds limit 5%", "strategy": "combined"}, "ts": "2026-06-21T16:06:57.517868+00:00", "session_id": "d5ca3630", "level": "WARNING"}
{"event": "risk_event", "event_type": "trade_rejected", "details": {"symbol": "AAPL", "side": "sell", "qty": 61, "reason": "Individual short position 10.39% exceeds limit 5%", "strategy": "combined"}, "ts": "2026-06-21T16:06:57.521918+00:00", "session_id": "d5ca3630", "level": "WARNING"}
{"event": "risk_event", "event_type": "trade_rejected", "details": {"symbol": "PG", "side": "sell", "qty": 134, "reason": "Individual short position 19.92% exceeds limit 5%", "strategy": "combined"}, "ts": "2026-06-21T16:06:57.525848+00:00", "session_id": "d5ca3630", "level": "WARNING"}
  [bar 366] 2024-05-10 04:00:00+00:00 | 10 signals | equity=106,500 | regime=SIDEWAYS
StatArbStrategy.generate_signals: no pairs loaded. Call find_pairs() first.
{"event": "signal", "strategy": "momentum", "symbol": "NVDA", "direction": "BUY", "strength": 0.173167, "metadata": {"rank": 1.0, "sector": "Technology", "fallback": true}, "ts": "2026-06-21T16:06:57.769197+00:00", "session_id": "d5ca3630", "level": "INFO"}
{"event": "signal", "strategy": "momentum", "symbol": "JNJ", "direction": "SELL", "strength": 0.545263, "metadata": {"rank": 0.13333333333333333, "sector": "Healthcare", "fallback": true}, "ts": "2026-06-21T16:06:57.769993+00:00", "session_id": "d5ca3630", "level": "INFO"}
{"event": "signal", "strategy": "momentum", "symbol": "UNH", "direction": "SELL", "strength": 0.313223, "metadata": {"rank": 0.2, "sector": "Healthcare", "fallback": true}, "ts": "2026-06-21T16:06:57.770358+00:00", "session_id": "d5ca3630", "level": "INFO"}
{"event": "signal", "strategy": "momentum", "symbol": "JPM", "direction": "BUY", "strength": 0.404091, "metadata": {"rank": 0.8, "sector": "Financials", "fallback": true}, "ts": "2026-06-21T16:06:57.770913+00:00", "session_id": "d5ca3630", "level": "INFO"}
{"event": "signal", "strategy": "momentum", "symbol": "AMZN", "direction": "BUY", "strength": 0.373094, "metadata": {"rank": 0.8666666666666667, "sector": "Consumer Discretionary", "fallback": true}, "ts": "2026-06-21T16:06:57.771502+00:00", "session_id": "d5ca3630", "level": "INFO"}
{"event": "signal", "strategy": "momentum", "symbol": "CAT", "direction": "BUY", "strength": 0.357696, "metadata": {"rank": 0.9333333333333333, "sector": "Industrials", "fallback": true}, "ts": "2026-06-21T16:06:57.772331+00:00", "session_id": "d5ca3630", "level": "INFO"}
MeanReversion: no volume data supplied — volume filter bypassed
{"event": "signal", "strategy": "mean_reversion", "symbol": "AAPL", "direction": "SELL", "strength": 0.853469, "metadata": {"z": 2.0937, "rsi": 77.97, "rv": 0.2815}, "ts": "2026-06-21T16:06:57.788748+00:00", "session_id": "d5ca3630", "level": "INFO"}
{"event": "signal", "strategy": "mean_reversion", "symbol": "JPM", "direction": "SELL", "strength": 0.330819, "metadata": {"z": 1.3814, "rsi": 74.64, "rv": 0.1529}, "ts": "2026-06-21T16:06:57.796886+00:00", "session_id": "d5ca3630", "level": "INFO"}
{"event": "signal", "strategy": "mean_reversion", "symbol": "GS", "direction": "SELL", "strength": 1.0, "metadata": {"z": 2.2723, "rsi": 79.76, "rv": 0.1784}, "ts": "2026-06-21T16:06:57.798742+00:00", "session_id": "d5ca3630", "level": "INFO"}
{"event": "signal", "strategy": "mean_reversion", "symbol": "PG", "direction": "SELL", "strength": 0.8341, "metadata": {"z": 1.906, "rsi": 71.07, "rv": 0.0863}, "ts": "2026-06-21T16:06:57.806856+00:00", "session_id": "d5ca3630", "level": "INFO"}
{"event": "signal", "strategy": "mean_reversion", "symbol": "NEE", "direction": "SELL", "strength": 0.998435, "metadata": {"z": 2.2081, "rsi": 83.04, "rv": 0.21}, "ts": "2026-06-21T16:06:57.811846+00:00", "session_id": "d5ca3630", "level": "INFO"}
{"event": "info", "message": "SignalGenerator: 11 raw \u2192 7 combined signals", "metadata": {"regime": "BEAR", "n_strategies": 4, "allocations": {"stat_arb": 0.25, "momentum": 0.15, "factor_model": 0.25, "mean_reversion": 0.3}}, "ts": "2026-06-21T16:06:57.812114+00:00", "session_id": "d5ca3630", "level": "INFO"}
{"event": "risk_event", "event_type": "trade_rejected", "details": {"symbol": "JNJ", "side": "sell", "qty": 121, "reason": "Individual short position 16.10% exceeds limit 5%", "strategy": "combined"}, "ts": "2026-06-21T16:06:57.829022+00:00", "session_id": "d5ca3630", "level": "WARNING"}
{"event": "risk_event", "event_type": "trade_rejected", "details": {"symbol": "UNH", "side": "sell", "qty": 24, "reason": "Individual short position 10.97% exceeds limit 5%", "strategy": "combined"}, "ts": "2026-06-21T16:06:57.833045+00:00", "session_id": "d5ca3630", "level": "WARNING"}
{"event": "order", "order_id": "4ef39de6-79c", "symbol": "JPM", "side": "sell", "qty": 114, "price": 0.0, "status": "submitted", "metadata": {"order_type": "market", "strategy": "combined"}, "ts": "2026-06-21T16:06:57.833208+00:00", "session_id": "d5ca3630", "level": "INFO"}
{"event": "risk_event", "event_type": "trade_rejected", "details": {"symbol": "AAPL", "side": "sell", "qty": 86, "reason": "Individual short position 14.91% exceeds limit 5%", "strategy": "combined"}, "ts": "2026-06-21T16:06:57.837260+00:00", "session_id": "d5ca3630", "level": "WARNING"}
{"event": "risk_event", "event_type": "trade_rejected", "details": {"symbol": "PG", "side": "sell", "qty": 135, "reason": "Individual short position 19.95% exceeds limit 5%", "strategy": "combined"}, "ts": "2026-06-21T16:06:57.841262+00:00", "session_id": "d5ca3630", "level": "WARNING"}
  [bar 367] 2024-05-13 04:00:00+00:00 | 7 signals | equity=106,518 | regime=BEAR
{"event": "fill", "order_id": "4ef39de6-79c", "fill_price": 190.64494986424006, "fill_qty": 114, "slippage_bps": 7.0336, "metadata": {"symbol": "JPM", "side": "sell", "commission": 0.5700000000000001, "strategy": "combined"}, "ts": "2026-06-21T16:06:57.845916+00:00", "session_id": "d5ca3630", "level": "INFO"}
StatArbStrategy.generate_signals: no pairs loaded. Call find_pairs() first.
{"event": "signal", "strategy": "momentum", "symbol": "NVDA", "direction": "BUY", "strength": 0.346275, "metadata": {"rank": 1.0, "sector": "Technology", "fallback": true}, "ts": "2026-06-21T16:06:58.175038+00:00", "session_id": "d5ca3630", "level": "INFO"}
{"event": "signal", "strategy": "momentum", "symbol": "JNJ", "direction": "SELL", "strength": 1.0, "metadata": {"rank": 0.13333333333333333, "sector": "Healthcare", "fallback": true}, "ts": "2026-06-21T16:06:58.176164+00:00", "session_id": "d5ca3630", "level": "INFO"}
{"event": "signal", "strategy": "momentum", "symbol": "JPM", "direction": "BUY", "strength": 0.803815, "metadata": {"rank": 0.8, "sector": "Financials", "fallback": true}, "ts": "2026-06-21T16:06:58.177073+00:00", "session_id": "d5ca3630", "level": "INFO"}
{"event": "signal", "strategy": "momentum", "symbol": "AMZN", "direction": "BUY", "strength": 0.746479, "metadata": {"rank": 0.8666666666666667, "sector": "Consumer Discretionary", "fallback": true}, "ts": "2026-06-21T16:06:58.179317+00:00", "session_id": "d5ca3630", "level": "INFO"}
{"event": "signal", "strategy": "momentum", "symbol": "TSLA", "direction": "SELL", "strength": 0.270645, "metadata": {"rank": 0.2, "sector": "Consumer Discretionary", "fallback": true}, "ts": "2026-06-21T16:06:58.180607+00:00", "session_id": "d5ca3630", "level": "INFO"}
{"event": "signal", "strategy": "momentum", "symbol": "CAT", "direction": "BUY", "strength": 0.715909, "metadata": {"rank": 0.9333333333333333, "sector": "Industrials", "fallback": true}, "ts": "2026-06-21T16:06:58.182724+00:00", "session_id": "d5ca3630", "level": "INFO"}
MeanReversion: no volume data supplied — volume filter bypassed
{"event": "signal", "strategy": "mean_reversion", "symbol": "AAPL", "direction": "SELL", "strength": 0.956188, "metadata": {"z": 2.2123, "rsi": 77.34, "rv": 0.2678}, "ts": "2026-06-21T16:06:58.223881+00:00", "session_id": "d5ca3630", "level": "INFO"}
{"event": "signal", "strategy": "mean_reversion", "symbol": "JNJ", "direction": "CLOSE", "strength": 1.0, "metadata": {"z": -0.4701, "action": "mean_reversion_exit"}, "ts": "2026-06-21T16:06:58.235969+00:00", "session_id": "d5ca3630", "level": "INFO"}
{"event": "signal", "strategy": "mean_reversion", "symbol": "UNH", "direction": "SELL", "strength": 0.25628, "metadata": {"z": 1.3063, "rsi": 75.05, "rv": 0.1952}, "ts": "2026-06-21T16:06:58.240221+00:00", "session_id": "d5ca3630", "level": "INFO"}
{"event": "signal", "strategy": "mean_reversion", "symbol": "JPM", "direction": "SELL", "strength": 0.685215, "metadata": {"z": 1.7844, "rsi": 77.71, "rv": 0.1447}, "ts": "2026-06-21T16:06:58.245310+00:00", "session_id": "d5ca3630", "level": "INFO"}
{"event": "signal", "strategy": "mean_reversion", "symbol": "GS", "direction": "SELL", "strength": 1.0, "metadata": {"z": 2.3613, "rsi": 83.04, "rv": 0.1683}, "ts": "2026-06-21T16:06:58.247543+00:00", "session_id": "d5ca3630", "level": "INFO"}
{"event": "signal", "strategy": "mean_reversion", "symbol": "NEE", "direction": "SELL", "strength": 1.0, "metadata": {"z": 2.2286, "rsi": 83.66, "rv": 0.1872}, "ts": "2026-06-21T16:06:58.275022+00:00", "session_id": "d5ca3630", "level": "INFO"}
{"event": "info", "message": "SignalGenerator: 12 raw \u2192 9 combined signals", "metadata": {"regime": "SIDEWAYS", "n_strategies": 4, "allocations": {"stat_arb": 0.25, "momentum": 0.3, "factor_model": 0.25, "mean_reversion": 0.18}}, "ts": "2026-06-21T16:06:58.275520+00:00", "session_id": "d5ca3630", "level": "INFO"}
{"event": "order", "order_id": "9548914a-d6b", "symbol": "JPM", "side": "buy", "qty": 110, "price": 0.0, "status": "submitted", "metadata": {"order_type": "market", "strategy": "combined"}, "ts": "2026-06-21T16:06:58.295457+00:00", "session_id": "d5ca3630", "level": "INFO"}
{"event": "risk_event", "event_type": "trade_rejected", "details": {"symbol": "AAPL", "side": "sell", "qty": 89, "reason": "Individual short position 15.52% exceeds limit 5%", "strategy": "combined"}, "ts": "2026-06-21T16:06:58.298827+00:00", "session_id": "d5ca3630", "level": "WARNING"}
{"event": "risk_event", "event_type": "trade_rejected", "details": {"symbol": "NEE", "side": "sell", "qty": 194, "reason": "Individual short position 12.87% exceeds limit 5%", "strategy": "combined"}, "ts": "2026-06-21T16:06:58.301985+00:00", "session_id": "d5ca3630", "level": "WARNING"}
  [bar 368] 2024-05-14 04:00:00+00:00 | 9 signals | equity=106,570 | regime=SIDEWAYS
{"event": "fill", "order_id": "9548914a-d6b", "fill_price": 193.80099406441556, "fill_qty": 110, "slippage_bps": 7.0321, "metadata": {"symbol": "JPM", "side": "buy", "commission": 0.55, "strategy": "combined"}, "ts": "2026-06-21T16:06:58.306390+00:00", "session_id": "d5ca3630", "level": "INFO"}
StatArbStrategy.generate_signals: no pairs loaded. Call find_pairs() first.
{"event": "signal", "strategy": "momentum", "symbol": "NVDA", "direction": "BUY", "strength": 0.174776, "metadata": {"rank": 1.0, "sector": "Technology", "fallback": true}, "ts": "2026-06-21T16:06:58.584766+00:00", "session_id": "d5ca3630", "level": "INFO"}
{"event": "signal", "strategy": "momentum", "symbol": "JNJ", "direction": "SELL", "strength": 0.545029, "metadata": {"rank": 0.13333333333333333, "sector": "Healthcare", "fallback": true}, "ts": "2026-06-21T16:06:58.585364+00:00", "session_id": "d5ca3630", "level": "INFO"}
{"event": "signal", "strategy": "momentum", "symbol": "JPM", "direction": "BUY", "strength": 0.401963, "metadata": {"rank": 0.8, "sector": "Financials", "fallback": true}, "ts": "2026-06-21T16:06:58.585900+00:00", "session_id": "d5ca3630", "level": "INFO"}
{"event": "signal", "strategy": "momentum", "symbol": "AMZN", "direction": "BUY", "strength": 0.376302, "metadata": {"rank": 0.8666666666666667, "sector": "Consumer Discretionary", "fallback": true}, "ts": "2026-06-21T16:06:58.586437+00:00", "session_id": "d5ca3630", "level": "INFO"}
{"event": "signal", "strategy": "momentum", "symbol": "TSLA", "direction": "SELL", "strength": 0.135768, "metadata": {"rank": 0.2, "sector": "Consumer Discretionary", "fallback": true}, "ts": "2026-06-21T16:06:58.586687+00:00", "session_id": "d5ca3630", "level": "INFO"}
{"event": "signal", "strategy": "momentum", "symbol": "CAT", "direction": "BUY", "strength": 0.366863, "metadata": {"rank": 0.9333333333333333, "sector": "Industrials", "fallback": true}, "ts": "2026-06-21T16:06:58.587422+00:00", "session_id": "d5ca3630", "level": "INFO"}
MeanReversion: no volume data supplied — volume filter bypassed
{"event": "signal", "strategy": "mean_reversion", "symbol": "AAPL", "direction": "SELL", "strength": 1.0, "metadata": {"z": 2.4607, "rsi": 78.25, "rv": 0.2641}, "ts": "2026-06-21T16:06:58.604034+00:00", "session_id": "d5ca3630", "level": "INFO"}
{"event": "signal", "strategy": "mean_reversion", "symbol": "NVDA", "direction": "SELL", "strength": 0.330978, "metadata": {"z": 1.53, "rsi": 71.26, "rv": 0.6012}, "ts": "2026-06-21T16:06:58.607627+00:00", "session_id": "d5ca3630", "level": "INFO"}
{"event": "signal", "strategy": "mean_reversion", "symbol": "UNH", "direction": "SELL", "strength": 0.413766, "metadata": {"z": 1.4905, "rsi": 73.61, "rv": 0.1854}, "ts": "2026-06-21T16:06:58.611095+00:00", "session_id": "d5ca3630", "level": "INFO"}
{"event": "signal", "strategy": "mean_reversion", "symbol": "JPM", "direction": "SELL", "strength": 0.725554, "metadata": {"z": 1.8277, "rsi": 78.16, "rv": 0.1408}, "ts": "2026-06-21T16:06:58.613023+00:00", "session_id": "d5ca3630", "level": "INFO"}
{"event": "signal", "strategy": "mean_reversion", "symbol": "GS", "direction": "SELL", "strength": 1.0, "metadata": {"z": 2.5379, "rsi": 89.53, "rv": 0.1674}, "ts": "2026-06-21T16:06:58.614913+00:00", "session_id": "d5ca3630", "level": "INFO"}
{"event": "signal", "strategy": "mean_reversion", "symbol": "GOOGL", "direction": "SELL", "strength": 0.514085, "metadata": {"z": 1.7242, "rsi": 70.03, "rv": 0.4088}, "ts": "2026-06-21T16:06:58.624642+00:00", "session_id": "d5ca3630", "level": "INFO"}
{"event": "signal", "strategy": "mean_reversion", "symbol": "NEE", "direction": "SELL", "strength": 1.0, "metadata": {"z": 2.3661, "rsi": 85.12, "rv": 0.1716}, "ts": "2026-06-21T16:06:58.628072+00:00", "session_id": "d5ca3630", "level": "INFO"}
{"event": "info", "message": "SignalGenerator: 13 raw \u2192 8 combined signals", "metadata": {"regime": "BEAR", "n_strategies": 4, "allocations": {"stat_arb": 0.25, "momentum": 0.15, "factor_model": 0.25, "mean_reversion": 0.3}}, "ts": "2026-06-21T16:06:58.628374+00:00", "session_id": "d5ca3630", "level": "INFO"}
{"event": "order", "order_id": "eaeb965d-056", "symbol": "NVDA", "side": "sell", "qty": 56, "price": 0.0, "status": "submitted", "metadata": {"order_type": "market", "strategy": "combined"}, "ts": "2026-06-21T16:06:58.643649+00:00", "session_id": "d5ca3630", "level": "INFO"}
{"event": "risk_event", "event_type": "trade_rejected", "details": {"symbol": "JNJ", "side": "sell", "qty": 149, "reason": "Individual short position 19.99% exceeds limit 5%", "strategy": "combined"}, "ts": "2026-06-21T16:06:58.647743+00:00", "session_id": "d5ca3630", "level": "WARNING"}
{"event": "risk_event", "event_type": "trade_rejected", "details": {"symbol": "AAPL", "side": "sell", "qty": 79, "reason": "Individual short position 13.93% exceeds limit 5%", "strategy": "combined"}, "ts": "2026-06-21T16:06:58.652010+00:00", "session_id": "d5ca3630", "level": "WARNING"}
{"event": "risk_event", "event_type": "trade_rejected", "details": {"symbol": "UNH", "side": "sell", "qty": 25, "reason": "Individual short position 11.54% exceeds limit 5%", "strategy": "combined"}, "ts": "2026-06-21T16:06:58.657188+00:00", "session_id": "d5ca3630", "level": "WARNING"}
{"event": "risk_event", "event_type": "trade_rejected", "details": {"symbol": "GS", "side": "sell", "qty": 42, "reason": "Individual short position 17.51% exceeds limit 5%", "strategy": "combined"}, "ts": "2026-06-21T16:06:58.662442+00:00", "session_id": "d5ca3630", "level": "WARNING"}
{"event": "risk_event", "event_type": "trade_rejected", "details": {"symbol": "NEE", "side": "sell", "qty": 164, "reason": "Individual short position 11.11% exceeds limit 5%", "strategy": "combined"}, "ts": "2026-06-21T16:06:58.667886+00:00", "session_id": "d5ca3630", "level": "WARNING"}
  [bar 369] 2024-05-15 04:00:00+00:00 | 8 signals | equity=106,675 | regime=BEAR
{"event": "fill", "order_id": "eaeb965d-056", "fill_price": 94.67959841235324, "fill_qty": 56, "slippage_bps": 7.0136, "metadata": {"symbol": "NVDA", "side": "sell", "commission": 0.28, "strategy": "combined"}, "ts": "2026-06-21T16:06:58.673949+00:00", "session_id": "d5ca3630", "level": "INFO"}
StatArbStrategy.generate_signals: no pairs loaded. Call find_pairs() first.
{"event": "signal", "strategy": "momentum", "symbol": "NVDA", "direction": "BUY", "strength": 0.352106, "metadata": {"rank": 1.0, "sector": "Technology", "fallback": true}, "ts": "2026-06-21T16:06:58.906751+00:00", "session_id": "d5ca3630", "level": "INFO"}
{"event": "signal", "strategy": "momentum", "symbol": "JNJ", "direction": "SELL", "strength": 1.0, "metadata": {"rank": 0.13333333333333333, "sector": "Healthcare", "fallback": true}, "ts": "2026-06-21T16:06:58.907343+00:00", "session_id": "d5ca3630", "level": "INFO"}
{"event": "signal", "strategy": "momentum", "symbol": "JPM", "direction": "BUY", "strength": 0.804793, "metadata": {"rank": 0.8, "sector": "Financials", "fallback": true}, "ts": "2026-06-21T16:06:58.907888+00:00", "session_id": "d5ca3630", "level": "INFO"}
{"event": "signal", "strategy": "momentum", "symbol": "AMZN", "direction": "BUY", "strength": 0.748039, "metadata": {"rank": 0.8666666666666667, "sector": "Consumer Discretionary", "fallback": true}, "ts": "2026-06-21T16:06:58.908425+00:00", "session_id": "d5ca3630", "level": "INFO"}
{"event": "signal", "strategy": "momentum", "symbol": "TSLA", "direction": "SELL", "strength": 0.271544, "metadata": {"rank": 0.2, "sector": "Consumer Discretionary", "fallback": true}, "ts": "2026-06-21T16:06:58.908695+00:00", "session_id": "d5ca3630", "level": "INFO"}
{"event": "signal", "strategy": "momentum", "symbol": "CAT", "direction": "BUY", "strength": 0.716821, "metadata": {"rank": 0.9333333333333333, "sector": "Industrials", "fallback": true}, "ts": "2026-06-21T16:06:58.909448+00:00", "session_id": "d5ca3630", "level": "INFO"}
MeanReversion: no volume data supplied — volume filter bypassed
{"event": "signal", "strategy": "mean_reversion", "symbol": "AAPL", "direction": "SELL", "strength": 1.0, "metadata": {"z": 2.3693, "rsi": 79.64, "rv": 0.2613}, "ts": "2026-06-21T16:06:58.925769+00:00", "session_id": "d5ca3630", "level": "INFO"}
{"event": "signal", "strategy": "mean_reversion", "symbol": "UNH", "direction": "SELL", "strength": 0.57683, "metadata": {"z": 1.6693, "rsi": 74.73, "rv": 0.1602}, "ts": "2026-06-21T16:06:58.932352+00:00", "session_id": "d5ca3630", "level": "INFO"}
{"event": "signal", "strategy": "mean_reversion", "symbol": "JPM", "direction": "SELL", "strength": 0.72388, "metadata": {"z": 1.8263, "rsi": 78.49, "rv": 0.1415}, "ts": "2026-06-21T16:06:58.934168+00:00", "session_id": "d5ca3630", "level": "INFO"}
{"event": "signal", "strategy": "mean_reversion", "symbol": "GS", "direction": "SELL", "strength": 1.0, "metadata": {"z": 2.3177, "rsi": 85.33, "rv": 0.1685}, "ts": "2026-06-21T16:06:58.935979+00:00", "session_id": "d5ca3630", "level": "INFO"}
{"event": "signal", "strategy": "mean_reversion", "symbol": "PG", "direction": "SELL", "strength": 1.0, "metadata": {"z": 2.1855, "rsi": 82.3, "rv": 0.0866}, "ts": "2026-06-21T16:06:58.943976+00:00", "session_id": "d5ca3630", "level": "INFO"}
{"event": "signal", "strategy": "mean_reversion", "symbol": "NEE", "direction": "SELL", "strength": 0.960862, "metadata": {"z": 2.1356, "rsi": 86.74, "rv": 0.1819}, "ts": "2026-06-21T16:06:58.948925+00:00", "session_id": "d5ca3630", "level": "INFO"}
{"event": "info", "message": "SignalGenerator: 12 raw \u2192 11 combined signals", "metadata": {"regime": "SIDEWAYS", "n_strategies": 4, "allocations": {"stat_arb": 0.25, "momentum": 0.3, "factor_model": 0.25, "mean_reversion": 0.18}}, "ts": "2026-06-21T16:06:58.949214+00:00", "session_id": "d5ca3630", "level": "INFO"}
{"event": "order", "order_id": "9370e0e9-1e4", "symbol": "NVDA", "side": "buy", "qty": 30, "price": 0.0, "status": "submitted", "metadata": {"order_type": "market", "strategy": "combined"}, "ts": "2026-06-21T16:06:58.975274+00:00", "session_id": "d5ca3630", "level": "INFO"}
{"event": "risk_event", "event_type": "trade_rejected", "details": {"symbol": "JNJ", "side": "sell", "qty": 146, "reason": "Individual short position 19.90% exceeds limit 5%", "strategy": "combined"}, "ts": "2026-06-21T16:06:58.978719+00:00", "session_id": "d5ca3630", "level": "WARNING"}
{"event": "risk_event", "event_type": "trade_rejected", "details": {"symbol": "AAPL", "side": "sell", "qty": 84, "reason": "Individual short position 14.90% exceeds limit 5%", "strategy": "combined"}, "ts": "2026-06-21T16:06:58.981952+00:00", "session_id": "d5ca3630", "level": "WARNING"}
{"event": "risk_event", "event_type": "trade_rejected", "details": {"symbol": "UNH", "side": "sell", "qty": 27, "reason": "Individual short position 12.63% exceeds limit 5%", "strategy": "combined"}, "ts": "2026-06-21T16:06:58.985126+00:00", "session_id": "d5ca3630", "level": "WARNING"}
{"event": "risk_event", "event_type": "trade_rejected", "details": {"symbol": "PG", "side": "sell", "qty": 133, "reason": "Individual short position 19.96% exceeds limit 5%", "strategy": "combined"}, "ts": "2026-06-21T16:06:58.988341+00:00", "session_id": "d5ca3630", "level": "WARNING"}
{"event": "risk_event", "event_type": "trade_rejected", "details": {"symbol": "NEE", "side": "sell", "qty": 164, "reason": "Individual short position 11.07% exceeds limit 5%", "strategy": "combined"}, "ts": "2026-06-21T16:06:58.991500+00:00", "session_id": "d5ca3630", "level": "WARNING"}
  [bar 370] 2024-05-16 04:00:00+00:00 | 11 signals | equity=106,103 | regime=SIDEWAYS
{"event": "fill", "order_id": "9370e0e9-1e4", "fill_price": 94.271995530923, "fill_qty": 30, "slippage_bps": 7.0077, "metadata": {"symbol": "NVDA", "side": "buy", "commission": 0.15, "strategy": "combined"}, "ts": "2026-06-21T16:06:58.996733+00:00", "session_id": "d5ca3630", "level": "INFO"}
StatArbStrategy.generate_signals: no pairs loaded. Call find_pairs() first.
{"event": "signal", "strategy": "momentum", "symbol": "NVDA", "direction": "BUY", "strength": 0.207631, "metadata": {"rank": 1.0, "sector": "Technology", "fallback": true}, "ts": "2026-06-21T16:06:59.229284+00:00", "session_id": "d5ca3630", "level": "INFO"}
{"event": "signal", "strategy": "momentum", "symbol": "JNJ", "direction": "SELL", "strength": 0.504746, "metadata": {"rank": 0.2, "sector": "Healthcare", "fallback": true}, "ts": "2026-06-21T16:06:59.229808+00:00", "session_id": "d5ca3630", "level": "INFO"}
{"event": "signal", "strategy": "momentum", "symbol": "JPM", "direction": "BUY", "strength": 0.402621, "metadata": {"rank": 0.8, "sector": "Financials", "fallback": true}, "ts": "2026-06-21T16:06:59.230332+00:00", "session_id": "d5ca3630", "level": "INFO"}
{"event": "signal", "strategy": "momentum", "symbol": "AMZN", "direction": "BUY", "strength": 0.391822, "metadata": {"rank": 0.8666666666666667, "sector": "Consumer Discretionary", "fallback": true}, "ts": "2026-06-21T16:06:59.230823+00:00", "session_id": "d5ca3630", "level": "INFO"}
{"event": "signal", "strategy": "momentum", "symbol": "TSLA", "direction": "SELL", "strength": 0.147046, "metadata": {"rank": 0.13333333333333333, "sector": "Consumer Discretionary", "fallback": true}, "ts": "2026-06-21T16:06:59.231033+00:00", "session_id": "d5ca3630", "level": "INFO"}
{"event": "signal", "strategy": "momentum", "symbol": "CAT", "direction": "BUY", "strength": 0.358344, "metadata": {"rank": 0.9333333333333333, "sector": "Industrials", "fallback": true}, "ts": "2026-06-21T16:06:59.231723+00:00", "session_id": "d5ca3630", "level": "INFO"}
MeanReversion: no volume data supplied — volume filter bypassed
{"event": "signal", "strategy": "mean_reversion", "symbol": "AAPL", "direction": "SELL", "strength": 1.0, "metadata": {"z": 2.2944, "rsi": 76.9, "rv": 0.253}, "ts": "2026-06-21T16:06:59.248198+00:00", "session_id": "d5ca3630", "level": "INFO"}
{"event": "signal", "strategy": "mean_reversion", "symbol": "UNH", "direction": "SELL", "strength": 0.722771, "metadata": {"z": 1.8335, "rsi": 86.0, "rv": 0.1532}, "ts": "2026-06-21T16:06:59.256418+00:00", "session_id": "d5ca3630", "level": "INFO"}
{"event": "signal", "strategy": "mean_reversion", "symbol": "JPM", "direction": "SELL", "strength": 0.985238, "metadata": {"z": 2.1076, "rsi": 82.2, "rv": 0.1242}, "ts": "2026-06-21T16:06:59.258857+00:00", "session_id": "d5ca3630", "level": "INFO"}
{"event": "signal", "strategy": "mean_reversion", "symbol": "GS", "direction": "SELL", "strength": 1.0, "metadata": {"z": 2.3069, "rsi": 85.32, "rv": 0.1675}, "ts": "2026-06-21T16:06:59.261256+00:00", "session_id": "d5ca3630", "level": "INFO"}
{"event": "signal", "strategy": "mean_reversion", "symbol": "PG", "direction": "SELL", "strength": 0.92907, "metadata": {"z": 2.0105, "rsi": 79.84, "rv": 0.0876}, "ts": "2026-06-21T16:06:59.271845+00:00", "session_id": "d5ca3630", "level": "INFO"}
{"event": "signal", "strategy": "mean_reversion", "symbol": "GOOGL", "direction": "SELL", "strength": 0.604254, "metadata": {"z": 1.8483, "rsi": 71.53, "rv": 0.4038}, "ts": "2026-06-21T16:06:59.273746+00:00", "session_id": "d5ca3630", "level": "INFO"}
{"event": "signal", "strategy": "mean_reversion", "symbol": "NEE", "direction": "SELL", "strength": 0.82842, "metadata": {"z": 1.9835, "rsi": 83.17, "rv": 0.1872}, "ts": "2026-06-21T16:06:59.277188+00:00", "session_id": "d5ca3630", "level": "INFO"}
{"event": "info", "message": "SignalGenerator: 13 raw \u2192 8 combined signals", "metadata": {"regime": "BEAR", "n_strategies": 4, "allocations": {"stat_arb": 0.25, "momentum": 0.15, "factor_model": 0.25, "mean_reversion": 0.3}}, "ts": "2026-06-21T16:06:59.277485+00:00", "session_id": "d5ca3630", "level": "INFO"}
{"event": "risk_event", "event_type": "trade_rejected", "details": {"symbol": "JNJ", "side": "sell", "qty": 126, "reason": "Individual short position 17.10% exceeds limit 5%", "strategy": "combined"}, "ts": "2026-06-21T16:06:59.302107+00:00", "session_id": "d5ca3630", "level": "WARNING"}
{"event": "risk_event", "event_type": "trade_rejected", "details": {"symbol": "AAPL", "side": "sell", "qty": 88, "reason": "Individual short position 15.51% exceeds limit 5%", "strategy": "combined"}, "ts": "2026-06-21T16:06:59.306163+00:00", "session_id": "d5ca3630", "level": "WARNING"}
{"event": "risk_event", "event_type": "trade_rejected", "details": {"symbol": "UNH", "side": "sell", "qty": 28, "reason": "Individual short position 13.09% exceeds limit 5%", "strategy": "combined"}, "ts": "2026-06-21T16:06:59.310189+00:00", "session_id": "d5ca3630", "level": "WARNING"}
{"event": "risk_event", "event_type": "trade_rejected", "details": {"symbol": "PG", "side": "sell", "qty": 134, "reason": "Individual short position 19.96% exceeds limit 5%", "strategy": "combined"}, "ts": "2026-06-21T16:06:59.314050+00:00", "session_id": "d5ca3630", "level": "WARNING"}
  [bar 371] 2024-05-17 04:00:00+00:00 | 8 signals | equity=106,780 | regime=BEAR
StatArbStrategy.generate_signals: no pairs loaded. Call find_pairs() first.
{"event": "signal", "strategy": "momentum", "symbol": "NVDA", "direction": "BUY", "strength": 0.413479, "metadata": {"rank": 1.0, "sector": "Technology", "fallback": true}, "ts": "2026-06-21T16:06:59.609717+00:00", "session_id": "d5ca3630", "level": "INFO"}
{"event": "signal", "strategy": "momentum", "symbol": "JNJ", "direction": "SELL", "strength": 1.0, "metadata": {"rank": 0.2, "sector": "Healthcare", "fallback": true}, "ts": "2026-06-21T16:06:59.610546+00:00", "session_id": "d5ca3630", "level": "INFO"}
{"event": "signal", "strategy": "momentum", "symbol": "JPM", "direction": "BUY", "strength": 0.72215, "metadata": {"rank": 0.8, "sector": "Financials", "fallback": true}, "ts": "2026-06-21T16:06:59.611292+00:00", "session_id": "d5ca3630", "level": "INFO"}
{"event": "signal", "strategy": "momentum", "symbol": "AMZN", "direction": "BUY", "strength": 0.781968, "metadata": {"rank": 0.8666666666666667, "sector": "Consumer Discretionary", "fallback": true}, "ts": "2026-06-21T16:06:59.611831+00:00", "session_id": "d5ca3630", "level": "INFO"}
{"event": "signal", "strategy": "momentum", "symbol": "TSLA", "direction": "SELL", "strength": 0.295059, "metadata": {"rank": 0.13333333333333333, "sector": "Consumer Discretionary", "fallback": true}, "ts": "2026-06-21T16:06:59.612078+00:00", "session_id": "d5ca3630", "level": "INFO"}
{"event": "signal", "strategy": "momentum", "symbol": "CAT", "direction": "BUY", "strength": 0.711155, "metadata": {"rank": 0.9333333333333333, "sector": "Industrials", "fallback": true}, "ts": "2026-06-21T16:06:59.612826+00:00", "session_id": "d5ca3630", "level": "INFO"}
MeanReversion: no volume data supplied — volume filter bypassed
{"event": "signal", "strategy": "mean_reversion", "symbol": "AAPL", "direction": "SELL", "strength": 1.0, "metadata": {"z": 2.3543, "rsi": 86.26, "rv": 0.2529}, "ts": "2026-06-21T16:06:59.629070+00:00", "session_id": "d5ca3630", "level": "INFO"}
{"event": "signal", "strategy": "mean_reversion", "symbol": "MSFT", "direction": "SELL", "strength": 0.224909, "metadata": {"z": 1.2762, "rsi": 84.72, "rv": 0.228}, "ts": "2026-06-21T16:06:59.630972+00:00", "session_id": "d5ca3630", "level": "INFO"}
{"event": "signal", "strategy": "mean_reversion", "symbol": "UNH", "direction": "SELL", "strength": 0.431557, "metadata": {"z": 1.4933, "rsi": 82.55, "rv": 0.1432}, "ts": "2026-06-21T16:06:59.636132+00:00", "session_id": "d5ca3630", "level": "INFO"}
{"event": "signal", "strategy": "mean_reversion", "symbol": "GS", "direction": "SELL", "strength": 0.870099, "metadata": {"z": 2.0007, "rsi": 84.22, "rv": 0.1501}, "ts": "2026-06-21T16:06:59.640472+00:00", "session_id": "d5ca3630", "level": "INFO"}
{"event": "signal", "strategy": "mean_reversion", "symbol": "PG", "direction": "SELL", "strength": 0.77141, "metadata": {"z": 1.8304, "rsi": 73.33, "rv": 0.0765}, "ts": "2026-06-21T16:06:59.648547+00:00", "session_id": "d5ca3630", "level": "INFO"}
{"event": "signal", "strategy": "mean_reversion", "symbol": "GOOGL", "direction": "SELL", "strength": 0.590599, "metadata": {"z": 1.8285, "rsi": 84.49, "rv": 0.4029}, "ts": "2026-06-21T16:06:59.650397+00:00", "session_id": "d5ca3630", "level": "INFO"}
{"event": "signal", "strategy": "mean_reversion", "symbol": "NEE", "direction": "SELL", "strength": 0.724914, "metadata": {"z": 1.8621, "rsi": 84.66, "rv": 0.1893}, "ts": "2026-06-21T16:06:59.654629+00:00", "session_id": "d5ca3630", "level": "INFO"}
{"event": "info", "message": "SignalGenerator: 13 raw \u2192 12 combined signals", "metadata": {"regime": "SIDEWAYS", "n_strategies": 4, "allocations": {"stat_arb": 0.25, "momentum": 0.3, "factor_model": 0.25, "mean_reversion": 0.18}}, "ts": "2026-06-21T16:06:59.654988+00:00", "session_id": "d5ca3630", "level": "INFO"}
{"event": "order", "order_id": "09b65245-25b", "symbol": "NVDA", "side": "buy", "qty": 1, "price": 0.0, "status": "submitted", "metadata": {"order_type": "market", "strategy": "combined"}, "ts": "2026-06-21T16:06:59.681351+00:00", "session_id": "d5ca3630", "level": "INFO"}
{"event": "risk_event", "event_type": "trade_rejected", "details": {"symbol": "JNJ", "side": "sell", "qty": 148, "reason": "Individual short position 19.96% exceeds limit 5%", "strategy": "combined"}, "ts": "2026-06-21T16:06:59.685454+00:00", "session_id": "d5ca3630", "level": "WARNING"}
{"event": "risk_event", "event_type": "trade_rejected", "details": {"symbol": "AAPL", "side": "sell", "qty": 88, "reason": "Individual short position 15.73% exceeds limit 5%", "strategy": "combined"}, "ts": "2026-06-21T16:06:59.689494+00:00", "session_id": "d5ca3630", "level": "WARNING"}
{"event": "risk_event", "event_type": "trade_rejected", "details": {"symbol": "UNH", "side": "sell", "qty": 27, "reason": "Individual short position 12.54% exceeds limit 5%", "strategy": "combined"}, "ts": "2026-06-21T16:06:59.693905+00:00", "session_id": "d5ca3630", "level": "WARNING"}
{"event": "risk_event", "event_type": "trade_rejected", "details": {"symbol": "PG", "side": "sell", "qty": 133, "reason": "Individual short position 19.92% exceeds limit 5%", "strategy": "combined"}, "ts": "2026-06-21T16:06:59.697895+00:00", "session_id": "d5ca3630", "level": "WARNING"}
{"event": "risk_event", "event_type": "trade_rejected", "details": {"symbol": "NEE", "side": "sell", "qty": 149, "reason": "Individual short position 10.00% exceeds limit 5%", "strategy": "combined"}, "ts": "2026-06-21T16:06:59.701742+00:00", "session_id": "d5ca3630", "level": "WARNING"}
  [bar 372] 2024-05-20 04:00:00+00:00 | 12 signals | equity=105,974 | regime=SIDEWAYS
{"event": "fill", "order_id": "09b65245-25b", "fill_price": 93.50272525252745, "fill_qty": 1, "slippage_bps": 7.0014, "metadata": {"symbol": "NVDA", "side": "buy", "commission": 0.005, "strategy": "combined"}, "ts": "2026-06-21T16:06:59.706939+00:00", "session_id": "d5ca3630", "level": "INFO"}
StatArbStrategy.generate_signals: no pairs loaded. Call find_pairs() first.
{"event": "signal", "strategy": "momentum", "symbol": "NVDA", "direction": "BUY", "strength": 0.413439, "metadata": {"rank": 1.0, "sector": "Technology", "fallback": true}, "ts": "2026-06-21T16:06:59.938450+00:00", "session_id": "d5ca3630", "level": "INFO"}
{"event": "signal", "strategy": "momentum", "symbol": "JNJ", "direction": "SELL", "strength": 1.0, "metadata": {"rank": 0.2, "sector": "Healthcare", "fallback": true}, "ts": "2026-06-21T16:06:59.938984+00:00", "session_id": "d5ca3630", "level": "INFO"}
{"event": "signal", "strategy": "momentum", "symbol": "JPM", "direction": "BUY", "strength": 0.712157, "metadata": {"rank": 0.8, "sector": "Financials", "fallback": true}, "ts": "2026-06-21T16:06:59.939522+00:00", "session_id": "d5ca3630", "level": "INFO"}
{"event": "signal", "strategy": "momentum", "symbol": "AMZN", "direction": "BUY", "strength": 0.781855, "metadata": {"rank": 0.8666666666666667, "sector": "Consumer Discretionary", "fallback": true}, "ts": "2026-06-21T16:06:59.940020+00:00", "session_id": "d5ca3630", "level": "INFO"}
{"event": "signal", "strategy": "momentum", "symbol": "TSLA", "direction": "SELL", "strength": 0.312418, "metadata": {"rank": 0.06666666666666667, "sector": "Consumer Discretionary", "fallback": true}, "ts": "2026-06-21T16:06:59.940277+00:00", "session_id": "d5ca3630", "level": "INFO"}
{"event": "signal", "strategy": "momentum", "symbol": "CAT", "direction": "BUY", "strength": 0.70816, "metadata": {"rank": 0.9333333333333333, "sector": "Industrials", "fallback": true}, "ts": "2026-06-21T16:06:59.940965+00:00", "session_id": "d5ca3630", "level": "INFO"}
MeanReversion: no volume data supplied — volume filter bypassed
{"event": "signal", "strategy": "mean_reversion", "symbol": "AAPL", "direction": "SELL", "strength": 1.0, "metadata": {"z": 2.4029, "rsi": 89.92, "rv": 0.2529}, "ts": "2026-06-21T16:06:59.959275+00:00", "session_id": "d5ca3630", "level": "INFO"}
{"event": "signal", "strategy": "mean_reversion", "symbol": "MSFT", "direction": "SELL", "strength": 0.491502, "metadata": {"z": 1.6014, "rsi": 84.15, "rv": 0.2236}, "ts": "2026-06-21T16:06:59.961739+00:00", "session_id": "d5ca3630", "level": "INFO"}
{"event": "signal", "strategy": "mean_reversion", "symbol": "NVDA", "direction": "SELL", "strength": 0.468851, "metadata": {"z": 1.6686, "rsi": 76.34, "rv": 0.4259}, "ts": "2026-06-21T16:06:59.964105+00:00", "session_id": "d5ca3630", "level": "INFO"}
{"event": "signal", "strategy": "mean_reversion", "symbol": "UNH", "direction": "SELL", "strength": 0.707967, "metadata": {"z": 1.806, "rsi": 84.34, "rv": 0.1384}, "ts": "2026-06-21T16:06:59.968658+00:00", "session_id": "d5ca3630", "level": "INFO"}
{"event": "signal", "strategy": "mean_reversion", "symbol": "GS", "direction": "SELL", "strength": 1.0, "metadata": {"z": 2.1762, "rsi": 86.12, "rv": 0.1503}, "ts": "2026-06-21T16:06:59.972817+00:00", "session_id": "d5ca3630", "level": "INFO"}
{"event": "signal", "strategy": "mean_reversion", "symbol": "PG", "direction": "SELL", "strength": 0.927291, "metadata": {"z": 1.9983, "rsi": 75.65, "rv": 0.0766}, "ts": "2026-06-21T16:06:59.981056+00:00", "session_id": "d5ca3630", "level": "INFO"}
{"event": "signal", "strategy": "mean_reversion", "symbol": "GOOGL", "direction": "SELL", "strength": 0.586883, "metadata": {"z": 1.8229, "rsi": 84.37, "rv": 0.4022}, "ts": "2026-06-21T16:06:59.982949+00:00", "session_id": "d5ca3630", "level": "INFO"}
{"event": "signal", "strategy": "mean_reversion", "symbol": "NEE", "direction": "SELL", "strength": 0.796711, "metadata": {"z": 1.9477, "rsi": 83.96, "rv": 0.1896}, "ts": "2026-06-21T16:06:59.986293+00:00", "session_id": "d5ca3630", "level": "INFO"}
{"event": "info", "message": "SignalGenerator: 14 raw \u2192 13 combined signals", "metadata": {"regime": "SIDEWAYS", "n_strategies": 4, "allocations": {"stat_arb": 0.25, "momentum": 0.3, "factor_model": 0.25, "mean_reversion": 0.18}}, "ts": "2026-06-21T16:06:59.986598+00:00", "session_id": "d5ca3630", "level": "INFO"}
{"event": "order", "order_id": "c2a9fe8a-a72", "symbol": "NVDA", "side": "sell", "qty": 31, "price": 0.0, "status": "submitted", "metadata": {"order_type": "market", "strategy": "combined"}, "ts": "2026-06-21T16:07:00.006338+00:00", "session_id": "d5ca3630", "level": "INFO"}
{"event": "risk_event", "event_type": "trade_rejected", "details": {"symbol": "JNJ", "side": "sell", "qty": 148, "reason": "Individual short position 19.90% exceeds limit 5%", "strategy": "combined"}, "ts": "2026-06-21T16:07:00.010424+00:00", "session_id": "d5ca3630", "level": "WARNING"}
{"event": "risk_event", "event_type": "trade_rejected", "details": {"symbol": "AAPL", "side": "sell", "qty": 70, "reason": "Individual short position 12.56% exceeds limit 5%", "strategy": "combined"}, "ts": "2026-06-21T16:07:00.014410+00:00", "session_id": "d5ca3630", "level": "WARNING"}
{"event": "risk_event", "event_type": "trade_rejected", "details": {"symbol": "UNH", "side": "sell", "qty": 29, "reason": "Individual short position 13.60% exceeds limit 5%", "strategy": "combined"}, "ts": "2026-06-21T16:07:00.018309+00:00", "session_id": "d5ca3630", "level": "WARNING"}
{"event": "risk_event", "event_type": "trade_rejected", "details": {"symbol": "PG", "side": "sell", "qty": 133, "reason": "Individual short position 19.99% exceeds limit 5%", "strategy": "combined"}, "ts": "2026-06-21T16:07:00.022202+00:00", "session_id": "d5ca3630", "level": "WARNING"}
{"event": "risk_event", "event_type": "trade_rejected", "details": {"symbol": "NEE", "side": "sell", "qty": 148, "reason": "Individual short position 10.05% exceeds limit 5%", "strategy": "combined"}, "ts": "2026-06-21T16:07:00.026063+00:00", "session_id": "d5ca3630", "level": "WARNING"}
  [bar 373] 2024-05-21 04:00:00+00:00 | 13 signals | equity=106,285 | regime=SIDEWAYS
{"event": "fill", "order_id": "c2a9fe8a-a72", "fill_price": 95.22732237738886, "fill_qty": 31, "slippage_bps": 7.0071, "metadata": {"symbol": "NVDA", "side": "sell", "commission": 0.155, "strategy": "combined"}, "ts": "2026-06-21T16:07:00.031229+00:00", "session_id": "d5ca3630", "level": "INFO"}
StatArbStrategy.generate_signals: no pairs loaded. Call find_pairs() first.
{"event": "signal", "strategy": "momentum", "symbol": "NVDA", "direction": "BUY", "strength": 0.413461, "metadata": {"rank": 1.0, "sector": "Technology", "fallback": true}, "ts": "2026-06-21T16:07:00.305728+00:00", "session_id": "d5ca3630", "level": "INFO"}
{"event": "signal", "strategy": "momentum", "symbol": "JNJ", "direction": "SELL", "strength": 0.985166, "metadata": {"rank": 0.2, "sector": "Healthcare", "fallback": true}, "ts": "2026-06-21T16:07:00.306434+00:00", "session_id": "d5ca3630", "level": "INFO"}
{"event": "signal", "strategy": "momentum", "symbol": "JPM", "direction": "BUY", "strength": 0.710481, "metadata": {"rank": 0.8, "sector": "Financials", "fallback": true}, "ts": "2026-06-21T16:07:00.307081+00:00", "session_id": "d5ca3630", "level": "INFO"}
{"event": "signal", "strategy": "momentum", "symbol": "AMZN", "direction": "BUY", "strength": 0.783832, "metadata": {"rank": 0.8666666666666667, "sector": "Consumer Discretionary", "fallback": true}, "ts": "2026-06-21T16:07:00.307727+00:00", "session_id": "d5ca3630", "level": "INFO"}
{"event": "signal", "strategy": "momentum", "symbol": "TSLA", "direction": "SELL", "strength": 0.288135, "metadata": {"rank": 0.13333333333333333, "sector": "Consumer Discretionary", "fallback": true}, "ts": "2026-06-21T16:07:00.307976+00:00", "session_id": "d5ca3630", "level": "INFO"}
{"event": "signal", "strategy": "momentum", "symbol": "CAT", "direction": "BUY", "strength": 0.70646, "metadata": {"rank": 0.9333333333333333, "sector": "Industrials", "fallback": true}, "ts": "2026-06-21T16:07:00.308940+00:00", "session_id": "d5ca3630", "level": "INFO"}
MeanReversion: no volume data supplied — volume filter bypassed
{"event": "signal", "strategy": "mean_reversion", "symbol": "AAPL", "direction": "SELL", "strength": 0.890264, "metadata": {"z": 2.1193, "rsi": 83.68, "rv": 0.2573}, "ts": "2026-06-21T16:07:00.329127+00:00", "session_id": "d5ca3630", "level": "INFO"}
{"event": "signal", "strategy": "mean_reversion", "symbol": "MSFT", "direction": "SELL", "strength": 0.556028, "metadata": {"z": 1.6804, "rsi": 83.69, "rv": 0.2236}, "ts": "2026-06-21T16:07:00.331020+00:00", "session_id": "d5ca3630", "level": "INFO"}
{"event": "signal", "strategy": "mean_reversion", "symbol": "NVDA", "direction": "SELL", "strength": 0.383151, "metadata": {"z": 1.5365, "rsi": 71.65, "rv": 0.4003}, "ts": "2026-06-21T16:07:00.332837+00:00", "session_id": "d5ca3630", "level": "INFO"}
{"event": "signal", "strategy": "mean_reversion", "symbol": "UNH", "direction": "SELL", "strength": 0.585828, "metadata": {"z": 1.6686, "rsi": 77.96, "rv": 0.1412}, "ts": "2026-06-21T16:07:00.336517+00:00", "session_id": "d5ca3630", "level": "INFO"}
{"event": "signal", "strategy": "mean_reversion", "symbol": "GS", "direction": "SELL", "strength": 0.666442, "metadata": {"z": 1.7787, "rsi": 73.82, "rv": 0.1684}, "ts": "2026-06-21T16:07:00.339894+00:00", "session_id": "d5ca3630", "level": "INFO"}
{"event": "signal", "strategy": "mean_reversion", "symbol": "PG", "direction": "SELL", "strength": 0.717856, "metadata": {"z": 1.7729, "rsi": 70.36, "rv": 0.0767}, "ts": "2026-06-21T16:07:00.347915+00:00", "session_id": "d5ca3630", "level": "INFO"}
{"event": "signal", "strategy": "mean_reversion", "symbol": "GOOGL", "direction": "SELL", "strength": 0.456183, "metadata": {"z": 1.6411, "rsi": 75.6, "rv": 0.4053}, "ts": "2026-06-21T16:07:00.349760+00:00", "session_id": "d5ca3630", "level": "INFO"}
{"event": "signal", "strategy": "mean_reversion", "symbol": "NEE", "direction": "SELL", "strength": 0.647781, "metadata": {"z": 1.7758, "rsi": 79.48, "rv": 0.1976}, "ts": "2026-06-21T16:07:00.353868+00:00", "session_id": "d5ca3630", "level": "INFO"}
{"event": "info", "message": "SignalGenerator: 14 raw \u2192 13 combined signals", "metadata": {"regime": "SIDEWAYS", "n_strategies": 4, "allocations": {"stat_arb": 0.25, "momentum": 0.3, "factor_model": 0.25, "mean_reversion": 0.18}}, "ts": "2026-06-21T16:07:00.354211+00:00", "session_id": "d5ca3630", "level": "INFO"}
{"event": "risk_event", "event_type": "trade_rejected", "details": {"symbol": "JNJ", "side": "sell", "qty": 146, "reason": "Individual short position 19.96% exceeds limit 5%", "strategy": "combined"}, "ts": "2026-06-21T16:07:00.381233+00:00", "session_id": "d5ca3630", "level": "WARNING"}
{"event": "risk_event", "event_type": "trade_rejected", "details": {"symbol": "AAPL", "side": "sell", "qty": 70, "reason": "Individual short position 12.49% exceeds limit 5%", "strategy": "combined"}, "ts": "2026-06-21T16:07:00.384702+00:00", "session_id": "d5ca3630", "level": "WARNING"}
{"event": "risk_event", "event_type": "trade_rejected", "details": {"symbol": "UNH", "side": "sell", "qty": 29, "reason": "Individual short position 13.57% exceeds limit 5%", "strategy": "combined"}, "ts": "2026-06-21T16:07:00.388145+00:00", "session_id": "d5ca3630", "level": "WARNING"}
{"event": "risk_event", "event_type": "trade_rejected", "details": {"symbol": "PG", "side": "sell", "qty": 133, "reason": "Individual short position 19.96% exceeds limit 5%", "strategy": "combined"}, "ts": "2026-06-21T16:07:00.391348+00:00", "session_id": "d5ca3630", "level": "WARNING"}
  [bar 374] 2024-05-22 04:00:00+00:00 | 13 signals | equity=106,077 | regime=SIDEWAYS
StatArbStrategy.generate_signals: no pairs loaded. Call find_pairs() first.
{"event": "signal", "strategy": "momentum", "symbol": "NVDA", "direction": "BUY", "strength": 0.389498, "metadata": {"rank": 1.0, "sector": "Technology", "fallback": true}, "ts": "2026-06-21T16:07:00.633289+00:00", "session_id": "d5ca3630", "level": "INFO"}
{"event": "signal", "strategy": "momentum", "symbol": "JNJ", "direction": "SELL", "strength": 1.0, "metadata": {"rank": 0.13333333333333333, "sector": "Healthcare", "fallback": true}, "ts": "2026-06-21T16:07:00.633824+00:00", "session_id": "d5ca3630", "level": "INFO"}
{"event": "signal", "strategy": "momentum", "symbol": "JPM", "direction": "BUY", "strength": 0.708835, "metadata": {"rank": 0.8, "sector": "Financials", "fallback": true}, "ts": "2026-06-21T16:07:00.634345+00:00", "session_id": "d5ca3630", "level": "INFO"}
{"event": "signal", "strategy": "momentum", "symbol": "AMZN", "direction": "BUY", "strength": 0.779056, "metadata": {"rank": 0.8666666666666667, "sector": "Consumer Discretionary", "fallback": true}, "ts": "2026-06-21T16:07:00.634833+00:00", "session_id": "d5ca3630", "level": "INFO"}
{"event": "signal", "strategy": "momentum", "symbol": "TSLA", "direction": "SELL", "strength": 0.264472, "metadata": {"rank": 0.2, "sector": "Consumer Discretionary", "fallback": true}, "ts": "2026-06-21T16:07:00.635044+00:00", "session_id": "d5ca3630", "level": "INFO"}
{"event": "signal", "strategy": "momentum", "symbol": "CAT", "direction": "BUY", "strength": 0.701372, "metadata": {"rank": 0.9333333333333333, "sector": "Industrials", "fallback": true}, "ts": "2026-06-21T16:07:00.635820+00:00", "session_id": "d5ca3630", "level": "INFO"}
MeanReversion: no volume data supplied — volume filter bypassed
{"event": "signal", "strategy": "mean_reversion", "symbol": "MSFT", "direction": "SELL", "strength": 0.226843, "metadata": {"z": 1.273, "rsi": 73.8, "rv": 0.2035}, "ts": "2026-06-21T16:07:00.655951+00:00", "session_id": "d5ca3630", "level": "INFO"}
{"event": "signal", "strategy": "mean_reversion", "symbol": "NVDA", "direction": "CLOSE", "strength": 1.0, "metadata": {"z": 3.2666, "action": "hard_stop"}, "ts": "2026-06-21T16:07:00.658379+00:00", "session_id": "d5ca3630", "level": "INFO"}
{"event": "signal", "strategy": "mean_reversion", "symbol": "UNH", "direction": "SELL", "strength": 0.357152, "metadata": {"z": 1.4079, "rsi": 72.26, "rv": 0.1422}, "ts": "2026-06-21T16:07:00.662913+00:00", "session_id": "d5ca3630", "level": "INFO"}
{"event": "signal", "strategy": "mean_reversion", "symbol": "NEE", "direction": "SELL", "strength": 0.467646, "metadata": {"z": 1.5659, "rsi": 70.92, "rv": 0.21}, "ts": "2026-06-21T16:07:00.681349+00:00", "session_id": "d5ca3630", "level": "INFO"}
{"event": "info", "message": "SignalGenerator: 10 raw \u2192 7 combined signals", "metadata": {"regime": "SIDEWAYS", "n_strategies": 4, "allocations": {"stat_arb": 0.25, "momentum": 0.3, "factor_model": 0.25, "mean_reversion": 0.18}}, "ts": "2026-06-21T16:07:00.681636+00:00", "session_id": "d5ca3630", "level": "INFO"}
{"event": "risk_event", "event_type": "trade_rejected", "details": {"symbol": "JNJ", "side": "sell", "qty": 149, "reason": "Individual short position 19.99% exceeds limit 5%", "strategy": "combined"}, "ts": "2026-06-21T16:07:00.697863+00:00", "session_id": "d5ca3630", "level": "WARNING"}
{"event": "order", "order_id": "fa3a2561-1c3", "symbol": "JPM", "side": "buy", "qty": 1, "price": 0.0, "status": "submitted", "metadata": {"order_type": "market", "strategy": "combined"}, "ts": "2026-06-21T16:07:00.700474+00:00", "session_id": "d5ca3630", "level": "INFO"}
{"event": "risk_event", "event_type": "trade_rejected", "details": {"symbol": "NEE", "side": "sell", "qty": 182, "reason": "Individual short position 12.19% exceeds limit 5%", "strategy": "combined"}, "ts": "2026-06-21T16:07:00.703835+00:00", "session_id": "d5ca3630", "level": "WARNING"}
  [bar 375] 2024-05-23 04:00:00+00:00 | 7 signals | equity=105,436 | regime=SIDEWAYS
{"event": "fill", "order_id": "fa3a2561-1c3", "fill_price": 189.7135601980898, "fill_qty": 1, "slippage_bps": 7.0049, "metadata": {"symbol": "JPM", "side": "buy", "commission": 0.005, "strategy": "combined"}, "ts": "2026-06-21T16:07:00.708298+00:00", "session_id": "d5ca3630", "level": "INFO"}
StatArbStrategy.generate_signals: no pairs loaded. Call find_pairs() first.
{"event": "signal", "strategy": "momentum", "symbol": "NVDA", "direction": "BUY", "strength": 0.362839, "metadata": {"rank": 0.9333333333333333, "sector": "Technology", "fallback": true}, "ts": "2026-06-21T16:07:00.941411+00:00", "session_id": "d5ca3630", "level": "INFO"}
{"event": "signal", "strategy": "momentum", "symbol": "JNJ", "direction": "SELL", "strength": 1.0, "metadata": {"rank": 0.13333333333333333, "sector": "Healthcare", "fallback": true}, "ts": "2026-06-21T16:07:00.941939+00:00", "session_id": "d5ca3630", "level": "INFO"}
{"event": "signal", "strategy": "momentum", "symbol": "JPM", "direction": "BUY", "strength": 0.70136, "metadata": {"rank": 0.8, "sector": "Financials", "fallback": true}, "ts": "2026-06-21T16:07:00.942490+00:00", "session_id": "d5ca3630", "level": "INFO"}
{"event": "signal", "strategy": "momentum", "symbol": "AMZN", "direction": "BUY", "strength": 0.914668, "metadata": {"rank": 1.0, "sector": "Consumer Discretionary", "fallback": true}, "ts": "2026-06-21T16:07:00.942999+00:00", "session_id": "d5ca3630", "level": "INFO"}
{"event": "signal", "strategy": "momentum", "symbol": "TSLA", "direction": "SELL", "strength": 0.262769, "metadata": {"rank": 0.2, "sector": "Consumer Discretionary", "fallback": true}, "ts": "2026-06-21T16:07:00.943207+00:00", "session_id": "d5ca3630", "level": "INFO"}
{"event": "signal", "strategy": "momentum", "symbol": "CAT", "direction": "BUY", "strength": 0.653538, "metadata": {"rank": 0.8666666666666667, "sector": "Industrials", "fallback": true}, "ts": "2026-06-21T16:07:00.943907+00:00", "session_id": "d5ca3630", "level": "INFO"}
MeanReversion: no volume data supplied — volume filter bypassed
{"event": "signal", "strategy": "mean_reversion", "symbol": "MSFT", "direction": "SELL", "strength": 0.445465, "metadata": {"z": 1.5331, "rsi": 71.4, "rv": 0.1967}, "ts": "2026-06-21T16:07:00.965662+00:00", "session_id": "d5ca3630", "level": "INFO"}
{"event": "signal", "strategy": "mean_reversion", "symbol": "NVDA", "direction": "SELL", "strength": 1.0, "metadata": {"z": 3.4593, "rsi": 77.25, "rv": 0.4522}, "ts": "2026-06-21T16:07:00.968104+00:00", "session_id": "d5ca3630", "level": "INFO"}
{"event": "signal", "strategy": "mean_reversion", "symbol": "NEE", "direction": "SELL", "strength": 0.588143, "metadata": {"z": 1.7058, "rsi": 71.34, "rv": 0.2}, "ts": "2026-06-21T16:07:00.988268+00:00", "session_id": "d5ca3630", "level": "INFO"}
{"event": "info", "message": "SignalGenerator: 9 raw \u2192 8 combined signals", "metadata": {"regime": "SIDEWAYS", "n_strategies": 4, "allocations": {"stat_arb": 0.25, "momentum": 0.3, "factor_model": 0.25, "mean_reversion": 0.18}}, "ts": "2026-06-21T16:07:00.988566+00:00", "session_id": "d5ca3630", "level": "INFO"}
{"event": "risk_event", "event_type": "trade_rejected", "details": {"symbol": "JNJ", "side": "sell", "qty": 152, "reason": "Individual short position 19.99% exceeds limit 5%", "strategy": "combined"}, "ts": "2026-06-21T16:07:01.005875+00:00", "session_id": "d5ca3630", "level": "WARNING"}
{"event": "risk_event", "event_type": "trade_rejected", "details": {"symbol": "MSFT", "side": "sell", "qty": 36, "reason": "Individual short position 14.44% exceeds limit 5%", "strategy": "combined"}, "ts": "2026-06-21T16:07:01.009184+00:00", "session_id": "d5ca3630", "level": "WARNING"}
{"event": "risk_event", "event_type": "trade_rejected", "details": {"symbol": "NEE", "side": "sell", "qty": 185, "reason": "Individual short position 12.59% exceeds limit 5%", "strategy": "combined"}, "ts": "2026-06-21T16:07:01.012376+00:00", "session_id": "d5ca3630", "level": "WARNING"}
  [bar 376] 2024-05-24 04:00:00+00:00 | 8 signals | equity=105,585 | regime=SIDEWAYS
StatArbStrategy.generate_signals: no pairs loaded. Call find_pairs() first.
{"event": "signal", "strategy": "momentum", "symbol": "AAPL", "direction": "SELL", "strength": 0.633024, "metadata": {"rank": 0.2, "sector": "Technology", "fallback": true}, "ts": "2026-06-21T16:07:01.276230+00:00", "session_id": "d5ca3630", "level": "INFO"}
{"event": "signal", "strategy": "momentum", "symbol": "NVDA", "direction": "BUY", "strength": 0.35513, "metadata": {"rank": 0.9333333333333333, "sector": "Technology", "fallback": true}, "ts": "2026-06-21T16:07:01.276618+00:00", "session_id": "d5ca3630", "level": "INFO"}
{"event": "signal", "strategy": "momentum", "symbol": "JNJ", "direction": "SELL", "strength": 0.984569, "metadata": {"rank": 0.13333333333333333, "sector": "Healthcare", "fallback": true}, "ts": "2026-06-21T16:07:01.277133+00:00", "session_id": "d5ca3630", "level": "INFO"}
{"event": "signal", "strategy": "momentum", "symbol": "JPM", "direction": "BUY", "strength": 0.700657, "metadata": {"rank": 0.8, "sector": "Financials", "fallback": true}, "ts": "2026-06-21T16:07:01.277687+00:00", "session_id": "d5ca3630", "level": "INFO"}
{"event": "signal", "strategy": "momentum", "symbol": "AMZN", "direction": "BUY", "strength": 0.792987, "metadata": {"rank": 0.8666666666666667, "sector": "Consumer Discretionary", "fallback": true}, "ts": "2026-06-21T16:07:01.278214+00:00", "session_id": "d5ca3630", "level": "INFO"}
{"event": "signal", "strategy": "momentum", "symbol": "CAT", "direction": "BUY", "strength": 0.754032, "metadata": {"rank": 1.0, "sector": "Industrials", "fallback": true}, "ts": "2026-06-21T16:07:01.278999+00:00", "session_id": "d5ca3630", "level": "INFO"}
MeanReversion: no volume data supplied — volume filter bypassed
{"event": "signal", "strategy": "mean_reversion", "symbol": "MSFT", "direction": "SELL", "strength": 0.414475, "metadata": {"z": 1.4936, "rsi": 79.72, "rv": 0.191}, "ts": "2026-06-21T16:07:01.297276+00:00", "session_id": "d5ca3630", "level": "INFO"}
{"event": "signal", "strategy": "mean_reversion", "symbol": "NVDA", "direction": "CLOSE", "strength": 1.0, "metadata": {"z": 4.1248, "action": "hard_stop"}, "ts": "2026-06-21T16:07:01.299202+00:00", "session_id": "d5ca3630", "level": "INFO"}
{"event": "signal", "strategy": "mean_reversion", "symbol": "PG", "direction": "CLOSE", "strength": 1.0, "metadata": {"z": 0.4968, "action": "mean_reversion_exit"}, "ts": "2026-06-21T16:07:01.313721+00:00", "session_id": "d5ca3630", "level": "INFO"}
{"event": "signal", "strategy": "mean_reversion", "symbol": "NEE", "direction": "SELL", "strength": 0.65571, "metadata": {"z": 1.7829, "rsi": 71.83, "rv": 0.1939}, "ts": "2026-06-21T16:07:01.320690+00:00", "session_id": "d5ca3630", "level": "INFO"}
{"event": "info", "message": "SignalGenerator: 10 raw \u2192 9 combined signals", "metadata": {"regime": "SIDEWAYS", "n_strategies": 4, "allocations": {"stat_arb": 0.25, "momentum": 0.3, "factor_model": 0.25, "mean_reversion": 0.18}}, "ts": "2026-06-21T16:07:01.321007+00:00", "session_id": "d5ca3630", "level": "INFO"}
{"event": "risk_event", "event_type": "trade_rejected", "details": {"symbol": "AAPL", "side": "sell", "qty": 60, "reason": "Individual short position 10.71% exceeds limit 5%", "strategy": "combined"}, "ts": "2026-06-21T16:07:01.345073+00:00", "session_id": "d5ca3630", "level": "WARNING"}
{"event": "risk_event", "event_type": "trade_rejected", "details": {"symbol": "JNJ", "side": "sell", "qty": 154, "reason": "Individual short position 19.91% exceeds limit 5%", "strategy": "combined"}, "ts": "2026-06-21T16:07:01.348400+00:00", "session_id": "d5ca3630", "level": "WARNING"}
{"event": "risk_event", "event_type": "trade_rejected", "details": {"symbol": "MSFT", "side": "sell", "qty": 43, "reason": "Individual short position 17.26% exceeds limit 5%", "strategy": "combined"}, "ts": "2026-06-21T16:07:01.351752+00:00", "session_id": "d5ca3630", "level": "WARNING"}
  [bar 377] 2024-05-28 04:00:00+00:00 | 9 signals | equity=105,537 | regime=SIDEWAYS
Model is not converging.  Current: 1998.1296227620126 is not greater than 1998.1379404401089. Delta is -0.00831767809631856
StatArbStrategy.generate_signals: no pairs loaded. Call find_pairs() first.
{"event": "signal", "strategy": "momentum", "symbol": "NVDA", "direction": "BUY", "strength": 0.357625, "metadata": {"rank": 0.9333333333333333, "sector": "Technology", "fallback": true}, "ts": "2026-06-21T16:07:01.634071+00:00", "session_id": "d5ca3630", "level": "INFO"}
{"event": "signal", "strategy": "momentum", "symbol": "JNJ", "direction": "SELL", "strength": 0.995015, "metadata": {"rank": 0.13333333333333333, "sector": "Healthcare", "fallback": true}, "ts": "2026-06-21T16:07:01.634615+00:00", "session_id": "d5ca3630", "level": "INFO"}
{"event": "signal", "strategy": "momentum", "symbol": "JPM", "direction": "BUY", "strength": 0.699856, "metadata": {"rank": 0.8, "sector": "Financials", "fallback": true}, "ts": "2026-06-21T16:07:01.635119+00:00", "session_id": "d5ca3630", "level": "INFO"}
{"event": "signal", "strategy": "momentum", "symbol": "AMZN", "direction": "BUY", "strength": 0.793507, "metadata": {"rank": 0.8666666666666667, "sector": "Consumer Discretionary", "fallback": true}, "ts": "2026-06-21T16:07:01.635674+00:00", "session_id": "d5ca3630", "level": "INFO"}
{"event": "signal", "strategy": "momentum", "symbol": "TSLA", "direction": "SELL", "strength": 0.270939, "metadata": {"rank": 0.2, "sector": "Consumer Discretionary", "fallback": true}, "ts": "2026-06-21T16:07:01.635917+00:00", "session_id": "d5ca3630", "level": "INFO"}
{"event": "signal", "strategy": "momentum", "symbol": "CAT", "direction": "BUY", "strength": 0.741086, "metadata": {"rank": 1.0, "sector": "Industrials", "fallback": true}, "ts": "2026-06-21T16:07:01.636657+00:00", "session_id": "d5ca3630", "level": "INFO"}
MeanReversion: no volume data supplied — volume filter bypassed
{"event": "signal", "strategy": "mean_reversion", "symbol": "MSFT", "direction": "SELL", "strength": 0.295251, "metadata": {"z": 1.336, "rsi": 76.54, "rv": 0.1381}, "ts": "2026-06-21T16:07:01.663526+00:00", "session_id": "d5ca3630", "level": "INFO"}
{"event": "signal", "strategy": "mean_reversion", "symbol": "NVDA", "direction": "SELL", "strength": 1.0, "metadata": {"z": 3.6896, "rsi": 87.08, "rv": 0.4834}, "ts": "2026-06-21T16:07:01.666596+00:00", "session_id": "d5ca3630", "level": "INFO"}
{"event": "signal", "strategy": "mean_reversion", "symbol": "UNH", "direction": "CLOSE", "strength": 1.0, "metadata": {"z": -0.1696, "action": "mean_reversion_exit"}, "ts": "2026-06-21T16:07:01.672738+00:00", "session_id": "d5ca3630", "level": "INFO"}
{"event": "info", "message": "SignalGenerator: 9 raw \u2192 7 combined signals", "metadata": {"regime": "SIDEWAYS", "n_strategies": 4, "allocations": {"stat_arb": 0.25, "momentum": 0.3, "factor_model": 0.25, "mean_reversion": 0.18}}, "ts": "2026-06-21T16:07:01.711687+00:00", "session_id": "d5ca3630", "level": "INFO"}
{"event": "risk_event", "event_type": "trade_rejected", "details": {"symbol": "JNJ", "side": "sell", "qty": 153, "reason": "Individual short position 19.91% exceeds limit 5%", "strategy": "combined"}, "ts": "2026-06-21T16:07:01.757437+00:00", "session_id": "d5ca3630", "level": "WARNING"}
  [bar 378] 2024-05-29 04:00:00+00:00 | 7 signals | equity=104,888 | regime=SIDEWAYS
StatArbStrategy.generate_signals: no pairs loaded. Call find_pairs() first.
{"event": "signal", "strategy": "momentum", "symbol": "AAPL", "direction": "SELL", "strength": 0.670957, "metadata": {"rank": 0.2, "sector": "Technology", "fallback": true}, "ts": "2026-06-21T16:07:02.137335+00:00", "session_id": "d5ca3630", "level": "INFO"}
{"event": "signal", "strategy": "momentum", "symbol": "NVDA", "direction": "BUY", "strength": 0.3526, "metadata": {"rank": 0.9333333333333333, "sector": "Technology", "fallback": true}, "ts": "2026-06-21T16:07:02.137721+00:00", "session_id": "d5ca3630", "level": "INFO"}
{"event": "signal", "strategy": "momentum", "symbol": "JPM", "direction": "BUY", "strength": 0.701393, "metadata": {"rank": 0.8, "sector": "Financials", "fallback": true}, "ts": "2026-06-21T16:07:02.138644+00:00", "session_id": "d5ca3630", "level": "INFO"}
{"event": "signal", "strategy": "momentum", "symbol": "AMZN", "direction": "BUY", "strength": 0.799545, "metadata": {"rank": 0.8666666666666667, "sector": "Consumer Discretionary", "fallback": true}, "ts": "2026-06-21T16:07:02.139197+00:00", "session_id": "d5ca3630", "level": "INFO"}
{"event": "signal", "strategy": "momentum", "symbol": "TSLA", "direction": "SELL", "strength": 0.318694, "metadata": {"rank": 0.06666666666666667, "sector": "Consumer Discretionary", "fallback": true}, "ts": "2026-06-21T16:07:02.139469+00:00", "session_id": "d5ca3630", "level": "INFO"}
{"event": "signal", "strategy": "momentum", "symbol": "CAT", "direction": "BUY", "strength": 0.746086, "metadata": {"rank": 1.0, "sector": "Industrials", "fallback": true}, "ts": "2026-06-21T16:07:02.140166+00:00", "session_id": "d5ca3630", "level": "INFO"}
MeanReversion: no volume data supplied — volume filter bypassed
{"event": "signal", "strategy": "mean_reversion", "symbol": "MSFT", "direction": "CLOSE", "strength": 1.0, "metadata": {"z": -0.0788, "action": "mean_reversion_exit"}, "ts": "2026-06-21T16:07:02.160447+00:00", "session_id": "d5ca3630", "level": "INFO"}
{"event": "signal", "strategy": "mean_reversion", "symbol": "NVDA", "direction": "SELL", "strength": 1.0, "metadata": {"z": 2.7865, "rsi": 80.57, "rv": 0.4815}, "ts": "2026-06-21T16:07:02.163046+00:00", "session_id": "d5ca3630", "level": "INFO"}
{"event": "info", "message": "SignalGenerator: 8 raw \u2192 7 combined signals", "metadata": {"regime": "SIDEWAYS", "n_strategies": 4, "allocations": {"stat_arb": 0.25, "momentum": 0.3, "factor_model": 0.25, "mean_reversion": 0.18}}, "ts": "2026-06-21T16:07:02.185811+00:00", "session_id": "d5ca3630", "level": "INFO"}
{"event": "risk_event", "event_type": "trade_rejected", "details": {"symbol": "AAPL", "side": "sell", "qty": 110, "reason": "Individual short position 19.87% exceeds limit 5%", "strategy": "combined"}, "ts": "2026-06-21T16:07:02.201953+00:00", "session_id": "d5ca3630", "level": "WARNING"}
{"event": "order", "order_id": "54743c56-ac3", "symbol": "CAT", "side": "buy", "qty": 1, "price": 0.0, "status": "submitted", "metadata": {"order_type": "market", "strategy": "combined"}, "ts": "2026-06-21T16:07:02.204661+00:00", "session_id": "d5ca3630", "level": "INFO"}
  [bar 379] 2024-05-30 04:00:00+00:00 | 7 signals | equity=105,000 | regime=SIDEWAYS
{"event": "fill", "order_id": "54743c56-ac3", "fill_price": 330.57227974645764, "fill_qty": 1, "slippage_bps": 7.0082, "metadata": {"symbol": "CAT", "side": "buy", "commission": 0.005, "strategy": "combined"}, "ts": "2026-06-21T16:07:02.208327+00:00", "session_id": "d5ca3630", "level": "INFO"}
StatArbStrategy.generate_signals: no pairs loaded. Call find_pairs() first.
{"event": "signal", "strategy": "momentum", "symbol": "AAPL", "direction": "SELL", "strength": 0.728371, "metadata": {"rank": 0.13333333333333333, "sector": "Technology", "fallback": true}, "ts": "2026-06-21T16:07:02.471733+00:00", "session_id": "d5ca3630", "level": "INFO"}
{"event": "signal", "strategy": "momentum", "symbol": "NVDA", "direction": "BUY", "strength": 0.328965, "metadata": {"rank": 0.8666666666666667, "sector": "Technology", "fallback": true}, "ts": "2026-06-21T16:07:02.472105+00:00", "session_id": "d5ca3630", "level": "INFO"}
{"event": "signal", "strategy": "momentum", "symbol": "GS", "direction": "BUY", "strength": 0.761601, "metadata": {"rank": 0.8, "sector": "Financials", "fallback": true}, "ts": "2026-06-21T16:07:02.472919+00:00", "session_id": "d5ca3630", "level": "INFO"}
{"event": "signal", "strategy": "momentum", "symbol": "AMZN", "direction": "BUY", "strength": 0.851068, "metadata": {"rank": 0.9333333333333333, "sector": "Consumer Discretionary", "fallback": true}, "ts": "2026-06-21T16:07:02.473420+00:00", "session_id": "d5ca3630", "level": "INFO"}
{"event": "signal", "strategy": "momentum", "symbol": "TSLA", "direction": "SELL", "strength": 0.319763, "metadata": {"rank": 0.06666666666666667, "sector": "Consumer Discretionary", "fallback": true}, "ts": "2026-06-21T16:07:02.473640+00:00", "session_id": "d5ca3630", "level": "INFO"}
{"event": "signal", "strategy": "momentum", "symbol": "CAT", "direction": "BUY", "strength": 0.746755, "metadata": {"rank": 1.0, "sector": "Industrials", "fallback": true}, "ts": "2026-06-21T16:07:02.474356+00:00", "session_id": "d5ca3630", "level": "INFO"}
{"event": "signal", "strategy": "factor_model", "symbol": "JPM", "direction": "BUY", "strength": 0.276345, "metadata": {"composite_score": 0.8290346558636088}, "ts": "2026-06-21T16:07:02.488738+00:00", "session_id": "d5ca3630", "level": "INFO"}
{"event": "signal", "strategy": "factor_model", "symbol": "TSLA", "direction": "SELL", "strength": 0.611211, "metadata": {"composite_score": -1.8336340975201435}, "ts": "2026-06-21T16:07:02.489061+00:00", "session_id": "d5ca3630", "level": "INFO"}
MeanReversion: no volume data supplied — volume filter bypassed
{"event": "signal", "strategy": "mean_reversion", "symbol": "AAPL", "direction": "SELL", "strength": 0.662756, "metadata": {"z": 1.8241, "rsi": 72.84, "rv": 0.2434}, "ts": "2026-06-21T16:07:02.491227+00:00", "session_id": "d5ca3630", "level": "INFO"}
{"event": "signal", "strategy": "mean_reversion", "symbol": "NVDA", "direction": "SELL", "strength": 0.995978, "metadata": {"z": 2.4764, "rsi": 77.97, "rv": 0.4824}, "ts": "2026-06-21T16:07:02.494772+00:00", "session_id": "d5ca3630", "level": "INFO"}
{"event": "signal", "strategy": "mean_reversion", "symbol": "NEE", "direction": "SELL", "strength": 0.814344, "metadata": {"z": 1.9788, "rsi": 72.99, "rv": 0.202}, "ts": "2026-06-21T16:07:02.513854+00:00", "session_id": "d5ca3630", "level": "INFO"}
{"event": "info", "message": "SignalGenerator: 11 raw \u2192 8 combined signals", "metadata": {"regime": "SIDEWAYS", "n_strategies": 4, "allocations": {"stat_arb": 0.25, "momentum": 0.3, "factor_model": 0.25, "mean_reversion": 0.18}}, "ts": "2026-06-21T16:07:02.514161+00:00", "session_id": "d5ca3630", "level": "INFO"}
{"event": "risk_event", "event_type": "trade_rejected", "details": {"symbol": "AAPL", "side": "sell", "qty": 110, "reason": "Individual short position 19.90% exceeds limit 5%", "strategy": "combined"}, "ts": "2026-06-21T16:07:02.535925+00:00", "session_id": "d5ca3630", "level": "WARNING"}
{"event": "order", "order_id": "3373f89b-169", "symbol": "GS", "side": "buy", "qty": 38, "price": 0.0, "status": "submitted", "metadata": {"order_type": "market", "strategy": "combined"}, "ts": "2026-06-21T16:07:02.539381+00:00", "session_id": "d5ca3630", "level": "INFO"}
{"event": "order", "order_id": "742766d1-ae4", "symbol": "AMZN", "side": "buy", "qty": 7, "price": 0.0, "status": "submitted", "metadata": {"order_type": "market", "strategy": "combined"}, "ts": "2026-06-21T16:07:02.541952+00:00", "session_id": "d5ca3630", "level": "INFO"}
{"event": "order", "order_id": "e62e6a68-1f1", "symbol": "CAT", "side": "buy", "qty": 1, "price": 0.0, "status": "submitted", "metadata": {"order_type": "market", "strategy": "combined"}, "ts": "2026-06-21T16:07:02.544468+00:00", "session_id": "d5ca3630", "level": "INFO"}
{"event": "risk_event", "event_type": "trade_rejected", "details": {"symbol": "NEE", "side": "sell", "qty": 192, "reason": "Individual short position 13.67% exceeds limit 5%", "strategy": "combined"}, "ts": "2026-06-21T16:07:02.547703+00:00", "session_id": "d5ca3630", "level": "WARNING"}
  [bar 380] 2024-05-31 04:00:00+00:00 | 8 signals | equity=105,349 | regime=SIDEWAYS
{"event": "fill", "order_id": "742766d1-ae4", "fill_price": 177.82445296034786, "fill_qty": 7, "slippage_bps": 7.0037, "metadata": {"symbol": "AMZN", "side": "buy", "commission": 0.035, "strategy": "combined"}, "ts": "2026-06-21T16:07:02.551318+00:00", "session_id": "d5ca3630", "level": "INFO"}
{"event": "fill", "order_id": "e62e6a68-1f1", "fill_price": 332.06275788610526, "fill_qty": 1, "slippage_bps": 7.0085, "metadata": {"symbol": "CAT", "side": "buy", "commission": 0.005, "strategy": "combined"}, "ts": "2026-06-21T16:07:02.551964+00:00", "session_id": "d5ca3630", "level": "INFO"}
{"event": "fill", "order_id": "3373f89b-169", "fill_price": 440.8838732692668, "fill_qty": 38, "slippage_bps": 7.0433, "metadata": {"symbol": "GS", "side": "buy", "commission": 0.19, "strategy": "combined"}, "ts": "2026-06-21T16:07:02.552889+00:00", "session_id": "d5ca3630", "level": "INFO"}
StatArbStrategy.generate_signals: no pairs loaded. Call find_pairs() first.
{"event": "signal", "strategy": "momentum", "symbol": "NVDA", "direction": "BUY", "strength": 0.378588, "metadata": {"rank": 1.0, "sector": "Technology", "fallback": true}, "ts": "2026-06-21T16:07:02.863745+00:00", "session_id": "d5ca3630", "level": "INFO"}
{"event": "signal", "strategy": "momentum", "symbol": "JNJ", "direction": "SELL", "strength": 0.97945, "metadata": {"rank": 0.13333333333333333, "sector": "Healthcare", "fallback": true}, "ts": "2026-06-21T16:07:02.864454+00:00", "session_id": "d5ca3630", "level": "INFO"}
{"event": "signal", "strategy": "momentum", "symbol": "GS", "direction": "BUY", "strength": 0.761406, "metadata": {"rank": 0.8, "sector": "Financials", "fallback": true}, "ts": "2026-06-21T16:07:02.865100+00:00", "session_id": "d5ca3630", "level": "INFO"}
{"event": "signal", "strategy": "momentum", "symbol": "AMZN", "direction": "BUY", "strength": 0.860241, "metadata": {"rank": 0.9333333333333333, "sector": "Consumer Discretionary", "fallback": true}, "ts": "2026-06-21T16:07:02.865659+00:00", "session_id": "d5ca3630", "level": "INFO"}
{"event": "signal", "strategy": "momentum", "symbol": "TSLA", "direction": "SELL", "strength": 0.319845, "metadata": {"rank": 0.06666666666666667, "sector": "Consumer Discretionary", "fallback": true}, "ts": "2026-06-21T16:07:02.865906+00:00", "session_id": "d5ca3630", "level": "INFO"}
{"event": "signal", "strategy": "momentum", "symbol": "CAT", "direction": "BUY", "strength": 0.642116, "metadata": {"rank": 0.8666666666666667, "sector": "Industrials", "fallback": true}, "ts": "2026-06-21T16:07:02.866758+00:00", "session_id": "d5ca3630", "level": "INFO"}
MeanReversion: no volume data supplied — volume filter bypassed
{"event": "signal", "strategy": "mean_reversion", "symbol": "AAPL", "direction": "SELL", "strength": 0.810387, "metadata": {"z": 1.9276, "rsi": 70.73, "rv": 0.1447}, "ts": "2026-06-21T16:07:02.884732+00:00", "session_id": "d5ca3630", "level": "INFO"}
{"event": "signal", "strategy": "mean_reversion", "symbol": "NVDA", "direction": "SELL", "strength": 1.0, "metadata": {"z": 2.8994, "rsi": 80.63, "rv": 0.493}, "ts": "2026-06-21T16:07:02.888224+00:00", "session_id": "d5ca3630", "level": "INFO"}
{"event": "signal", "strategy": "mean_reversion", "symbol": "CAT", "direction": "BUY", "strength": 0.669891, "metadata": {"z": -1.8182, "rsi": 28.31, "rv": 0.2214}, "ts": "2026-06-21T16:07:02.900966+00:00", "session_id": "d5ca3630", "level": "INFO"}
{"event": "info", "message": "SignalGenerator: 9 raw \u2192 7 combined signals", "metadata": {"regime": "SIDEWAYS", "n_strategies": 4, "allocations": {"stat_arb": 0.25, "momentum": 0.3, "factor_model": 0.25, "mean_reversion": 0.18}}, "ts": "2026-06-21T16:07:02.907604+00:00", "session_id": "d5ca3630", "level": "INFO"}
{"event": "risk_event", "event_type": "trade_rejected", "details": {"symbol": "JNJ", "side": "sell", "qty": 151, "reason": "Individual short position 20.00% exceeds limit 5%", "strategy": "combined"}, "ts": "2026-06-21T16:07:02.924545+00:00", "session_id": "d5ca3630", "level": "WARNING"}
ExecutionManager: net exposure limit reached (83.4% vs ±80%) — skipping GS buy
ExecutionManager: net exposure limit reached (83.4% vs ±80%) — skipping AMZN buy
ExecutionManager: net exposure limit reached (83.4% vs ±80%) — skipping CAT buy
{"event": "risk_event", "event_type": "trade_rejected", "details": {"symbol": "AAPL", "side": "sell", "qty": 97, "reason": "Individual short position 17.70% exceeds limit 5%", "strategy": "combined"}, "ts": "2026-06-21T16:07:02.928849+00:00", "session_id": "d5ca3630", "level": "WARNING"}
  [bar 381] 2024-06-03 04:00:00+00:00 | 7 signals | equity=105,393 | regime=SIDEWAYS
StatArbStrategy.generate_signals: no pairs loaded. Call find_pairs() first.
{"event": "signal", "strategy": "momentum", "symbol": "NVDA", "direction": "BUY", "strength": 0.389734, "metadata": {"rank": 1.0, "sector": "Technology", "fallback": true}, "ts": "2026-06-21T16:07:03.169450+00:00", "session_id": "d5ca3630", "level": "INFO"}
{"event": "signal", "strategy": "momentum", "symbol": "JNJ", "direction": "SELL", "strength": 0.981101, "metadata": {"rank": 0.13333333333333333, "sector": "Healthcare", "fallback": true}, "ts": "2026-06-21T16:07:03.170092+00:00", "session_id": "d5ca3630", "level": "INFO"}
{"event": "signal", "strategy": "momentum", "symbol": "GS", "direction": "BUY", "strength": 0.762802, "metadata": {"rank": 0.8, "sector": "Financials", "fallback": true}, "ts": "2026-06-21T16:07:03.170755+00:00", "session_id": "d5ca3630", "level": "INFO"}
{"event": "signal", "strategy": "momentum", "symbol": "AMZN", "direction": "BUY", "strength": 0.862028, "metadata": {"rank": 0.9333333333333333, "sector": "Consumer Discretionary", "fallback": true}, "ts": "2026-06-21T16:07:03.171327+00:00", "session_id": "d5ca3630", "level": "INFO"}
{"event": "signal", "strategy": "momentum", "symbol": "TSLA", "direction": "SELL", "strength": 0.320392, "metadata": {"rank": 0.06666666666666667, "sector": "Consumer Discretionary", "fallback": true}, "ts": "2026-06-21T16:07:03.171591+00:00", "session_id": "d5ca3630", "level": "INFO"}
{"event": "signal", "strategy": "momentum", "symbol": "CAT", "direction": "BUY", "strength": 0.639953, "metadata": {"rank": 0.8666666666666667, "sector": "Industrials", "fallback": true}, "ts": "2026-06-21T16:07:03.172434+00:00", "session_id": "d5ca3630", "level": "INFO"}
MeanReversion: no volume data supplied — volume filter bypassed
{"event": "signal", "strategy": "mean_reversion", "symbol": "NVDA", "direction": "SELL", "strength": 1.0, "metadata": {"z": 2.8081, "rsi": 80.86, "rv": 0.4847}, "ts": "2026-06-21T16:07:03.191958+00:00", "session_id": "d5ca3630", "level": "INFO"}
{"event": "signal", "strategy": "mean_reversion", "symbol": "CAT", "direction": "BUY", "strength": 0.881069, "metadata": {"z": -2.0709, "rsi": 24.77, "rv": 0.2154}, "ts": "2026-06-21T16:07:03.204609+00:00", "session_id": "d5ca3630", "level": "INFO"}
{"event": "info", "message": "SignalGenerator: 8 raw \u2192 6 combined signals", "metadata": {"regime": "SIDEWAYS", "n_strategies": 4, "allocations": {"stat_arb": 0.25, "momentum": 0.3, "factor_model": 0.25, "mean_reversion": 0.18}}, "ts": "2026-06-21T16:07:03.214090+00:00", "session_id": "d5ca3630", "level": "INFO"}
{"event": "risk_event", "event_type": "trade_rejected", "details": {"symbol": "JNJ", "side": "sell", "qty": 149, "reason": "Individual short position 19.92% exceeds limit 5%", "strategy": "combined"}, "ts": "2026-06-21T16:07:03.242660+00:00", "session_id": "d5ca3630", "level": "WARNING"}
ExecutionManager: net exposure limit reached (83.2% vs ±80%) — skipping GS buy
ExecutionManager: net exposure limit reached (83.2% vs ±80%) — skipping AMZN buy
ExecutionManager: net exposure limit reached (83.2% vs ±80%) — skipping CAT buy
  [bar 382] 2024-06-04 04:00:00+00:00 | 6 signals | equity=104,477 | regime=SIDEWAYS
StatArbStrategy.generate_signals: no pairs loaded. Call find_pairs() first.
{"event": "signal", "strategy": "momentum", "symbol": "NVDA", "direction": "BUY", "strength": 0.385494, "metadata": {"rank": 1.0, "sector": "Technology", "fallback": true}, "ts": "2026-06-21T16:07:03.560632+00:00", "session_id": "d5ca3630", "level": "INFO"}
{"event": "signal", "strategy": "momentum", "symbol": "JNJ", "direction": "SELL", "strength": 0.982445, "metadata": {"rank": 0.13333333333333333, "sector": "Healthcare", "fallback": true}, "ts": "2026-06-21T16:07:03.561319+00:00", "session_id": "d5ca3630", "level": "INFO"}
{"event": "signal", "strategy": "momentum", "symbol": "GS", "direction": "BUY", "strength": 0.759328, "metadata": {"rank": 0.8, "sector": "Financials", "fallback": true}, "ts": "2026-06-21T16:07:03.561935+00:00", "session_id": "d5ca3630", "level": "INFO"}
{"event": "signal", "strategy": "momentum", "symbol": "AMZN", "direction": "BUY", "strength": 0.874189, "metadata": {"rank": 0.9333333333333333, "sector": "Consumer Discretionary", "fallback": true}, "ts": "2026-06-21T16:07:03.562643+00:00", "session_id": "d5ca3630", "level": "INFO"}
{"event": "signal", "strategy": "momentum", "symbol": "TSLA", "direction": "SELL", "strength": 0.320779, "metadata": {"rank": 0.06666666666666667, "sector": "Consumer Discretionary", "fallback": true}, "ts": "2026-06-21T16:07:03.562999+00:00", "session_id": "d5ca3630", "level": "INFO"}
{"event": "signal", "strategy": "momentum", "symbol": "CAT", "direction": "BUY", "strength": 0.642022, "metadata": {"rank": 0.8666666666666667, "sector": "Industrials", "fallback": true}, "ts": "2026-06-21T16:07:03.564064+00:00", "session_id": "d5ca3630", "level": "INFO"}
MeanReversion: no volume data supplied — volume filter bypassed
{"event": "signal", "strategy": "mean_reversion", "symbol": "NVDA", "direction": "CLOSE", "strength": 1.0, "metadata": {"z": 3.1295, "action": "hard_stop"}, "ts": "2026-06-21T16:07:03.587768+00:00", "session_id": "d5ca3630", "level": "INFO"}
{"event": "signal", "strategy": "mean_reversion", "symbol": "JPM", "direction": "CLOSE", "strength": 1.0, "metadata": {"z": 0.4754, "action": "mean_reversion_exit"}, "ts": "2026-06-21T16:07:03.592966+00:00", "session_id": "d5ca3630", "level": "INFO"}
{"event": "signal", "strategy": "mean_reversion", "symbol": "CAT", "direction": "BUY", "strength": 0.734268, "metadata": {"z": -1.8913, "rsi": 24.8, "rv": 0.2139}, "ts": "2026-06-21T16:07:03.600965+00:00", "session_id": "d5ca3630", "level": "INFO"}
{"event": "info", "message": "SignalGenerator: 9 raw \u2192 7 combined signals", "metadata": {"regime": "SIDEWAYS", "n_strategies": 4, "allocations": {"stat_arb": 0.25, "momentum": 0.3, "factor_model": 0.25, "mean_reversion": 0.18}}, "ts": "2026-06-21T16:07:03.607499+00:00", "session_id": "d5ca3630", "level": "INFO"}
{"event": "risk_event", "event_type": "trade_rejected", "details": {"symbol": "JNJ", "side": "sell", "qty": 152, "reason": "Individual short position 19.98% exceeds limit 5%", "strategy": "combined"}, "ts": "2026-06-21T16:07:03.624094+00:00", "session_id": "d5ca3630", "level": "WARNING"}
ExecutionManager: net exposure limit reached (83.3% vs ±80%) — skipping GS buy
ExecutionManager: net exposure limit reached (83.3% vs ±80%) — skipping AMZN buy
ExecutionManager: net exposure limit reached (83.3% vs ±80%) — skipping CAT buy
{"event": "order", "order_id": "257d22f9-2ef", "symbol": "JPM", "side": "sell", "qty": 111, "price": 0.0, "status": "submitted", "metadata": {"order_type": "market", "strategy": "combined"}, "ts": "2026-06-21T16:07:03.624535+00:00", "session_id": "d5ca3630", "level": "INFO"}
  [bar 383] 2024-06-05 04:00:00+00:00 | 7 signals | equity=104,940 | regime=SIDEWAYS
{"event": "fill", "order_id": "257d22f9-2ef", "fill_price": 188.97763824078828, "fill_qty": 111, "slippage_bps": 7.052, "metadata": {"symbol": "JPM", "side": "sell", "commission": 0.555, "strategy": "combined"}, "ts": "2026-06-21T16:07:03.628874+00:00", "session_id": "d5ca3630", "level": "INFO"}
StatArbStrategy.generate_signals: no pairs loaded. Call find_pairs() first.
{"event": "signal", "strategy": "momentum", "symbol": "NVDA", "direction": "BUY", "strength": 0.397626, "metadata": {"rank": 1.0, "sector": "Technology", "fallback": true}, "ts": "2026-06-21T16:07:03.884659+00:00", "session_id": "d5ca3630", "level": "INFO"}
{"event": "signal", "strategy": "momentum", "symbol": "JNJ", "direction": "SELL", "strength": 0.989055, "metadata": {"rank": 0.13333333333333333, "sector": "Healthcare", "fallback": true}, "ts": "2026-06-21T16:07:03.885188+00:00", "session_id": "d5ca3630", "level": "INFO"}
{"event": "signal", "strategy": "momentum", "symbol": "JPM", "direction": "BUY", "strength": 0.747235, "metadata": {"rank": 0.8666666666666667, "sector": "Financials", "fallback": true}, "ts": "2026-06-21T16:07:03.885739+00:00", "session_id": "d5ca3630", "level": "INFO"}
{"event": "signal", "strategy": "momentum", "symbol": "AMZN", "direction": "BUY", "strength": 0.873308, "metadata": {"rank": 0.9333333333333333, "sector": "Consumer Discretionary", "fallback": true}, "ts": "2026-06-21T16:07:03.886229+00:00", "session_id": "d5ca3630", "level": "INFO"}
{"event": "signal", "strategy": "momentum", "symbol": "TSLA", "direction": "SELL", "strength": 0.320214, "metadata": {"rank": 0.06666666666666667, "sector": "Consumer Discretionary", "fallback": true}, "ts": "2026-06-21T16:07:03.886470+00:00", "session_id": "d5ca3630", "level": "INFO"}
{"event": "signal", "strategy": "momentum", "symbol": "CAT", "direction": "BUY", "strength": 0.593321, "metadata": {"rank": 0.8, "sector": "Industrials", "fallback": true}, "ts": "2026-06-21T16:07:03.887148+00:00", "session_id": "d5ca3630", "level": "INFO"}
MeanReversion: no volume data supplied — volume filter bypassed
{"event": "signal", "strategy": "mean_reversion", "symbol": "NVDA", "direction": "SELL", "strength": 1.0, "metadata": {"z": 2.7344, "rsi": 79.91, "rv": 0.4963}, "ts": "2026-06-21T16:07:03.906579+00:00", "session_id": "d5ca3630", "level": "INFO"}
{"event": "signal", "strategy": "mean_reversion", "symbol": "CAT", "direction": "BUY", "strength": 0.77513, "metadata": {"z": -1.9409, "rsi": 28.65, "rv": 0.2139}, "ts": "2026-06-21T16:07:03.919528+00:00", "session_id": "d5ca3630", "level": "INFO"}
{"event": "info", "message": "SignalGenerator: 8 raw \u2192 6 combined signals", "metadata": {"regime": "SIDEWAYS", "n_strategies": 4, "allocations": {"stat_arb": 0.25, "momentum": 0.3, "factor_model": 0.25, "mean_reversion": 0.18}}, "ts": "2026-06-21T16:07:03.926198+00:00", "session_id": "d5ca3630", "level": "INFO"}
{"event": "risk_event", "event_type": "trade_rejected", "details": {"symbol": "JNJ", "side": "sell", "qty": 151, "reason": "Individual short position 19.89% exceeds limit 5%", "strategy": "combined"}, "ts": "2026-06-21T16:07:03.941215+00:00", "session_id": "d5ca3630", "level": "WARNING"}
{"event": "order", "order_id": "b432d5fd-07e", "symbol": "JPM", "side": "buy", "qty": 111, "price": 0.0, "status": "submitted", "metadata": {"order_type": "market", "strategy": "combined"}, "ts": "2026-06-21T16:07:03.944676+00:00", "session_id": "d5ca3630", "level": "INFO"}
{"event": "order", "order_id": "89e43fdc-0dc", "symbol": "CAT", "side": "buy", "qty": 3, "price": 0.0, "status": "submitted", "metadata": {"order_type": "market", "strategy": "combined"}, "ts": "2026-06-21T16:07:03.947274+00:00", "session_id": "d5ca3630", "level": "INFO"}
  [bar 384] 2024-06-06 04:00:00+00:00 | 6 signals | equity=105,042 | regime=SIDEWAYS
{"event": "fill", "order_id": "89e43fdc-0dc", "fill_price": 317.7719791062782, "fill_qty": 3, "slippage_bps": 7.0128, "metadata": {"symbol": "CAT", "side": "buy", "commission": 0.015, "strategy": "combined"}, "ts": "2026-06-21T16:07:03.951042+00:00", "session_id": "d5ca3630", "level": "INFO"}
{"event": "fill", "order_id": "b432d5fd-07e", "fill_price": 189.4074904280377, "fill_qty": 111, "slippage_bps": 7.053, "metadata": {"symbol": "JPM", "side": "buy", "commission": 0.555, "strategy": "combined"}, "ts": "2026-06-21T16:07:03.952470+00:00", "session_id": "d5ca3630", "level": "INFO"}
StatArbStrategy.generate_signals: no pairs loaded. Call find_pairs() first.
{"event": "signal", "strategy": "momentum", "symbol": "NVDA", "direction": "BUY", "strength": 0.39837, "metadata": {"rank": 1.0, "sector": "Technology", "fallback": true}, "ts": "2026-06-21T16:07:04.276694+00:00", "session_id": "d5ca3630", "level": "INFO"}
{"event": "signal", "strategy": "momentum", "symbol": "JNJ", "direction": "SELL", "strength": 0.991702, "metadata": {"rank": 0.13333333333333333, "sector": "Healthcare", "fallback": true}, "ts": "2026-06-21T16:07:04.277263+00:00", "session_id": "d5ca3630", "level": "INFO"}
{"event": "signal", "strategy": "momentum", "symbol": "JPM", "direction": "BUY", "strength": 0.685461, "metadata": {"rank": 0.8, "sector": "Financials", "fallback": true}, "ts": "2026-06-21T16:07:04.277781+00:00", "session_id": "d5ca3630", "level": "INFO"}
{"event": "signal", "strategy": "momentum", "symbol": "AMZN", "direction": "BUY", "strength": 0.873843, "metadata": {"rank": 0.9333333333333333, "sector": "Consumer Discretionary", "fallback": true}, "ts": "2026-06-21T16:07:04.278284+00:00", "session_id": "d5ca3630", "level": "INFO"}
{"event": "signal", "strategy": "momentum", "symbol": "TSLA", "direction": "SELL", "strength": 0.324708, "metadata": {"rank": 0.06666666666666667, "sector": "Consumer Discretionary", "fallback": true}, "ts": "2026-06-21T16:07:04.278503+00:00", "session_id": "d5ca3630", "level": "INFO"}
{"event": "signal", "strategy": "momentum", "symbol": "CAT", "direction": "BUY", "strength": 0.645906, "metadata": {"rank": 0.8666666666666667, "sector": "Industrials", "fallback": true}, "ts": "2026-06-21T16:07:04.279171+00:00", "session_id": "d5ca3630", "level": "INFO"}
MeanReversion: no volume data supplied — volume filter bypassed
{"event": "signal", "strategy": "mean_reversion", "symbol": "NVDA", "direction": "SELL", "strength": 1.0, "metadata": {"z": 2.5248, "rsi": 83.21, "rv": 0.4844}, "ts": "2026-06-21T16:07:04.298482+00:00", "session_id": "d5ca3630", "level": "INFO"}
{"event": "signal", "strategy": "mean_reversion", "symbol": "CAT", "direction": "BUY", "strength": 0.697332, "metadata": {"z": -1.8342, "rsi": 21.31, "rv": 0.1963}, "ts": "2026-06-21T16:07:04.311305+00:00", "session_id": "d5ca3630", "level": "INFO"}
{"event": "info", "message": "SignalGenerator: 8 raw \u2192 6 combined signals", "metadata": {"regime": "SIDEWAYS", "n_strategies": 4, "allocations": {"stat_arb": 0.25, "momentum": 0.3, "factor_model": 0.25, "mean_reversion": 0.18}}, "ts": "2026-06-21T16:07:04.317968+00:00", "session_id": "d5ca3630", "level": "INFO"}
{"event": "risk_event", "event_type": "trade_rejected", "details": {"symbol": "JNJ", "side": "sell", "qty": 150, "reason": "Individual short position 19.89% exceeds limit 5%", "strategy": "combined"}, "ts": "2026-06-21T16:07:04.334021+00:00", "session_id": "d5ca3630", "level": "WARNING"}
ExecutionManager: net exposure limit reached (84.2% vs ±80%) — skipping JPM buy
ExecutionManager: net exposure limit reached (84.2% vs ±80%) — skipping AMZN buy
ExecutionManager: net exposure limit reached (84.2% vs ±80%) — skipping CAT buy
  [bar 385] 2024-06-07 04:00:00+00:00 | 6 signals | equity=104,777 | regime=SIDEWAYS
StatArbStrategy.generate_signals: no pairs loaded. Call find_pairs() first.
{"event": "signal", "strategy": "momentum", "symbol": "AAPL", "direction": "SELL", "strength": 0.665346, "metadata": {"rank": 0.2, "sector": "Technology", "fallback": true}, "ts": "2026-06-21T16:07:04.581029+00:00", "session_id": "d5ca3630", "level": "INFO"}
{"event": "signal", "strategy": "momentum", "symbol": "NVDA", "direction": "BUY", "strength": 0.403321, "metadata": {"rank": 1.0, "sector": "Technology", "fallback": true}, "ts": "2026-06-21T16:07:04.581377+00:00", "session_id": "d5ca3630", "level": "INFO"}
{"event": "signal", "strategy": "momentum", "symbol": "JNJ", "direction": "SELL", "strength": 0.999276, "metadata": {"rank": 0.13333333333333333, "sector": "Healthcare", "fallback": true}, "ts": "2026-06-21T16:07:04.581865+00:00", "session_id": "d5ca3630", "level": "INFO"}
{"event": "signal", "strategy": "momentum", "symbol": "JPM", "direction": "BUY", "strength": 0.69511, "metadata": {"rank": 0.8, "sector": "Financials", "fallback": true}, "ts": "2026-06-21T16:07:04.582394+00:00", "session_id": "d5ca3630", "level": "INFO"}
{"event": "signal", "strategy": "momentum", "symbol": "AMZN", "direction": "BUY", "strength": 0.871186, "metadata": {"rank": 0.9333333333333333, "sector": "Consumer Discretionary", "fallback": true}, "ts": "2026-06-21T16:07:04.582871+00:00", "session_id": "d5ca3630", "level": "INFO"}
{"event": "signal", "strategy": "momentum", "symbol": "TSLA", "direction": "SELL", "strength": 0.327615, "metadata": {"rank": 0.06666666666666667, "sector": "Consumer Discretionary", "fallback": true}, "ts": "2026-06-21T16:07:04.583082+00:00", "session_id": "d5ca3630", "level": "INFO"}
{"event": "signal", "strategy": "momentum", "symbol": "CAT", "direction": "BUY", "strength": 0.645835, "metadata": {"rank": 0.8666666666666667, "sector": "Industrials", "fallback": true}, "ts": "2026-06-21T16:07:04.583781+00:00", "session_id": "d5ca3630", "level": "INFO"}
MeanReversion: no volume data supplied — volume filter bypassed
{"event": "signal", "strategy": "mean_reversion", "symbol": "NVDA", "direction": "SELL", "strength": 0.961061, "metadata": {"z": 2.4273, "rsi": 82.64, "rv": 0.4852}, "ts": "2026-06-21T16:07:04.603062+00:00", "session_id": "d5ca3630", "level": "INFO"}
{"event": "signal", "strategy": "mean_reversion", "symbol": "CAT", "direction": "BUY", "strength": 0.615361, "metadata": {"z": -1.7338, "rsi": 10.38, "rv": 0.1924}, "ts": "2026-06-21T16:07:04.615899+00:00", "session_id": "d5ca3630", "level": "INFO"}
{"event": "info", "message": "SignalGenerator: 9 raw \u2192 7 combined signals", "metadata": {"regime": "SIDEWAYS", "n_strategies": 4, "allocations": {"stat_arb": 0.25, "momentum": 0.3, "factor_model": 0.25, "mean_reversion": 0.18}}, "ts": "2026-06-21T16:07:04.622521+00:00", "session_id": "d5ca3630", "level": "INFO"}
{"event": "risk_event", "event_type": "trade_rejected", "details": {"symbol": "AAPL", "side": "sell", "qty": 81, "reason": "Individual short position 14.73% exceeds limit 5%", "strategy": "combined"}, "ts": "2026-06-21T16:07:04.640385+00:00", "session_id": "d5ca3630", "level": "WARNING"}
{"event": "risk_event", "event_type": "trade_rejected", "details": {"symbol": "JNJ", "side": "sell", "qty": 151, "reason": "Individual short position 19.94% exceeds limit 5%", "strategy": "combined"}, "ts": "2026-06-21T16:07:04.644380+00:00", "session_id": "d5ca3630", "level": "WARNING"}
ExecutionManager: net exposure limit reached (84.3% vs ±80%) — skipping JPM buy
ExecutionManager: net exposure limit reached (84.3% vs ±80%) — skipping AMZN buy
ExecutionManager: net exposure limit reached (84.3% vs ±80%) — skipping CAT buy
  [bar 386] 2024-06-10 04:00:00+00:00 | 7 signals | equity=105,269 | regime=SIDEWAYS
StatArbStrategy.generate_signals: no pairs loaded. Call find_pairs() first.
{"event": "signal", "strategy": "momentum", "symbol": "AAPL", "direction": "SELL", "strength": 0.575493, "metadata": {"rank": 0.2, "sector": "Technology", "fallback": true}, "ts": "2026-06-21T16:07:04.884530+00:00", "session_id": "d5ca3630", "level": "INFO"}
{"event": "signal", "strategy": "momentum", "symbol": "NVDA", "direction": "BUY", "strength": 0.402923, "metadata": {"rank": 1.0, "sector": "Technology", "fallback": true}, "ts": "2026-06-21T16:07:04.884861+00:00", "session_id": "d5ca3630", "level": "INFO"}
{"event": "signal", "strategy": "momentum", "symbol": "JNJ", "direction": "SELL", "strength": 1.0, "metadata": {"rank": 0.13333333333333333, "sector": "Healthcare", "fallback": true}, "ts": "2026-06-21T16:07:04.885367+00:00", "session_id": "d5ca3630", "level": "INFO"}
{"event": "signal", "strategy": "momentum", "symbol": "JPM", "direction": "BUY", "strength": 0.678392, "metadata": {"rank": 0.8, "sector": "Financials", "fallback": true}, "ts": "2026-06-21T16:07:04.885865+00:00", "session_id": "d5ca3630", "level": "INFO"}
{"event": "signal", "strategy": "momentum", "symbol": "AMZN", "direction": "BUY", "strength": 0.898777, "metadata": {"rank": 0.9333333333333333, "sector": "Consumer Discretionary", "fallback": true}, "ts": "2026-06-21T16:07:04.886364+00:00", "session_id": "d5ca3630", "level": "INFO"}
{"event": "signal", "strategy": "momentum", "symbol": "TSLA", "direction": "SELL", "strength": 0.326901, "metadata": {"rank": 0.06666666666666667, "sector": "Consumer Discretionary", "fallback": true}, "ts": "2026-06-21T16:07:04.886587+00:00", "session_id": "d5ca3630", "level": "INFO"}
{"event": "signal", "strategy": "momentum", "symbol": "CAT", "direction": "BUY", "strength": 0.649652, "metadata": {"rank": 0.8666666666666667, "sector": "Industrials", "fallback": true}, "ts": "2026-06-21T16:07:04.887274+00:00", "session_id": "d5ca3630", "level": "INFO"}
MeanReversion: no volume data supplied — volume filter bypassed
{"event": "signal", "strategy": "mean_reversion", "symbol": "AAPL", "direction": "SELL", "strength": 1.0, "metadata": {"z": 2.5956, "rsi": 70.52, "rv": 0.2864}, "ts": "2026-06-21T16:07:04.903563+00:00", "session_id": "d5ca3630", "level": "INFO"}
{"event": "signal", "strategy": "mean_reversion", "symbol": "NVDA", "direction": "SELL", "strength": 0.81172, "metadata": {"z": 2.21, "rsi": 80.66, "rv": 0.4907}, "ts": "2026-06-21T16:07:04.907057+00:00", "session_id": "d5ca3630", "level": "INFO"}
{"event": "signal", "strategy": "mean_reversion", "symbol": "CAT", "direction": "BUY", "strength": 0.701685, "metadata": {"z": -1.8348, "rsi": 10.73, "rv": 0.1897}, "ts": "2026-06-21T16:07:04.920055+00:00", "session_id": "d5ca3630", "level": "INFO"}
{"event": "info", "message": "SignalGenerator: 10 raw \u2192 7 combined signals", "metadata": {"regime": "SIDEWAYS", "n_strategies": 4, "allocations": {"stat_arb": 0.25, "momentum": 0.3, "factor_model": 0.25, "mean_reversion": 0.18}}, "ts": "2026-06-21T16:07:04.926741+00:00", "session_id": "d5ca3630", "level": "INFO"}
{"event": "risk_event", "event_type": "trade_rejected", "details": {"symbol": "AAPL", "side": "sell", "qty": 76, "reason": "Individual short position 14.94% exceeds limit 5%", "strategy": "combined"}, "ts": "2026-06-21T16:07:04.943614+00:00", "session_id": "d5ca3630", "level": "WARNING"}
{"event": "risk_event", "event_type": "trade_rejected", "details": {"symbol": "JNJ", "side": "sell", "qty": 150, "reason": "Individual short position 19.92% exceeds limit 5%", "strategy": "combined"}, "ts": "2026-06-21T16:07:04.947591+00:00", "session_id": "d5ca3630", "level": "WARNING"}
ExecutionManager: net exposure limit reached (84.2% vs ±80%) — skipping JPM buy
ExecutionManager: net exposure limit reached (84.2% vs ±80%) — skipping AMZN buy
ExecutionManager: net exposure limit reached (84.2% vs ±80%) — skipping CAT buy
  [bar 387] 2024-06-11 04:00:00+00:00 | 7 signals | equity=104,439 | regime=SIDEWAYS
StatArbStrategy.generate_signals: no pairs loaded. Call find_pairs() first.
{"event": "signal", "strategy": "momentum", "symbol": "AAPL", "direction": "SELL", "strength": 0.566002, "metadata": {"rank": 0.2, "sector": "Technology", "fallback": true}, "ts": "2026-06-21T16:07:05.194842+00:00", "session_id": "d5ca3630", "level": "INFO"}
{"event": "signal", "strategy": "momentum", "symbol": "NVDA", "direction": "BUY", "strength": 0.399964, "metadata": {"rank": 1.0, "sector": "Technology", "fallback": true}, "ts": "2026-06-21T16:07:05.195173+00:00", "session_id": "d5ca3630", "level": "INFO"}
{"event": "signal", "strategy": "momentum", "symbol": "JNJ", "direction": "SELL", "strength": 1.0, "metadata": {"rank": 0.13333333333333333, "sector": "Healthcare", "fallback": true}, "ts": "2026-06-21T16:07:05.195677+00:00", "session_id": "d5ca3630", "level": "INFO"}
{"event": "signal", "strategy": "momentum", "symbol": "JPM", "direction": "BUY", "strength": 0.732808, "metadata": {"rank": 0.8666666666666667, "sector": "Financials", "fallback": true}, "ts": "2026-06-21T16:07:05.196179+00:00", "session_id": "d5ca3630", "level": "INFO"}
{"event": "signal", "strategy": "momentum", "symbol": "AMZN", "direction": "BUY", "strength": 0.898411, "metadata": {"rank": 0.9333333333333333, "sector": "Consumer Discretionary", "fallback": true}, "ts": "2026-06-21T16:07:05.196686+00:00", "session_id": "d5ca3630", "level": "INFO"}
{"event": "signal", "strategy": "momentum", "symbol": "TSLA", "direction": "SELL", "strength": 0.331725, "metadata": {"rank": 0.06666666666666667, "sector": "Consumer Discretionary", "fallback": true}, "ts": "2026-06-21T16:07:05.196898+00:00", "session_id": "d5ca3630", "level": "INFO"}
{"event": "signal", "strategy": "momentum", "symbol": "CAT", "direction": "BUY", "strength": 0.603305, "metadata": {"rank": 0.8, "sector": "Industrials", "fallback": true}, "ts": "2026-06-21T16:07:05.197615+00:00", "session_id": "d5ca3630", "level": "INFO"}
MeanReversion: no volume data supplied — volume filter bypassed
{"event": "signal", "strategy": "mean_reversion", "symbol": "AAPL", "direction": "SELL", "strength": 1.0, "metadata": {"z": 2.8652, "rsi": 77.35, "rv": 0.2977}, "ts": "2026-06-21T16:07:05.214161+00:00", "session_id": "d5ca3630", "level": "INFO"}
{"event": "signal", "strategy": "mean_reversion", "symbol": "NVDA", "direction": "SELL", "strength": 0.931938, "metadata": {"z": 2.3938, "rsi": 83.26, "rv": 0.4956}, "ts": "2026-06-21T16:07:05.217614+00:00", "session_id": "d5ca3630", "level": "INFO"}
{"event": "signal", "strategy": "mean_reversion", "symbol": "CAT", "direction": "BUY", "strength": 0.555608, "metadata": {"z": -1.6611, "rsi": 14.87, "rv": 0.1898}, "ts": "2026-06-21T16:07:05.230538+00:00", "session_id": "d5ca3630", "level": "INFO"}
{"event": "info", "message": "SignalGenerator: 10 raw \u2192 7 combined signals", "metadata": {"regime": "SIDEWAYS", "n_strategies": 4, "allocations": {"stat_arb": 0.25, "momentum": 0.3, "factor_model": 0.25, "mean_reversion": 0.18}}, "ts": "2026-06-21T16:07:05.241747+00:00", "session_id": "d5ca3630", "level": "INFO"}
{"event": "risk_event", "event_type": "trade_rejected", "details": {"symbol": "AAPL", "side": "sell", "qty": 72, "reason": "Individual short position 14.59% exceeds limit 5%", "strategy": "combined"}, "ts": "2026-06-21T16:07:05.269426+00:00", "session_id": "d5ca3630", "level": "WARNING"}
{"event": "risk_event", "event_type": "trade_rejected", "details": {"symbol": "JNJ", "side": "sell", "qty": 151, "reason": "Individual short position 19.90% exceeds limit 5%", "strategy": "combined"}, "ts": "2026-06-21T16:07:05.277554+00:00", "session_id": "d5ca3630", "level": "WARNING"}
ExecutionManager: net exposure limit reached (84.2% vs ±80%) — skipping JPM buy
ExecutionManager: net exposure limit reached (84.2% vs ±80%) — skipping AMZN buy
ExecutionManager: net exposure limit reached (84.2% vs ±80%) — skipping CAT buy
  [bar 388] 2024-06-12 04:00:00+00:00 | 7 signals | equity=104,273 | regime=SIDEWAYS
StatArbStrategy.generate_signals: no pairs loaded. Call find_pairs() first.
{"event": "signal", "strategy": "momentum", "symbol": "AAPL", "direction": "SELL", "strength": 0.567494, "metadata": {"rank": 0.2, "sector": "Technology", "fallback": true}, "ts": "2026-06-21T16:07:05.544880+00:00", "session_id": "d5ca3630", "level": "INFO"}
{"event": "signal", "strategy": "momentum", "symbol": "NVDA", "direction": "BUY", "strength": 0.397265, "metadata": {"rank": 1.0, "sector": "Technology", "fallback": true}, "ts": "2026-06-21T16:07:05.545229+00:00", "session_id": "d5ca3630", "level": "INFO"}
{"event": "signal", "strategy": "momentum", "symbol": "JNJ", "direction": "SELL", "strength": 1.0, "metadata": {"rank": 0.13333333333333333, "sector": "Healthcare", "fallback": true}, "ts": "2026-06-21T16:07:05.545739+00:00", "session_id": "d5ca3630", "level": "INFO"}
{"event": "signal", "strategy": "momentum", "symbol": "JPM", "direction": "BUY", "strength": 0.730368, "metadata": {"rank": 0.8666666666666667, "sector": "Financials", "fallback": true}, "ts": "2026-06-21T16:07:05.546221+00:00", "session_id": "d5ca3630", "level": "INFO"}
{"event": "signal", "strategy": "momentum", "symbol": "AMZN", "direction": "BUY", "strength": 0.887369, "metadata": {"rank": 0.9333333333333333, "sector": "Consumer Discretionary", "fallback": true}, "ts": "2026-06-21T16:07:05.546753+00:00", "session_id": "d5ca3630", "level": "INFO"}
{"event": "signal", "strategy": "momentum", "symbol": "TSLA", "direction": "SELL", "strength": 0.330472, "metadata": {"rank": 0.06666666666666667, "sector": "Consumer Discretionary", "fallback": true}, "ts": "2026-06-21T16:07:05.546957+00:00", "session_id": "d5ca3630", "level": "INFO"}
{"event": "signal", "strategy": "momentum", "symbol": "CAT", "direction": "BUY", "strength": 0.603493, "metadata": {"rank": 0.8, "sector": "Industrials", "fallback": true}, "ts": "2026-06-21T16:07:05.547671+00:00", "session_id": "d5ca3630", "level": "INFO"}
MeanReversion: no volume data supplied — volume filter bypassed
{"event": "signal", "strategy": "mean_reversion", "symbol": "AAPL", "direction": "SELL", "strength": 1.0, "metadata": {"z": 2.7217, "rsi": 86.31, "rv": 0.297}, "ts": "2026-06-21T16:07:05.568966+00:00", "session_id": "d5ca3630", "level": "INFO"}
{"event": "signal", "strategy": "mean_reversion", "symbol": "NVDA", "direction": "SELL", "strength": 1.0, "metadata": {"z": 2.5404, "rsi": 81.45, "rv": 0.4953}, "ts": "2026-06-21T16:07:05.573133+00:00", "session_id": "d5ca3630", "level": "INFO"}
{"event": "signal", "strategy": "mean_reversion", "symbol": "CAT", "direction": "BUY", "strength": 0.634749, "metadata": {"z": -1.7533, "rsi": 16.06, "rv": 0.1867}, "ts": "2026-06-21T16:07:05.586092+00:00", "session_id": "d5ca3630", "level": "INFO"}
{"event": "signal", "strategy": "mean_reversion", "symbol": "LIN", "direction": "CLOSE", "strength": 1.0, "metadata": {"z": -0.1488, "action": "mean_reversion_exit"}, "ts": "2026-06-21T16:07:05.591058+00:00", "session_id": "d5ca3630", "level": "INFO"}
{"event": "info", "message": "SignalGenerator: 11 raw \u2192 8 combined signals", "metadata": {"regime": "SIDEWAYS", "n_strategies": 4, "allocations": {"stat_arb": 0.25, "momentum": 0.3, "factor_model": 0.25, "mean_reversion": 0.18}}, "ts": "2026-06-21T16:07:05.593016+00:00", "session_id": "d5ca3630", "level": "INFO"}
{"event": "risk_event", "event_type": "trade_rejected", "details": {"symbol": "JNJ", "side": "sell", "qty": 151, "reason": "Individual short position 19.90% exceeds limit 5%", "strategy": "combined"}, "ts": "2026-06-21T16:07:05.611007+00:00", "session_id": "d5ca3630", "level": "WARNING"}
ExecutionManager: net exposure limit reached (84.2% vs ±80%) — skipping JPM buy
ExecutionManager: net exposure limit reached (84.2% vs ±80%) — skipping AMZN buy
ExecutionManager: net exposure limit reached (84.2% vs ±80%) — skipping CAT buy
{"event": "order", "order_id": "7b660df5-6c0", "symbol": "LIN", "side": "sell", "qty": 45, "price": 0.0, "status": "submitted", "metadata": {"order_type": "market", "strategy": "combined"}, "ts": "2026-06-21T16:07:05.611457+00:00", "session_id": "d5ca3630", "level": "INFO"}
  [bar 389] 2024-06-13 04:00:00+00:00 | 8 signals | equity=104,269 | regime=SIDEWAYS
{"event": "fill", "order_id": "7b660df5-6c0", "fill_price": 425.9670490839972, "fill_qty": 45, "slippage_bps": 7.0385, "metadata": {"symbol": "LIN", "side": "sell", "commission": 0.225, "strategy": "combined"}, "ts": "2026-06-21T16:07:05.616068+00:00", "session_id": "d5ca3630", "level": "INFO"}
StatArbStrategy.generate_signals: no pairs loaded. Call find_pairs() first.
{"event": "signal", "strategy": "momentum", "symbol": "AAPL", "direction": "SELL", "strength": 0.567562, "metadata": {"rank": 0.2, "sector": "Technology", "fallback": true}, "ts": "2026-06-21T16:07:05.849157+00:00", "session_id": "d5ca3630", "level": "INFO"}
{"event": "signal", "strategy": "momentum", "symbol": "NVDA", "direction": "BUY", "strength": 0.396922, "metadata": {"rank": 1.0, "sector": "Technology", "fallback": true}, "ts": "2026-06-21T16:07:05.849488+00:00", "session_id": "d5ca3630", "level": "INFO"}
{"event": "signal", "strategy": "momentum", "symbol": "JNJ", "direction": "SELL", "strength": 1.0, "metadata": {"rank": 0.13333333333333333, "sector": "Healthcare", "fallback": true}, "ts": "2026-06-21T16:07:05.849949+00:00", "session_id": "d5ca3630", "level": "INFO"}
{"event": "signal", "strategy": "momentum", "symbol": "JPM", "direction": "BUY", "strength": 0.735111, "metadata": {"rank": 0.8666666666666667, "sector": "Financials", "fallback": true}, "ts": "2026-06-21T16:07:05.850460+00:00", "session_id": "d5ca3630", "level": "INFO"}
{"event": "signal", "strategy": "momentum", "symbol": "GS", "direction": "BUY", "strength": 0.75336, "metadata": {"rank": 0.8, "sector": "Financials", "fallback": true}, "ts": "2026-06-21T16:07:05.850683+00:00", "session_id": "d5ca3630", "level": "INFO"}
{"event": "signal", "strategy": "momentum", "symbol": "AMZN", "direction": "BUY", "strength": 0.89359, "metadata": {"rank": 0.9333333333333333, "sector": "Consumer Discretionary", "fallback": true}, "ts": "2026-06-21T16:07:05.851203+00:00", "session_id": "d5ca3630", "level": "INFO"}
{"event": "signal", "strategy": "momentum", "symbol": "TSLA", "direction": "SELL", "strength": 0.330362, "metadata": {"rank": 0.06666666666666667, "sector": "Consumer Discretionary", "fallback": true}, "ts": "2026-06-21T16:07:05.851460+00:00", "session_id": "d5ca3630", "level": "INFO"}
MeanReversion: no volume data supplied — volume filter bypassed
{"event": "signal", "strategy": "mean_reversion", "symbol": "AAPL", "direction": "SELL", "strength": 1.0, "metadata": {"z": 2.4054, "rsi": 80.98, "rv": 0.3007}, "ts": "2026-06-21T16:07:05.873518+00:00", "session_id": "d5ca3630", "level": "INFO"}
{"event": "signal", "strategy": "mean_reversion", "symbol": "NVDA", "direction": "SELL", "strength": 1.0, "metadata": {"z": 2.513, "rsi": 81.27, "rv": 0.4904}, "ts": "2026-06-21T16:07:05.876982+00:00", "session_id": "d5ca3630", "level": "INFO"}
{"event": "signal", "strategy": "mean_reversion", "symbol": "CAT", "direction": "BUY", "strength": 0.843037, "metadata": {"z": -1.9894, "rsi": 14.79, "rv": 0.1736}, "ts": "2026-06-21T16:07:05.889719+00:00", "session_id": "d5ca3630", "level": "INFO"}
{"event": "info", "message": "SignalGenerator: 10 raw \u2192 8 combined signals", "metadata": {"regime": "SIDEWAYS", "n_strategies": 4, "allocations": {"stat_arb": 0.25, "momentum": 0.3, "factor_model": 0.25, "mean_reversion": 0.18}}, "ts": "2026-06-21T16:07:05.896301+00:00", "session_id": "d5ca3630", "level": "INFO"}
{"event": "risk_event", "event_type": "trade_rejected", "details": {"symbol": "AAPL", "side": "sell", "qty": 65, "reason": "Individual short position 13.17% exceeds limit 5%", "strategy": "combined"}, "ts": "2026-06-21T16:07:05.913382+00:00", "session_id": "d5ca3630", "level": "WARNING"}
{"event": "risk_event", "event_type": "trade_rejected", "details": {"symbol": "JNJ", "side": "sell", "qty": 151, "reason": "Individual short position 19.98% exceeds limit 5%", "strategy": "combined"}, "ts": "2026-06-21T16:07:05.916631+00:00", "session_id": "d5ca3630", "level": "WARNING"}
{"event": "order", "order_id": "a3752d99-ff9", "symbol": "GS", "side": "buy", "qty": 7, "price": 0.0, "status": "submitted", "metadata": {"order_type": "market", "strategy": "combined"}, "ts": "2026-06-21T16:07:05.919117+00:00", "session_id": "d5ca3630", "level": "INFO"}
  [bar 390] 2024-06-14 04:00:00+00:00 | 8 signals | equity=103,938 | regime=SIDEWAYS
{"event": "fill", "order_id": "a3752d99-ff9", "fill_price": 427.6526020009618, "fill_qty": 7, "slippage_bps": 7.0191, "metadata": {"symbol": "GS", "side": "buy", "commission": 0.035, "strategy": "combined"}, "ts": "2026-06-21T16:07:05.923261+00:00", "session_id": "d5ca3630", "level": "INFO"}
StatArbStrategy.generate_signals: no pairs loaded. Call find_pairs() first.
{"event": "signal", "strategy": "momentum", "symbol": "AAPL", "direction": "SELL", "strength": 0.596818, "metadata": {"rank": 0.2, "sector": "Technology", "fallback": true}, "ts": "2026-06-21T16:07:06.160605+00:00", "session_id": "d5ca3630", "level": "INFO"}
{"event": "signal", "strategy": "momentum", "symbol": "NVDA", "direction": "BUY", "strength": 0.396462, "metadata": {"rank": 1.0, "sector": "Technology", "fallback": true}, "ts": "2026-06-21T16:07:06.160993+00:00", "session_id": "d5ca3630", "level": "INFO"}
{"event": "signal", "strategy": "momentum", "symbol": "JNJ", "direction": "SELL", "strength": 1.0, "metadata": {"rank": 0.13333333333333333, "sector": "Healthcare", "fallback": true}, "ts": "2026-06-21T16:07:06.161586+00:00", "session_id": "d5ca3630", "level": "INFO"}
{"event": "signal", "strategy": "momentum", "symbol": "JPM", "direction": "BUY", "strength": 0.682652, "metadata": {"rank": 0.8, "sector": "Financials", "fallback": true}, "ts": "2026-06-21T16:07:06.162200+00:00", "session_id": "d5ca3630", "level": "INFO"}
{"event": "signal", "strategy": "momentum", "symbol": "GS", "direction": "BUY", "strength": 0.887002, "metadata": {"rank": 0.8666666666666667, "sector": "Financials", "fallback": true}, "ts": "2026-06-21T16:07:06.162468+00:00", "session_id": "d5ca3630", "level": "INFO"}
{"event": "signal", "strategy": "momentum", "symbol": "AMZN", "direction": "BUY", "strength": 0.893483, "metadata": {"rank": 0.9333333333333333, "sector": "Consumer Discretionary", "fallback": true}, "ts": "2026-06-21T16:07:06.162987+00:00", "session_id": "d5ca3630", "level": "INFO"}
{"event": "signal", "strategy": "momentum", "symbol": "TSLA", "direction": "SELL", "strength": 0.325411, "metadata": {"rank": 0.06666666666666667, "sector": "Consumer Discretionary", "fallback": true}, "ts": "2026-06-21T16:07:06.163222+00:00", "session_id": "d5ca3630", "level": "INFO"}
MeanReversion: no volume data supplied — volume filter bypassed
{"event": "signal", "strategy": "mean_reversion", "symbol": "AAPL", "direction": "SELL", "strength": 1.0, "metadata": {"z": 2.529, "rsi": 82.94, "rv": 0.3039}, "ts": "2026-06-21T16:07:06.182651+00:00", "session_id": "d5ca3630", "level": "INFO"}
{"event": "signal", "strategy": "mean_reversion", "symbol": "NVDA", "direction": "SELL", "strength": 0.874467, "metadata": {"z": 2.2936, "rsi": 75.05, "rv": 0.4793}, "ts": "2026-06-21T16:07:06.186120+00:00", "session_id": "d5ca3630", "level": "INFO"}
{"event": "signal", "strategy": "mean_reversion", "symbol": "CAT", "direction": "BUY", "strength": 0.720923, "metadata": {"z": -1.8358, "rsi": 17.86, "rv": 0.1593}, "ts": "2026-06-21T16:07:06.199384+00:00", "session_id": "d5ca3630", "level": "INFO"}
{"event": "signal", "strategy": "mean_reversion", "symbol": "NEE", "direction": "CLOSE", "strength": 1.0, "metadata": {"z": 0.4478, "action": "mean_reversion_exit"}, "ts": "2026-06-21T16:07:06.205984+00:00", "session_id": "d5ca3630", "level": "INFO"}
{"event": "info", "message": "SignalGenerator: 11 raw \u2192 9 combined signals", "metadata": {"regime": "SIDEWAYS", "n_strategies": 4, "allocations": {"stat_arb": 0.25, "momentum": 0.3, "factor_model": 0.25, "mean_reversion": 0.18}}, "ts": "2026-06-21T16:07:06.206288+00:00", "session_id": "d5ca3630", "level": "INFO"}
{"event": "risk_event", "event_type": "trade_rejected", "details": {"symbol": "JNJ", "side": "sell", "qty": 150, "reason": "Individual short position 19.87% exceeds limit 5%", "strategy": "combined"}, "ts": "2026-06-21T16:07:06.224864+00:00", "session_id": "d5ca3630", "level": "WARNING"}
  [bar 391] 2024-06-17 04:00:00+00:00 | 9 signals | equity=104,106 | regime=SIDEWAYS
StatArbStrategy.generate_signals: no pairs loaded. Call find_pairs() first.
{"event": "signal", "strategy": "momentum", "symbol": "AAPL", "direction": "SELL", "strength": 0.592989, "metadata": {"rank": 0.2, "sector": "Technology", "fallback": true}, "ts": "2026-06-21T16:07:06.542795+00:00", "session_id": "d5ca3630", "level": "INFO"}
{"event": "signal", "strategy": "momentum", "symbol": "NVDA", "direction": "BUY", "strength": 0.395794, "metadata": {"rank": 1.0, "sector": "Technology", "fallback": true}, "ts": "2026-06-21T16:07:06.543187+00:00", "session_id": "d5ca3630", "level": "INFO"}
{"event": "signal", "strategy": "momentum", "symbol": "JNJ", "direction": "SELL", "strength": 1.0, "metadata": {"rank": 0.13333333333333333, "sector": "Healthcare", "fallback": true}, "ts": "2026-06-21T16:07:06.544968+00:00", "session_id": "d5ca3630", "level": "INFO"}
{"event": "signal", "strategy": "momentum", "symbol": "GS", "direction": "BUY", "strength": 0.962997, "metadata": {"rank": 0.9333333333333333, "sector": "Financials", "fallback": true}, "ts": "2026-06-21T16:07:06.546222+00:00", "session_id": "d5ca3630", "level": "INFO"}
{"event": "signal", "strategy": "momentum", "symbol": "AMZN", "direction": "BUY", "strength": 0.828043, "metadata": {"rank": 0.8666666666666667, "sector": "Consumer Discretionary", "fallback": true}, "ts": "2026-06-21T16:07:06.547050+00:00", "session_id": "d5ca3630", "level": "INFO"}
{"event": "signal", "strategy": "momentum", "symbol": "TSLA", "direction": "SELL", "strength": 0.325276, "metadata": {"rank": 0.06666666666666667, "sector": "Consumer Discretionary", "fallback": true}, "ts": "2026-06-21T16:07:06.547433+00:00", "session_id": "d5ca3630", "level": "INFO"}
{"event": "signal", "strategy": "momentum", "symbol": "CAT", "direction": "BUY", "strength": 0.61505, "metadata": {"rank": 0.8, "sector": "Industrials", "fallback": true}, "ts": "2026-06-21T16:07:06.548545+00:00", "session_id": "d5ca3630", "level": "INFO"}
MeanReversion: no volume data supplied — volume filter bypassed
{"event": "signal", "strategy": "mean_reversion", "symbol": "AAPL", "direction": "SELL", "strength": 0.927311, "metadata": {"z": 2.215, "rsi": 78.18, "rv": 0.3103}, "ts": "2026-06-21T16:07:06.571161+00:00", "session_id": "d5ca3630", "level": "INFO"}
{"event": "signal", "strategy": "mean_reversion", "symbol": "NVDA", "direction": "SELL", "strength": 0.961368, "metadata": {"z": 2.4253, "rsi": 77.47, "rv": 0.4826}, "ts": "2026-06-21T16:07:06.574902+00:00", "session_id": "d5ca3630", "level": "INFO"}
{"event": "signal", "strategy": "mean_reversion", "symbol": "CAT", "direction": "BUY", "strength": 0.51155, "metadata": {"z": -1.5851, "rsi": 29.63, "rv": 0.1438}, "ts": "2026-06-21T16:07:06.587990+00:00", "session_id": "d5ca3630", "level": "INFO"}
{"event": "signal", "strategy": "mean_reversion", "symbol": "PG", "direction": "SELL", "strength": 0.274934, "metadata": {"z": 1.3138, "rsi": 71.26, "rv": 0.1415}, "ts": "2026-06-21T16:07:06.589818+00:00", "session_id": "d5ca3630", "level": "INFO"}
{"event": "info", "message": "SignalGenerator: 11 raw \u2192 7 combined signals", "metadata": {"regime": "SIDEWAYS", "n_strategies": 4, "allocations": {"stat_arb": 0.25, "momentum": 0.3, "factor_model": 0.25, "mean_reversion": 0.18}}, "ts": "2026-06-21T16:07:06.594846+00:00", "session_id": "d5ca3630", "level": "INFO"}
{"event": "risk_event", "event_type": "trade_rejected", "details": {"symbol": "AAPL", "side": "sell", "qty": 62, "reason": "Individual short position 12.56% exceeds limit 5%", "strategy": "combined"}, "ts": "2026-06-21T16:07:06.610837+00:00", "session_id": "d5ca3630", "level": "WARNING"}
{"event": "risk_event", "event_type": "trade_rejected", "details": {"symbol": "JNJ", "side": "sell", "qty": 152, "reason": "Individual short position 19.95% exceeds limit 5%", "strategy": "combined"}, "ts": "2026-06-21T16:07:06.614171+00:00", "session_id": "d5ca3630", "level": "WARNING"}
{"event": "order", "order_id": "a2607193-4f9", "symbol": "GS", "side": "buy", "qty": 1, "price": 0.0, "status": "submitted", "metadata": {"order_type": "market", "strategy": "combined"}, "ts": "2026-06-21T16:07:06.616691+00:00", "session_id": "d5ca3630", "level": "INFO"}
  [bar 392] 2024-06-18 04:00:00+00:00 | 7 signals | equity=104,842 | regime=SIDEWAYS
{"event": "fill", "order_id": "a2607193-4f9", "fill_price": 440.0463945357356, "fill_qty": 1, "slippage_bps": 7.0072, "metadata": {"symbol": "GS", "side": "buy", "commission": 0.005, "strategy": "combined"}, "ts": "2026-06-21T16:07:06.620792+00:00", "session_id": "d5ca3630", "level": "INFO"}
StatArbStrategy.generate_signals: no pairs loaded. Call find_pairs() first.
{"event": "signal", "strategy": "momentum", "symbol": "NVDA", "direction": "BUY", "strength": 0.364151, "metadata": {"rank": 0.9333333333333333, "sector": "Technology", "fallback": true}, "ts": "2026-06-21T16:07:06.857279+00:00", "session_id": "d5ca3630", "level": "INFO"}
{"event": "signal", "strategy": "momentum", "symbol": "JNJ", "direction": "SELL", "strength": 0.984342, "metadata": {"rank": 0.13333333333333333, "sector": "Healthcare", "fallback": true}, "ts": "2026-06-21T16:07:06.857891+00:00", "session_id": "d5ca3630", "level": "INFO"}
{"event": "signal", "strategy": "momentum", "symbol": "GS", "direction": "BUY", "strength": 1.0, "metadata": {"rank": 1.0, "sector": "Financials", "fallback": true}, "ts": "2026-06-21T16:07:06.858519+00:00", "session_id": "d5ca3630", "level": "INFO"}
{"event": "signal", "strategy": "momentum", "symbol": "AMZN", "direction": "BUY", "strength": 0.816824, "metadata": {"rank": 0.8666666666666667, "sector": "Consumer Discretionary", "fallback": true}, "ts": "2026-06-21T16:07:06.859041+00:00", "session_id": "d5ca3630", "level": "INFO"}
{"event": "signal", "strategy": "momentum", "symbol": "TSLA", "direction": "SELL", "strength": 0.3247, "metadata": {"rank": 0.06666666666666667, "sector": "Consumer Discretionary", "fallback": true}, "ts": "2026-06-21T16:07:06.859289+00:00", "session_id": "d5ca3630", "level": "INFO"}
{"event": "signal", "strategy": "momentum", "symbol": "CAT", "direction": "BUY", "strength": 0.611908, "metadata": {"rank": 0.8, "sector": "Industrials", "fallback": true}, "ts": "2026-06-21T16:07:06.860100+00:00", "session_id": "d5ca3630", "level": "INFO"}
MeanReversion: no volume data supplied — volume filter bypassed
{"event": "signal", "strategy": "mean_reversion", "symbol": "MSFT", "direction": "SELL", "strength": 0.879123, "metadata": {"z": 2.0375, "rsi": 87.91, "rv": 0.1801}, "ts": "2026-06-21T16:07:06.881083+00:00", "session_id": "d5ca3630", "level": "INFO"}
{"event": "signal", "strategy": "mean_reversion", "symbol": "NVDA", "direction": "SELL", "strength": 0.663187, "metadata": {"z": 2.0068, "rsi": 76.51, "rv": 0.5182}, "ts": "2026-06-21T16:07:06.882951+00:00", "session_id": "d5ca3630", "level": "INFO"}
{"event": "info", "message": "SignalGenerator: 8 raw \u2192 7 combined signals", "metadata": {"regime": "SIDEWAYS", "n_strategies": 4, "allocations": {"stat_arb": 0.25, "momentum": 0.3, "factor_model": 0.25, "mean_reversion": 0.18}}, "ts": "2026-06-21T16:07:06.901656+00:00", "session_id": "d5ca3630", "level": "INFO"}
{"event": "risk_event", "event_type": "trade_rejected", "details": {"symbol": "JNJ", "side": "sell", "qty": 151, "reason": "Individual short position 19.98% exceeds limit 5%", "strategy": "combined"}, "ts": "2026-06-21T16:07:06.917697+00:00", "session_id": "d5ca3630", "level": "WARNING"}
{"event": "risk_event", "event_type": "trade_rejected", "details": {"symbol": "MSFT", "side": "sell", "qty": 33, "reason": "Individual short position 13.72% exceeds limit 5%", "strategy": "combined"}, "ts": "2026-06-21T16:07:06.921022+00:00", "session_id": "d5ca3630", "level": "WARNING"}
  [bar 393] 2024-06-20 04:00:00+00:00 | 7 signals | equity=105,543 | regime=SIDEWAYS
StatArbStrategy.generate_signals: no pairs loaded. Call find_pairs() first.
{"event": "signal", "strategy": "momentum", "symbol": "AAPL", "direction": "SELL", "strength": 0.582986, "metadata": {"rank": 0.2, "sector": "Technology", "fallback": true}, "ts": "2026-06-21T16:07:07.164451+00:00", "session_id": "d5ca3630", "level": "INFO"}
{"event": "signal", "strategy": "momentum", "symbol": "NVDA", "direction": "BUY", "strength": 0.362786, "metadata": {"rank": 0.9333333333333333, "sector": "Technology", "fallback": true}, "ts": "2026-06-21T16:07:07.164825+00:00", "session_id": "d5ca3630", "level": "INFO"}
{"event": "signal", "strategy": "momentum", "symbol": "JNJ", "direction": "SELL", "strength": 0.982028, "metadata": {"rank": 0.13333333333333333, "sector": "Healthcare", "fallback": true}, "ts": "2026-06-21T16:07:07.165407+00:00", "session_id": "d5ca3630", "level": "INFO"}
{"event": "signal", "strategy": "momentum", "symbol": "JPM", "direction": "BUY", "strength": 0.680919, "metadata": {"rank": 0.8, "sector": "Financials", "fallback": true}, "ts": "2026-06-21T16:07:07.165982+00:00", "session_id": "d5ca3630", "level": "INFO"}
{"event": "signal", "strategy": "momentum", "symbol": "GS", "direction": "BUY", "strength": 1.0, "metadata": {"rank": 1.0, "sector": "Financials", "fallback": true}, "ts": "2026-06-21T16:07:07.166226+00:00", "session_id": "d5ca3630", "level": "INFO"}
{"event": "signal", "strategy": "momentum", "symbol": "TSLA", "direction": "SELL", "strength": 0.326259, "metadata": {"rank": 0.06666666666666667, "sector": "Consumer Discretionary", "fallback": true}, "ts": "2026-06-21T16:07:07.166809+00:00", "session_id": "d5ca3630", "level": "INFO"}
{"event": "signal", "strategy": "momentum", "symbol": "CAT", "direction": "BUY", "strength": 0.662888, "metadata": {"rank": 0.8666666666666667, "sector": "Industrials", "fallback": true}, "ts": "2026-06-21T16:07:07.167680+00:00", "session_id": "d5ca3630", "level": "INFO"}
MeanReversion: no volume data supplied — volume filter bypassed
{"event": "signal", "strategy": "mean_reversion", "symbol": "MSFT", "direction": "SELL", "strength": 1.0, "metadata": {"z": 2.2133, "rsi": 88.89, "rv": 0.1819}, "ts": "2026-06-21T16:07:07.186995+00:00", "session_id": "d5ca3630", "level": "INFO"}
{"event": "signal", "strategy": "mean_reversion", "symbol": "NVDA", "direction": "SELL", "strength": 0.4357, "metadata": {"z": 1.6718, "rsi": 70.36, "rv": 0.5419}, "ts": "2026-06-21T16:07:07.188880+00:00", "session_id": "d5ca3630", "level": "INFO"}
{"event": "signal", "strategy": "mean_reversion", "symbol": "AMZN", "direction": "SELL", "strength": 0.497429, "metadata": {"z": 1.5869, "rsi": 76.69, "rv": 0.1798}, "ts": "2026-06-21T16:07:07.197030+00:00", "session_id": "d5ca3630", "level": "INFO"}
{"event": "info", "message": "SignalGenerator: 10 raw \u2192 9 combined signals", "metadata": {"regime": "SIDEWAYS", "n_strategies": 4, "allocations": {"stat_arb": 0.25, "momentum": 0.3, "factor_model": 0.25, "mean_reversion": 0.18}}, "ts": "2026-06-21T16:07:07.208423+00:00", "session_id": "d5ca3630", "level": "INFO"}
{"event": "risk_event", "event_type": "trade_rejected", "details": {"symbol": "AAPL", "side": "sell", "qty": 85, "reason": "Individual short position 16.63% exceeds limit 5%", "strategy": "combined"}, "ts": "2026-06-21T16:07:07.226698+00:00", "session_id": "d5ca3630", "level": "WARNING"}
{"event": "risk_event", "event_type": "trade_rejected", "details": {"symbol": "JNJ", "side": "sell", "qty": 149, "reason": "Individual short position 19.91% exceeds limit 5%", "strategy": "combined"}, "ts": "2026-06-21T16:07:07.229936+00:00", "session_id": "d5ca3630", "level": "WARNING"}
{"event": "risk_event", "event_type": "trade_rejected", "details": {"symbol": "MSFT", "side": "sell", "qty": 33, "reason": "Individual short position 13.90% exceeds limit 5%", "strategy": "combined"}, "ts": "2026-06-21T16:07:07.233128+00:00", "session_id": "d5ca3630", "level": "WARNING"}
  [bar 394] 2024-06-21 04:00:00+00:00 | 9 signals | equity=105,154 | regime=SIDEWAYS
StatArbStrategy.generate_signals: no pairs loaded. Call find_pairs() first.
{"event": "signal", "strategy": "momentum", "symbol": "AAPL", "direction": "SELL", "strength": 0.588275, "metadata": {"rank": 0.2, "sector": "Technology", "fallback": true}, "ts": "2026-06-21T16:07:07.483588+00:00", "session_id": "d5ca3630", "level": "INFO"}
{"event": "signal", "strategy": "momentum", "symbol": "NVDA", "direction": "BUY", "strength": 0.375111, "metadata": {"rank": 1.0, "sector": "Technology", "fallback": true}, "ts": "2026-06-21T16:07:07.483988+00:00", "session_id": "d5ca3630", "level": "INFO"}
{"event": "signal", "strategy": "momentum", "symbol": "JNJ", "direction": "SELL", "strength": 0.996161, "metadata": {"rank": 0.13333333333333333, "sector": "Healthcare", "fallback": true}, "ts": "2026-06-21T16:07:07.485805+00:00", "session_id": "d5ca3630", "level": "INFO"}
{"event": "signal", "strategy": "momentum", "symbol": "JPM", "direction": "BUY", "strength": 0.686145, "metadata": {"rank": 0.8, "sector": "Financials", "fallback": true}, "ts": "2026-06-21T16:07:07.486643+00:00", "session_id": "d5ca3630", "level": "INFO"}
{"event": "signal", "strategy": "momentum", "symbol": "GS", "direction": "BUY", "strength": 0.936424, "metadata": {"rank": 0.9333333333333333, "sector": "Financials", "fallback": true}, "ts": "2026-06-21T16:07:07.487149+00:00", "session_id": "d5ca3630", "level": "INFO"}
{"event": "signal", "strategy": "momentum", "symbol": "TSLA", "direction": "SELL", "strength": 0.326535, "metadata": {"rank": 0.06666666666666667, "sector": "Consumer Discretionary", "fallback": true}, "ts": "2026-06-21T16:07:07.488548+00:00", "session_id": "d5ca3630", "level": "INFO"}
{"event": "signal", "strategy": "momentum", "symbol": "CAT", "direction": "BUY", "strength": 0.674138, "metadata": {"rank": 0.8666666666666667, "sector": "Industrials", "fallback": true}, "ts": "2026-06-21T16:07:07.489671+00:00", "session_id": "d5ca3630", "level": "INFO"}
MeanReversion: no volume data supplied — volume filter bypassed
{"event": "signal", "strategy": "mean_reversion", "symbol": "MSFT", "direction": "SELL", "strength": 0.812071, "metadata": {"z": 1.9579, "rsi": 87.9, "rv": 0.1796}, "ts": "2026-06-21T16:07:07.508194+00:00", "session_id": "d5ca3630", "level": "INFO"}
{"event": "info", "message": "SignalGenerator: 8 raw \u2192 8 combined signals", "metadata": {"regime": "SIDEWAYS", "n_strategies": 4, "allocations": {"stat_arb": 0.25, "momentum": 0.3, "factor_model": 0.25, "mean_reversion": 0.18}}, "ts": "2026-06-21T16:07:07.528699+00:00", "session_id": "d5ca3630", "level": "INFO"}
{"event": "risk_event", "event_type": "trade_rejected", "details": {"symbol": "AAPL", "side": "sell", "qty": 60, "reason": "Individual short position 11.71% exceeds limit 5%", "strategy": "combined"}, "ts": "2026-06-21T16:07:07.546838+00:00", "session_id": "d5ca3630", "level": "WARNING"}
{"event": "order", "order_id": "670009bb-421", "symbol": "NVDA", "side": "buy", "qty": 28, "price": 0.0, "status": "submitted", "metadata": {"order_type": "market", "strategy": "combined"}, "ts": "2026-06-21T16:07:07.552409+00:00", "session_id": "d5ca3630", "level": "INFO"}
{"event": "risk_event", "event_type": "trade_rejected", "details": {"symbol": "JNJ", "side": "sell", "qty": 150, "reason": "Individual short position 19.99% exceeds limit 5%", "strategy": "combined"}, "ts": "2026-06-21T16:07:07.558028+00:00", "session_id": "d5ca3630", "level": "WARNING"}
{"event": "risk_event", "event_type": "trade_rejected", "details": {"symbol": "MSFT", "side": "sell", "qty": 40, "reason": "Individual short position 16.68% exceeds limit 5%", "strategy": "combined"}, "ts": "2026-06-21T16:07:07.567787+00:00", "session_id": "d5ca3630", "level": "WARNING"}
  [bar 395] 2024-06-24 04:00:00+00:00 | 8 signals | equity=105,720 | regime=SIDEWAYS
{"event": "fill", "order_id": "670009bb-421", "fill_price": 121.08538122271513, "fill_qty": 28, "slippage_bps": 7.0092, "metadata": {"symbol": "NVDA", "side": "buy", "commission": 0.14, "strategy": "combined"}, "ts": "2026-06-21T16:07:07.575437+00:00", "session_id": "d5ca3630", "level": "INFO"}
StatArbStrategy.generate_signals: no pairs loaded. Call find_pairs() first.
{"event": "signal", "strategy": "momentum", "symbol": "AAPL", "direction": "SELL", "strength": 0.591516, "metadata": {"rank": 0.2, "sector": "Technology", "fallback": true}, "ts": "2026-06-21T16:07:07.812342+00:00", "session_id": "d5ca3630", "level": "INFO"}
{"event": "signal", "strategy": "momentum", "symbol": "NVDA", "direction": "BUY", "strength": 0.365286, "metadata": {"rank": 1.0, "sector": "Technology", "fallback": true}, "ts": "2026-06-21T16:07:07.812727+00:00", "session_id": "d5ca3630", "level": "INFO"}
{"event": "signal", "strategy": "momentum", "symbol": "JNJ", "direction": "SELL", "strength": 0.986455, "metadata": {"rank": 0.13333333333333333, "sector": "Healthcare", "fallback": true}, "ts": "2026-06-21T16:07:07.813253+00:00", "session_id": "d5ca3630", "level": "INFO"}
{"event": "signal", "strategy": "momentum", "symbol": "JPM", "direction": "BUY", "strength": 0.743293, "metadata": {"rank": 0.8666666666666667, "sector": "Financials", "fallback": true}, "ts": "2026-06-21T16:07:07.813795+00:00", "session_id": "d5ca3630", "level": "INFO"}
{"event": "signal", "strategy": "momentum", "symbol": "GS", "direction": "BUY", "strength": 0.930101, "metadata": {"rank": 0.9333333333333333, "sector": "Financials", "fallback": true}, "ts": "2026-06-21T16:07:07.814044+00:00", "session_id": "d5ca3630", "level": "INFO"}
{"event": "signal", "strategy": "momentum", "symbol": "TSLA", "direction": "SELL", "strength": 0.326354, "metadata": {"rank": 0.06666666666666667, "sector": "Consumer Discretionary", "fallback": true}, "ts": "2026-06-21T16:07:07.814572+00:00", "session_id": "d5ca3630", "level": "INFO"}
{"event": "signal", "strategy": "momentum", "symbol": "CAT", "direction": "BUY", "strength": 0.622378, "metadata": {"rank": 0.8, "sector": "Industrials", "fallback": true}, "ts": "2026-06-21T16:07:07.815325+00:00", "session_id": "d5ca3630", "level": "INFO"}
MeanReversion: no volume data supplied — volume filter bypassed
{"event": "signal", "strategy": "mean_reversion", "symbol": "MSFT", "direction": "SELL", "strength": 0.908955, "metadata": {"z": 2.0722, "rsi": 88.1, "rv": 0.1796}, "ts": "2026-06-21T16:07:07.833603+00:00", "session_id": "d5ca3630", "level": "INFO"}
{"event": "signal", "strategy": "mean_reversion", "symbol": "GOOGL", "direction": "SELL", "strength": 0.655676, "metadata": {"z": 1.7744, "rsi": 70.59, "rv": 0.181}, "ts": "2026-06-21T16:07:07.851654+00:00", "session_id": "d5ca3630", "level": "INFO"}
{"event": "info", "message": "SignalGenerator: 9 raw \u2192 9 combined signals", "metadata": {"regime": "SIDEWAYS", "n_strategies": 4, "allocations": {"stat_arb": 0.25, "momentum": 0.3, "factor_model": 0.25, "mean_reversion": 0.18}}, "ts": "2026-06-21T16:07:07.856390+00:00", "session_id": "d5ca3630", "level": "INFO"}
{"event": "risk_event", "event_type": "trade_rejected", "details": {"symbol": "AAPL", "side": "sell", "qty": 67, "reason": "Individual short position 13.18% exceeds limit 5%", "strategy": "combined"}, "ts": "2026-06-21T16:07:07.879534+00:00", "session_id": "d5ca3630", "level": "WARNING"}
{"event": "order", "order_id": "291df3dc-6ba", "symbol": "NVDA", "side": "buy", "qty": 2, "price": 0.0, "status": "submitted", "metadata": {"order_type": "market", "strategy": "combined"}, "ts": "2026-06-21T16:07:07.883089+00:00", "session_id": "d5ca3630", "level": "INFO"}
{"event": "risk_event", "event_type": "trade_rejected", "details": {"symbol": "JNJ", "side": "sell", "qty": 151, "reason": "Individual short position 19.93% exceeds limit 5%", "strategy": "combined"}, "ts": "2026-06-21T16:07:07.887106+00:00", "session_id": "d5ca3630", "level": "WARNING"}
{"event": "order", "order_id": "dc99af8a-757", "symbol": "CAT", "side": "buy", "qty": 2, "price": 0.0, "status": "submitted", "metadata": {"order_type": "market", "strategy": "combined"}, "ts": "2026-06-21T16:07:07.890427+00:00", "session_id": "d5ca3630", "level": "INFO"}
{"event": "risk_event", "event_type": "trade_rejected", "details": {"symbol": "MSFT", "side": "sell", "qty": 32, "reason": "Individual short position 13.48% exceeds limit 5%", "strategy": "combined"}, "ts": "2026-06-21T16:07:07.894410+00:00", "session_id": "d5ca3630", "level": "WARNING"}
  [bar 396] 2024-06-25 04:00:00+00:00 | 9 signals | equity=105,384 | regime=SIDEWAYS
{"event": "fill", "order_id": "dc99af8a-757", "fill_price": 317.820387976323, "fill_qty": 2, "slippage_bps": 7.0071, "metadata": {"symbol": "CAT", "side": "buy", "commission": 0.01, "strategy": "combined"}, "ts": "2026-06-21T16:07:07.898128+00:00", "session_id": "d5ca3630", "level": "INFO"}
{"event": "fill", "order_id": "291df3dc-6ba", "fill_price": 126.01061623830547, "fill_qty": 2, "slippage_bps": 7.0023, "metadata": {"symbol": "NVDA", "side": "buy", "commission": 0.01, "strategy": "combined"}, "ts": "2026-06-21T16:07:07.900055+00:00", "session_id": "d5ca3630", "level": "INFO"}
StatArbStrategy.generate_signals: no pairs loaded. Call find_pairs() first.
{"event": "signal", "strategy": "momentum", "symbol": "AAPL", "direction": "SELL", "strength": 0.589485, "metadata": {"rank": 0.2, "sector": "Technology", "fallback": true}, "ts": "2026-06-21T16:07:08.137546+00:00", "session_id": "d5ca3630", "level": "INFO"}
{"event": "signal", "strategy": "momentum", "symbol": "NVDA", "direction": "BUY", "strength": 0.365339, "metadata": {"rank": 1.0, "sector": "Technology", "fallback": true}, "ts": "2026-06-21T16:07:08.137956+00:00", "session_id": "d5ca3630", "level": "INFO"}
{"event": "signal", "strategy": "momentum", "symbol": "JNJ", "direction": "SELL", "strength": 0.986471, "metadata": {"rank": 0.13333333333333333, "sector": "Healthcare", "fallback": true}, "ts": "2026-06-21T16:07:08.138570+00:00", "session_id": "d5ca3630", "level": "INFO"}
{"event": "signal", "strategy": "momentum", "symbol": "JPM", "direction": "BUY", "strength": 0.744331, "metadata": {"rank": 0.8666666666666667, "sector": "Financials", "fallback": true}, "ts": "2026-06-21T16:07:08.139123+00:00", "session_id": "d5ca3630", "level": "INFO"}
{"event": "signal", "strategy": "momentum", "symbol": "GS", "direction": "BUY", "strength": 0.935701, "metadata": {"rank": 0.9333333333333333, "sector": "Financials", "fallback": true}, "ts": "2026-06-21T16:07:08.139400+00:00", "session_id": "d5ca3630", "level": "INFO"}
{"event": "signal", "strategy": "momentum", "symbol": "TSLA", "direction": "SELL", "strength": 0.322069, "metadata": {"rank": 0.06666666666666667, "sector": "Consumer Discretionary", "fallback": true}, "ts": "2026-06-21T16:07:08.139903+00:00", "session_id": "d5ca3630", "level": "INFO"}
{"event": "signal", "strategy": "momentum", "symbol": "CAT", "direction": "BUY", "strength": 0.623008, "metadata": {"rank": 0.8, "sector": "Industrials", "fallback": true}, "ts": "2026-06-21T16:07:08.140674+00:00", "session_id": "d5ca3630", "level": "INFO"}
MeanReversion: no volume data supplied — volume filter bypassed
{"event": "signal", "strategy": "mean_reversion", "symbol": "MSFT", "direction": "SELL", "strength": 0.886292, "metadata": {"z": 2.0453, "rsi": 86.04, "rv": 0.1794}, "ts": "2026-06-21T16:07:08.162292+00:00", "session_id": "d5ca3630", "level": "INFO"}
{"event": "signal", "strategy": "mean_reversion", "symbol": "AMZN", "direction": "SELL", "strength": 1.0, "metadata": {"z": 2.5127, "rsi": 70.29, "rv": 0.2287}, "ts": "2026-06-21T16:07:08.172590+00:00", "session_id": "d5ca3630", "level": "INFO"}
{"event": "info", "message": "SignalGenerator: 9 raw \u2192 9 combined signals", "metadata": {"regime": "SIDEWAYS", "n_strategies": 4, "allocations": {"stat_arb": 0.25, "momentum": 0.3, "factor_model": 0.25, "mean_reversion": 0.18}}, "ts": "2026-06-21T16:07:08.185583+00:00", "session_id": "d5ca3630", "level": "INFO"}
{"event": "risk_event", "event_type": "trade_rejected", "details": {"symbol": "AAPL", "side": "sell", "qty": 66, "reason": "Individual short position 13.16% exceeds limit 5%", "strategy": "combined"}, "ts": "2026-06-21T16:07:08.204633+00:00", "session_id": "d5ca3630", "level": "WARNING"}
{"event": "risk_event", "event_type": "trade_rejected", "details": {"symbol": "JNJ", "side": "sell", "qty": 152, "reason": "Individual short position 19.89% exceeds limit 5%", "strategy": "combined"}, "ts": "2026-06-21T16:07:08.208795+00:00", "session_id": "d5ca3630", "level": "WARNING"}
{"event": "order", "order_id": "23d2d96a-65d", "symbol": "CAT", "side": "buy", "qty": 2, "price": 0.0, "status": "submitted", "metadata": {"order_type": "market", "strategy": "combined"}, "ts": "2026-06-21T16:07:08.212066+00:00", "session_id": "d5ca3630", "level": "INFO"}
{"event": "risk_event", "event_type": "trade_rejected", "details": {"symbol": "MSFT", "side": "sell", "qty": 29, "reason": "Individual short position 12.18% exceeds limit 5%", "strategy": "combined"}, "ts": "2026-06-21T16:07:08.216039+00:00", "session_id": "d5ca3630", "level": "WARNING"}
  [bar 397] 2024-06-26 04:00:00+00:00 | 9 signals | equity=106,029 | regime=SIDEWAYS
{"event": "fill", "order_id": "23d2d96a-65d", "fill_price": 317.6061121654518, "fill_qty": 2, "slippage_bps": 7.0062, "metadata": {"symbol": "CAT", "side": "buy", "commission": 0.01, "strategy": "combined"}, "ts": "2026-06-21T16:07:08.219799+00:00", "session_id": "d5ca3630", "level": "INFO"}
StatArbStrategy.generate_signals: no pairs loaded. Call find_pairs() first.
{"event": "signal", "strategy": "momentum", "symbol": "AAPL", "direction": "SELL", "strength": 0.59153, "metadata": {"rank": 0.2, "sector": "Technology", "fallback": true}, "ts": "2026-06-21T16:07:08.525741+00:00", "session_id": "d5ca3630", "level": "INFO"}
{"event": "signal", "strategy": "momentum", "symbol": "NVDA", "direction": "BUY", "strength": 0.364383, "metadata": {"rank": 1.0, "sector": "Technology", "fallback": true}, "ts": "2026-06-21T16:07:08.526066+00:00", "session_id": "d5ca3630", "level": "INFO"}
{"event": "signal", "strategy": "momentum", "symbol": "JNJ", "direction": "SELL", "strength": 0.984188, "metadata": {"rank": 0.13333333333333333, "sector": "Healthcare", "fallback": true}, "ts": "2026-06-21T16:07:08.526554+00:00", "session_id": "d5ca3630", "level": "INFO"}
{"event": "signal", "strategy": "momentum", "symbol": "JPM", "direction": "BUY", "strength": 0.742114, "metadata": {"rank": 0.8666666666666667, "sector": "Financials", "fallback": true}, "ts": "2026-06-21T16:07:08.527057+00:00", "session_id": "d5ca3630", "level": "INFO"}
{"event": "signal", "strategy": "momentum", "symbol": "GS", "direction": "BUY", "strength": 0.913427, "metadata": {"rank": 0.9333333333333333, "sector": "Financials", "fallback": true}, "ts": "2026-06-21T16:07:08.527296+00:00", "session_id": "d5ca3630", "level": "INFO"}
{"event": "signal", "strategy": "momentum", "symbol": "AMZN", "direction": "BUY", "strength": 0.683668, "metadata": {"rank": 0.8, "sector": "Consumer Discretionary", "fallback": true}, "ts": "2026-06-21T16:07:08.527747+00:00", "session_id": "d5ca3630", "level": "INFO"}
{"event": "signal", "strategy": "momentum", "symbol": "TSLA", "direction": "SELL", "strength": 0.327876, "metadata": {"rank": 0.06666666666666667, "sector": "Consumer Discretionary", "fallback": true}, "ts": "2026-06-21T16:07:08.527957+00:00", "session_id": "d5ca3630", "level": "INFO"}
MeanReversion: no volume data supplied — volume filter bypassed
{"event": "signal", "strategy": "mean_reversion", "symbol": "AAPL", "direction": "SELL", "strength": 0.558161, "metadata": {"z": 1.7332, "rsi": 70.01, "rv": 0.3136}, "ts": "2026-06-21T16:07:08.544879+00:00", "session_id": "d5ca3630", "level": "INFO"}
{"event": "signal", "strategy": "mean_reversion", "symbol": "MSFT", "direction": "SELL", "strength": 0.835368, "metadata": {"z": 1.9844, "rsi": 86.11, "rv": 0.1785}, "ts": "2026-06-21T16:07:08.546773+00:00", "session_id": "d5ca3630", "level": "INFO"}
{"event": "signal", "strategy": "mean_reversion", "symbol": "GS", "direction": "CLOSE", "strength": 1.0, "metadata": {"z": 0.354, "action": "mean_reversion_exit"}, "ts": "2026-06-21T16:07:08.556422+00:00", "session_id": "d5ca3630", "level": "INFO"}
{"event": "signal", "strategy": "mean_reversion", "symbol": "AMZN", "direction": "CLOSE", "strength": 1.0, "metadata": {"z": 3.176, "action": "hard_stop"}, "ts": "2026-06-21T16:07:08.558936+00:00", "session_id": "d5ca3630", "level": "INFO"}
{"event": "info", "message": "SignalGenerator: 11 raw \u2192 8 combined signals", "metadata": {"regime": "SIDEWAYS", "n_strategies": 4, "allocations": {"stat_arb": 0.25, "momentum": 0.3, "factor_model": 0.25, "mean_reversion": 0.18}}, "ts": "2026-06-21T16:07:08.577270+00:00", "session_id": "d5ca3630", "level": "INFO"}
{"event": "risk_event", "event_type": "trade_rejected", "details": {"symbol": "AAPL", "side": "sell", "qty": 59, "reason": "Individual short position 11.80% exceeds limit 5%", "strategy": "combined"}, "ts": "2026-06-21T16:07:08.596029+00:00", "session_id": "d5ca3630", "level": "WARNING"}
{"event": "risk_event", "event_type": "trade_rejected", "details": {"symbol": "JNJ", "side": "sell", "qty": 154, "reason": "Individual short position 20.00% exceeds limit 5%", "strategy": "combined"}, "ts": "2026-06-21T16:07:08.600174+00:00", "session_id": "d5ca3630", "level": "WARNING"}
{"event": "order", "order_id": "c9a0f298-fba", "symbol": "GS", "side": "sell", "qty": 46, "price": 0.0, "status": "submitted", "metadata": {"order_type": "market", "strategy": "combined"}, "ts": "2026-06-21T16:07:08.600405+00:00", "session_id": "d5ca3630", "level": "INFO"}
{"event": "order", "order_id": "c6c43940-f99", "symbol": "AMZN", "side": "sell", "qty": 94, "price": 0.0, "status": "submitted", "metadata": {"order_type": "market", "strategy": "combined"}, "ts": "2026-06-21T16:07:08.600532+00:00", "session_id": "d5ca3630", "level": "INFO"}
{"event": "risk_event", "event_type": "trade_rejected", "details": {"symbol": "MSFT", "side": "sell", "qty": 47, "reason": "Individual short position 19.75% exceeds limit 5%", "strategy": "combined"}, "ts": "2026-06-21T16:07:08.604480+00:00", "session_id": "d5ca3630", "level": "WARNING"}
  [bar 398] 2024-06-27 04:00:00+00:00 | 8 signals | equity=106,099 | regime=SIDEWAYS
{"event": "fill", "order_id": "c6c43940-f99", "fill_price": 197.59113001904495, "fill_qty": 94, "slippage_bps": 7.023, "metadata": {"symbol": "AMZN", "side": "sell", "commission": 0.47000000000000003, "strategy": "combined"}, "ts": "2026-06-21T16:07:08.608387+00:00", "session_id": "d5ca3630", "level": "INFO"}
{"event": "fill", "order_id": "c9a0f298-fba", "fill_price": 431.84814219358003, "fill_qty": 46, "slippage_bps": 7.0608, "metadata": {"symbol": "GS", "side": "sell", "commission": 0.23, "strategy": "combined"}, "ts": "2026-06-21T16:07:08.609358+00:00", "session_id": "d5ca3630", "level": "INFO"}
Model is not converging.  Current: 2077.513867961422 is not greater than 2077.5327497582166. Delta is -0.018881796794630645
StatArbStrategy.generate_signals: no pairs loaded. Call find_pairs() first.
{"event": "signal", "strategy": "momentum", "symbol": "AAPL", "direction": "SELL", "strength": 0.584629, "metadata": {"rank": 0.2, "sector": "Technology", "fallback": true}, "ts": "2026-06-21T16:07:08.931709+00:00", "session_id": "d5ca3630", "level": "INFO"}
{"event": "signal", "strategy": "momentum", "symbol": "NVDA", "direction": "BUY", "strength": 0.364478, "metadata": {"rank": 1.0, "sector": "Technology", "fallback": true}, "ts": "2026-06-21T16:07:08.932037+00:00", "session_id": "d5ca3630", "level": "INFO"}
{"event": "signal", "strategy": "momentum", "symbol": "JNJ", "direction": "SELL", "strength": 1.0, "metadata": {"rank": 0.13333333333333333, "sector": "Healthcare", "fallback": true}, "ts": "2026-06-21T16:07:08.932522+00:00", "session_id": "d5ca3630", "level": "INFO"}
{"event": "signal", "strategy": "momentum", "symbol": "JPM", "direction": "BUY", "strength": 0.735831, "metadata": {"rank": 0.8666666666666667, "sector": "Financials", "fallback": true}, "ts": "2026-06-21T16:07:08.933020+00:00", "session_id": "d5ca3630", "level": "INFO"}
{"event": "signal", "strategy": "momentum", "symbol": "GS", "direction": "BUY", "strength": 0.908864, "metadata": {"rank": 0.9333333333333333, "sector": "Financials", "fallback": true}, "ts": "2026-06-21T16:07:08.933229+00:00", "session_id": "d5ca3630", "level": "INFO"}
{"event": "signal", "strategy": "momentum", "symbol": "AMZN", "direction": "BUY", "strength": 0.66958, "metadata": {"rank": 0.8, "sector": "Consumer Discretionary", "fallback": true}, "ts": "2026-06-21T16:07:08.933716+00:00", "session_id": "d5ca3630", "level": "INFO"}
{"event": "signal", "strategy": "momentum", "symbol": "TSLA", "direction": "SELL", "strength": 0.328003, "metadata": {"rank": 0.06666666666666667, "sector": "Consumer Discretionary", "fallback": true}, "ts": "2026-06-21T16:07:08.933926+00:00", "session_id": "d5ca3630", "level": "INFO"}
MeanReversion: no volume data supplied — volume filter bypassed
{"event": "signal", "strategy": "mean_reversion", "symbol": "MSFT", "direction": "SELL", "strength": 0.486376, "metadata": {"z": 1.5491, "rsi": 75.98, "rv": 0.129}, "ts": "2026-06-21T16:07:08.952565+00:00", "session_id": "d5ca3630", "level": "INFO"}
{"event": "signal", "strategy": "mean_reversion", "symbol": "PG", "direction": "CLOSE", "strength": 1.0, "metadata": {"z": 0.3059, "action": "mean_reversion_exit"}, "ts": "2026-06-21T16:07:08.973412+00:00", "session_id": "d5ca3630", "level": "INFO"}
{"event": "info", "message": "SignalGenerator: 9 raw \u2192 9 combined signals", "metadata": {"regime": "SIDEWAYS", "n_strategies": 4, "allocations": {"stat_arb": 0.25, "momentum": 0.3, "factor_model": 0.25, "mean_reversion": 0.18}}, "ts": "2026-06-21T16:07:08.978626+00:00", "session_id": "d5ca3630", "level": "INFO"}
{"event": "risk_event", "event_type": "trade_rejected", "details": {"symbol": "AAPL", "side": "sell", "qty": 53, "reason": "Individual short position 10.35% exceeds limit 5%", "strategy": "combined"}, "ts": "2026-06-21T16:07:09.000129+00:00", "session_id": "d5ca3630", "level": "WARNING"}
{"event": "risk_event", "event_type": "trade_rejected", "details": {"symbol": "JNJ", "side": "sell", "qty": 154, "reason": "Individual short position 19.90% exceeds limit 5%", "strategy": "combined"}, "ts": "2026-06-21T16:07:09.004127+00:00", "session_id": "d5ca3630", "level": "WARNING"}
{"event": "order", "order_id": "9ea0b502-2ae", "symbol": "GS", "side": "buy", "qty": 25, "price": 0.0, "status": "submitted", "metadata": {"order_type": "market", "strategy": "combined"}, "ts": "2026-06-21T16:07:09.007658+00:00", "session_id": "d5ca3630", "level": "INFO"}
{"event": "order", "order_id": "d1d37d25-1ec", "symbol": "AMZN", "side": "buy", "qty": 57, "price": 0.0, "status": "submitted", "metadata": {"order_type": "market", "strategy": "combined"}, "ts": "2026-06-21T16:07:09.011646+00:00", "session_id": "d5ca3630", "level": "INFO"}
{"event": "risk_event", "event_type": "trade_rejected", "details": {"symbol": "MSFT", "side": "sell", "qty": 44, "reason": "Individual short position 18.11% exceeds limit 5%", "strategy": "combined"}, "ts": "2026-06-21T16:07:09.015605+00:00", "session_id": "d5ca3630", "level": "WARNING"}
  [bar 399] 2024-06-28 04:00:00+00:00 | 9 signals | equity=106,885 | regime=SIDEWAYS
{"event": "order", "order_id": "8cee90a1-4ca", "symbol": "CAT", "side": "sell", "qty": 49, "price": 0.0, "status": "submitted", "metadata": {"order_type": "market", "strategy": "backtest_close"}, "ts": "2026-06-21T16:07:09.015955+00:00", "session_id": "d5ca3630", "level": "INFO"}
{"event": "fill", "order_id": "8cee90a1-4ca", "fill_price": 324.03816310388856, "fill_qty": 49, "slippage_bps": 7.0325, "metadata": {"symbol": "CAT", "side": "sell", "commission": 0.245, "strategy": "backtest_close"}, "ts": "2026-06-21T16:07:09.016539+00:00", "session_id": "d5ca3630", "level": "INFO"}
{"event": "order", "order_id": "4a68097f-6d8", "symbol": "JPM", "side": "sell", "qty": 111, "price": 0.0, "status": "submitted", "metadata": {"order_type": "market", "strategy": "backtest_close"}, "ts": "2026-06-21T16:07:09.016698+00:00", "session_id": "d5ca3630", "level": "INFO"}
{"event": "fill", "order_id": "4a68097f-6d8", "fill_price": 193.7679631515631, "fill_qty": 111, "slippage_bps": 7.0388, "metadata": {"symbol": "JPM", "side": "sell", "commission": 0.555, "strategy": "backtest_close"}, "ts": "2026-06-21T16:07:09.017156+00:00", "session_id": "d5ca3630", "level": "INFO"}
{"event": "order", "order_id": "de956f3f-9e5", "symbol": "NVDA", "side": "sell", "qty": 30, "price": 0.0, "status": "submitted", "metadata": {"order_type": "market", "strategy": "backtest_close"}, "ts": "2026-06-21T16:07:09.017338+00:00", "session_id": "d5ca3630", "level": "INFO"}
{"event": "fill", "order_id": "de956f3f-9e5", "fill_price": 123.2502775452322, "fill_qty": 30, "slippage_bps": 7.0089, "metadata": {"symbol": "NVDA", "side": "sell", "commission": 0.15, "strategy": "backtest_close"}, "ts": "2026-06-21T16:07:09.017848+00:00", "session_id": "d5ca3630", "level": "INFO"}
==============================================================
  ATNN QUANT POWERHOUSE — BACKTEST PERFORMANCE REPORT
==============================================================
  Period      : 2024-01-02 05:00:00+00:00  →  2024-06-28 04:00:00+00:00
  Total bars  : 124

  ── RETURNS ────────────────────────────────────────────
  Total Return   : +6.88%
  Annual Return  : +14.61%
  Volatility     : +9.82%

  ── RISK-ADJUSTED ───────────────────────────────────────
  Sharpe Ratio   : 0.93
  Sortino Ratio  : 0.88
  Calmar Ratio   : 2.79

  ── DRAWDOWN ────────────────────────────────────────────
  Max Drawdown   : -5.24%
  DD Duration    : 21 trading days

  ── TRADE STATISTICS ────────────────────────────────────
  Total Trades   : 77
  Win Rate       : +61.04%
  Profit Factor  : 1.92
  Avg Win ($)    : 305.79
  Avg Loss ($)   : -249.78
  Win/Loss Ratio : 1.22
  Avg Hold (days): 24.54
  Turnover (ann) : +933.76%

  ── DISTRIBUTION ────────────────────────────────────────
  Skewness       : -0.59
  Kurtosis       : 1.11
  VaR (95%)      : -0.87%
  CVaR (95%)     : -1.36%
==============================================================

  Quick summary: trades=77 | win=61.0% | Sharpe=0.93 | MaxDD=-5.2%


  Runtime: 48.2s

