{
  "v22_refined_metrics": {
    "out_of_sample": {
      "name": "Out-of-Sample",
      "cagr": 0.3883074361806913,
      "sharpe": 1.1365483629263486,
      "sortino": 1.665647505462031,
      "max_drawdown": -0.20346407361639296,
      "calmar": 1.908481577503448,
      "win_rate": 0.5410628019323671,
      "profit_factor": 1.2389869123465156,
      "annual_vol": 0.3382282990674653,
      "trading_days": 207
    },
    "in_sample": {
      "name": "In-Sample",
      "cagr": 0.05637051928077841,
      "sharpe": 0.3370594460861385,
      "sortino": 0.555409023930429,
      "max_drawdown": -0.18736786157174842,
      "calmar": 0.300854793388313,
      "win_rate": 0.5172413793103449,
      "profit_factor": 1.0624999518615807,
      "annual_vol": 0.2671477902922253,
      "trading_days": 310
    },
    "stress_test": {
      "name": "Stress_25bps",
      "cagr": 0.19310736945578322,
      "sharpe": 0.6881355199045373,
      "sortino": 1.0037297976845907,
      "max_drawdown": -0.2080421840869523,
      "calmar": 0.9282125656548241,
      "win_rate": 0.5265700483091788,
      "profit_factor": 1.1380260256585812,
      "annual_vol": 0.3385000982413203,
      "trading_days": 207
    }
  },
  "v21_baseline": {
    "cagr": 0.552,
    "sharpe": 1.54,
    "max_dd": -0.223,
    "win_rate": 0.551
  },
  "config": {
    "n_positions": 30,
    "holding_period": 4,
    "rsi_threshold": 35,
    "vol_threshold": 0.3,
    "drawdown_min": -0.12,
    "drawdown_max": -0.5,
    "use_regime_scaling": true,
    "bull_mult": 1.1,
    "bear_mult": 0.7,
    "use_correlation_filter": true,
    "max_correlation": 0.8,
    "dd_scale_threshold": -0.15,
    "dd_scale_factor": 0.5,
    "cost_bps": 10,
    "stress_cost_bps": 25
  },
  "config_changes": {
    "holding_period": "5 \u2192 4 (sensitivity finding)",
    "correlation_filter": "0.65 \u2192 0.80 (relaxed)",
    "regime_scaling": "Added light VIX-proxy scaling",
    "removed": [
      "multi-timeframe RSI",
      "trend filter",
      "sector limits"
    ]
  },
  "validation": {
    "oos_is_ratio": 3.371952265761137,
    "sensitivity_max_degradation": 31.167312031936138,
    "cost_stress_degradation": 50.2694639703154,
    "all_checks_pass": false
  },
  "sensitivity_analysis": [
    {
      "name": "holding_period=3",
      "cagr": 0.3285036340979588,
      "sharpe": 0.9687467618806397,
      "sortino": 1.3608612839845189,
      "max_drawdown": -0.20442663546556228,
      "calmar": 1.6069512338733303,
      "win_rate": 0.5314009661835749,
      "profit_factor": 1.2124156733432887,
      "annual_vol": 0.35804999809250737,
      "trading_days": 207,
      "param": "holding_period",
      "value": 3,
      "is_base": false
    },
    {
      "name": "holding_period=4",
      "cagr": 0.3883074361806913,
      "sharpe": 1.1365483629263486,
      "sortino": 1.665647505462031,
      "max_drawdown": -0.20346407361639296,
      "calmar": 1.908481577503448,
      "win_rate": 0.5410628019323671,
      "profit_factor": 1.2389869123465156,
      "annual_vol": 0.3382282990674653,
      "trading_days": 207,
      "param": "holding_period",
      "value": 4,
      "is_base": true
    },
    {
      "name": "holding_period=5",
      "cagr": 0.5069483461920989,
      "sharpe": 1.4485729301628516,
      "sortino": 2.097746311467988,
      "max_drawdown": -0.22305489861035122,
      "calmar": 2.2727514587235036,
      "win_rate": 0.5314009661835749,
      "profit_factor": 1.2985057279017924,
      "annual_vol": 0.3177851177468545,
      "trading_days": 207,
      "param": "holding_period",
      "value": 5,
      "is_base": false
    },
    {
      "name": "n_positions=25",
      "cagr": 0.3389226275076622,
      "sharpe": 1.010057087761191,
      "sortino": 1.4542120527067635,
      "max_drawdown": -0.21229262702212492,
      "calmar": 1.5964879810561676,
      "win_rate": 0.5603864734299517,
      "profit_factor": 1.214849905520409,
      "annual_vol": 0.3476821796544027,
      "trading_days": 207,
      "param": "n_positions",
      "value": 25,
      "is_base": false
    },
    {
      "name": "n_positions=30",
      "cagr": 0.3883074361806913,
      "sharpe": 1.1365483629263486,
      "sortino": 1.665647505462031,
      "max_drawdown": -0.20346407361639296,
      "calmar": 1.908481577503448,
      "win_rate": 0.5410628019323671,
      "profit_factor": 1.2389869123465156,
      "annual_vol": 0.3382282990674653,
      "trading_days": 207,
      "param": "n_positions",
      "value": 30,
      "is_base": true
    },
    {
      "name": "n_positions=35",
      "cagr": 0.3791616659134047,
      "sharpe": 1.118473554932248,
      "sortino": 1.6014517647430013,
      "max_drawdown": -0.21727617885183448,
      "calmar": 1.7450678114694,
      "win_rate": 0.5362318840579711,
      "profit_factor": 1.2375173356383555,
      "annual_vol": 0.33757906532591125,
      "trading_days": 207,
      "param": "n_positions",
      "value": 35,
      "is_base": false
    },
    {
      "name": "rsi_threshold=30",
      "cagr": 0.22821392025448795,
      "sharpe": 0.7823167882592316,
      "sortino": 1.132886912823931,
      "max_drawdown": -0.21394297613355587,
      "calmar": 1.0667044292775627,
      "win_rate": 0.5362318840579711,
      "profit_factor": 1.1630248665895344,
      "annual_vol": 0.3316497333595037,
      "trading_days": 207,
      "param": "rsi_threshold",
      "value": 30,
      "is_base": false
    },
    {
      "name": "rsi_threshold=35",
      "cagr": 0.3883074361806913,
      "sharpe": 1.1365483629263486,
      "sortino": 1.665647505462031,
      "max_drawdown": -0.20346407361639296,
      "calmar": 1.908481577503448,
      "win_rate": 0.5410628019323671,
      "profit_factor": 1.2389869123465156,
      "annual_vol": 0.3382282990674653,
      "trading_days": 207,
      "param": "rsi_threshold",
      "value": 35,
      "is_base": true
    },
    {
      "name": "rsi_threshold=40",
      "cagr": 0.3542081364610292,
      "sharpe": 1.0449679092938535,
      "sortino": 1.575181331535718,
      "max_drawdown": -0.20072906058935755,
      "calmar": 1.7646081510123353,
      "win_rate": 0.5410628019323671,
      "profit_factor": 1.2207094336372815,
      "annual_vol": 0.34642850290941285,
      "trading_days": 207,
      "param": "rsi_threshold",
      "value": 40,
      "is_base": false
    }
  ],
  "timestamp": "2026-01-22T23:04:23.846049"
}