{
  "v22_metrics": {
    "out_of_sample": {
      "name": "Out-of-Sample",
      "cagr": 0.2322431279239603,
      "sharpe": 0.8408848528890989,
      "sortino": 1.333162669945699,
      "max_drawdown": -0.31504272629542235,
      "calmar": 0.737179780834492,
      "win_rate": 0.544973544973545,
      "profit_factor": 1.1630147598839058,
      "annual_vol": 0.3017882757776056,
      "total_return": 0.3678693149140715,
      "trading_days": 378,
      "max_month_contribution": 0.6515661130799272
    },
    "in_sample": {
      "name": "In-Sample",
      "cagr": 0.207499631174618,
      "sharpe": 0.78206963885791,
      "sortino": 1.2433953967236948,
      "max_drawdown": -0.4102885148716492,
      "calmar": 0.5057407742440225,
      "win_rate": 0.5323159784560144,
      "profit_factor": 1.1530186555568418,
      "annual_vol": 0.29663583847195985,
      "total_return": 1.3361005435568178,
      "trading_days": 1134,
      "max_month_contribution": 1.1623756973405879
    },
    "full_period": {
      "name": "Full Period",
      "cagr": 0.22865452666673458,
      "sharpe": 0.8869023140616578,
      "sortino": 1.3765193763041244,
      "max_drawdown": -0.3150427262954227,
      "calmar": 0.7257889409334277,
      "win_rate": 0.5372233400402414,
      "profit_factor": 1.1741639992322654,
      "annual_vol": 0.2740563295376965,
      "total_return": 0.5257135785026683,
      "trading_days": 517,
      "max_month_contribution": 0.6235935314845339
    },
    "stress_test": {
      "name": "Stress_25bps",
      "cagr": 0.07760547389963102,
      "sharpe": 0.3964117680167343,
      "sortino": 0.6316865693293613,
      "max_drawdown": -0.3448627456880853,
      "calmar": 0.22503292938989153,
      "win_rate": 0.5291005291005291,
      "profit_factor": 1.0737265612251357,
      "annual_vol": 0.3017151757877815,
      "total_return": 0.11863829628122291,
      "trading_days": 378,
      "max_month_contribution": 1.8530068431670044
    }
  },
  "v21_baseline": {
    "cagr": 0.552,
    "sharpe": 1.54,
    "max_dd": -0.223,
    "win_rate": 0.551
  },
  "config": {
    "n_positions": 30,
    "holding_period": 5,
    "max_holding_days": 7,
    "rsi_threshold": 35,
    "vol_threshold": 0.3,
    "drawdown_min": -0.12,
    "drawdown_max": -0.5,
    "rsi_20d_min": 25,
    "use_trend_filter": true,
    "volume_weight_min": 0.5,
    "volume_weight_max": 2.0,
    "base_position_pct": 0.033,
    "kelly_fraction": 0.5,
    "target_vol": 0.25,
    "bull_multiplier": 1.2,
    "neutral_multiplier": 1.0,
    "bear_multiplier": 0.6,
    "dd_reduce_threshold": -0.1,
    "dd_pause_threshold": -0.15,
    "dd_size_reduction": 0.5,
    "tier1_target": 0.03,
    "tier1_close_pct": 0.33,
    "tier2_target": 0.06,
    "tier2_close_pct": 0.33,
    "atr_trail_mult": 1.5,
    "initial_stop": -0.08,
    "max_correlation": 0.65,
    "max_sector_positions": 4,
    "max_sector_weight": 0.25,
    "target_beta_low": 0.9,
    "target_beta_high": 1.1,
    "cost_bps": 10,
    "stress_cost_bps": 25
  },
  "sensitivity_analysis": [
    {
      "name": "rsi_threshold=28",
      "cagr": 0.18701321821199435,
      "sharpe": 0.712657996469575,
      "sortino": 1.1094002598232933,
      "max_drawdown": -0.32790639336671873,
      "calmar": 0.5703250134645758,
      "win_rate": 0.5317460317460317,
      "profit_factor": 1.1379666109085065,
      "annual_vol": 0.3048103977501427,
      "total_return": 0.2932525181784844,
      "trading_days": 378,
      "max_month_contribution": 0.6961636457808708,
      "param": "rsi_threshold",
      "value": 28,
      "is_base": false
    },
    {
      "name": "rsi_threshold=35",
      "cagr": 0.2322431279239603,
      "sharpe": 0.8408848528890989,
      "sortino": 1.333162669945699,
      "max_drawdown": -0.31504272629542235,
      "calmar": 0.737179780834492,
      "win_rate": 0.544973544973545,
      "profit_factor": 1.1630147598839058,
      "annual_vol": 0.3017882757776056,
      "total_return": 0.3678693149140715,
      "trading_days": 378,
      "max_month_contribution": 0.6515661130799272,
      "param": "rsi_threshold",
      "value": 35,
      "is_base": true
    },
    {
      "name": "rsi_threshold=42",
      "cagr": 0.1788642455143996,
      "sharpe": 0.698835845372252,
      "sortino": 1.09961742037863,
      "max_drawdown": -0.3170132618575759,
      "calmar": 0.5642169178233234,
      "win_rate": 0.5343915343915344,
      "profit_factor": 1.1329300192216325,
      "annual_vol": 0.29826100715538056,
      "total_return": 0.27995792558939514,
      "trading_days": 378,
      "max_month_contribution": 0.8925420079311267,
      "param": "rsi_threshold",
      "value": 42,
      "is_base": false
    },
    {
      "name": "holding_period=4",
      "cagr": 0.36326085167492894,
      "sharpe": 1.141086533218961,
      "sortino": 1.7881140626845504,
      "max_drawdown": -0.27292819714552125,
      "calmar": 1.3309758957636892,
      "win_rate": 0.5423280423280423,
      "profit_factor": 1.2408214432922118,
      "annual_vol": 0.3139780662863833,
      "total_return": 0.5917264940038718,
      "trading_days": 378,
      "max_month_contribution": 0.2971279991124994,
      "param": "holding_period",
      "value": 4,
      "is_base": false
    },
    {
      "name": "holding_period=5",
      "cagr": 0.2322431279239603,
      "sharpe": 0.8408848528890989,
      "sortino": 1.333162669945699,
      "max_drawdown": -0.31504272629542235,
      "calmar": 0.737179780834492,
      "win_rate": 0.544973544973545,
      "profit_factor": 1.1630147598839058,
      "annual_vol": 0.3017882757776056,
      "total_return": 0.3678693149140715,
      "trading_days": 378,
      "max_month_contribution": 0.6515661130799272,
      "param": "holding_period",
      "value": 5,
      "is_base": true
    },
    {
      "name": "holding_period=6",
      "cagr": 0.23657611753851482,
      "sharpe": 0.8461367382542846,
      "sortino": 1.21924409746278,
      "max_drawdown": -0.3332103926224445,
      "calmar": 0.7099902127199722,
      "win_rate": 0.5396825396825397,
      "profit_factor": 1.1679510795211188,
      "annual_vol": 0.3056917045429427,
      "total_return": 0.37509050040210634,
      "trading_days": 378,
      "max_month_contribution": 0.5279050167411576,
      "param": "holding_period",
      "value": 6,
      "is_base": false
    },
    {
      "name": "n_positions=24",
      "cagr": 0.20756819552613148,
      "sharpe": 0.7564037081863019,
      "sortino": 1.2348162347785006,
      "max_drawdown": -0.32220323612752994,
      "calmar": 0.6442151172062553,
      "win_rate": 0.5343915343915344,
      "profit_factor": 1.1470878888259395,
      "annual_vol": 0.3129402412267947,
      "total_return": 0.3269895393187989,
      "trading_days": 378,
      "max_month_contribution": 0.7097428017952405,
      "param": "n_positions",
      "value": 24,
      "is_base": false
    },
    {
      "name": "n_positions=30",
      "cagr": 0.2322431279239603,
      "sharpe": 0.8408848528890989,
      "sortino": 1.333162669945699,
      "max_drawdown": -0.31504272629542235,
      "calmar": 0.737179780834492,
      "win_rate": 0.544973544973545,
      "profit_factor": 1.1630147598839058,
      "annual_vol": 0.3017882757776056,
      "total_return": 0.3678693149140715,
      "trading_days": 378,
      "max_month_contribution": 0.6515661130799272,
      "param": "n_positions",
      "value": 30,
      "is_base": true
    },
    {
      "name": "n_positions=36",
      "cagr": 0.16838357545989968,
      "sharpe": 0.6675788279472514,
      "sortino": 1.05003744754195,
      "max_drawdown": -0.32255488775385777,
      "calmar": 0.5220307670190801,
      "win_rate": 0.5396825396825397,
      "profit_factor": 1.1267277860932996,
      "annual_vol": 0.2993561353970608,
      "total_return": 0.2629267580287631,
      "trading_days": 378,
      "max_month_contribution": 0.8026321802732619,
      "param": "n_positions",
      "value": 36,
      "is_base": false
    },
    {
      "name": "vol_threshold=0.24",