{
  "version": "V8.0",
  "strategy": "Enhanced Dual Momentum with Adaptive Position Sizing",
  "decision": "NO-GO - REVERT TO V3.0",
  "action": "Keep V3.0 as production, V8.0 does not improve",
  "metrics": {
    "sharpe": 0.5487638842597264,
    "total_return": 0.3611954365672121,
    "ann_return": 0.06320035281189962,
    "max_dd": -0.19268822802918173,
    "p_value": 0.2187468676315977
  },
  "targets": {
    "sharpe_pass": false,
    "cagr_pass": false,
    "dd_pass": false,
    "p_pass": false,
    "beat_v30": false
  },
  "regime_analysis": {
    "BULL_LOW_VOL": {
      "days": 796,
      "pct_days": 62.72655634357762,
      "sharpe": 1.8231411108453766,
      "total_return": 0.968256611441999,
      "max_dd": -0.07964799182610686,
      "win_rate": 0.5791457286432161
    },
    "BULL_HIGH_VOL": {
      "days": 83,
      "pct_days": 6.540583136327817,
      "sharpe": 3.927120171957848,
      "total_return": 0.11272469177665023,
      "max_dd": -0.02028035183887939,
      "win_rate": 0.6265060240963856
    },
    "BEAR_LOW_VOL": {
      "days": 241,
      "pct_days": 18.991331757289203,
      "sharpe": -2.8533253351462893,
      "total_return": -0.36932094263041615,
      "max_dd": -0.3890524387137117,
      "win_rate": 0.4979253112033195
    },
    "BEAR_HIGH_VOL": {
      "days": 149,
      "pct_days": 11.741528762805359,
      "sharpe": -0.11863123409446012,
      "total_return": -0.014531764285063087,
      "max_dd": -0.1040882719458176,
      "win_rate": 0.4899328859060403
    }
  },
  "recommendation": "V3.0 remains best strategy. V8.0 too conservative."
}