{
  "timestamp": "2026-01-23T17:21:37.443776",
  "phase": 1,
  "static_sharpe": 0.7712214312502088,
  "adaptive_sharpe": 0.8115995928987593,
  "improvement": 0.04037816164855046,
  "target": 0.8,
  "passed": true
}