{
  "phase": "4B",
  "final_value": 162780.4781469132,
  "total_return": 62.78047814691321,
  "cagr": 10.230833431748065,
  "max_drawdown": 26.64664729593807,
  "sharpe": 0.5468938611657904,
  "spy_cagr": 14.251379948696918,
  "beats_spy": false
}