{
  "total_return": 0.7019679984263208,
  "cagr": 0.1424905971458834,
  "sharpe_ratio": 0.9257114107243445,
  "max_drawdown": -0.1970775761983373,
  "volatility": 0.15748753591914333,
  "win_rate": 0.5435435435435435,
  "total_trades": 666,
  "total_costs": 5965.641062671741,
  "defensive_allocation_avg": 0.32202991319702695,
  "max_sector_weight": 0.25,
  "sector_weights_avg": {
    "XLU": 0.10734330439900895,
    "XLP": 0.10734330439900895,
    "XLV": 0.10734330439900895,
    "XLK": 0.23816355810616932,
    "XLF": 0.15060675710042556,
    "XLI": 0.10040450473361703,
    "XLE": 0.05611243600140112,
    "XLY": 0.07908715325595117,
    "XLRE": 0.052983882189795724
  },
  "regime_distribution": {
    "bull": 0.7317073170731707,
    "neutral": 0.0,
    "bear": 0.2682926829268293
  },
  "monthly_returns": [
    0.0008350567050552371,
    0.04216715344339472,
    0.022089667550255987,
    -0.0410291484144677,
    0.03543577712429746,
    0.010873123015501696,
    0.02911462496089734,
    0.031019597713829894,
    0.021312044456908152,
    -0.015591384183282209,
    0.05801192109891251,
    -0.05062103375949689
  ],
  "targets": {
    "sharpe_pass": false,
    "maxdd_pass": true,
    "cagr_pass": false,
    "defensive_pass": true,
    "sector_cap_pass": true
  }
}