{
  "total_return": -0.15947071408887814,
  "cagr": -0.12786167938944937,
  "annual_volatility": 0.09808848251877145,
  "sharpe": -1.3453550709877544,
  "sortino": -1.6867607936228637,
  "max_drawdown": -0.2105785662130425,
  "calmar": -0.6071922783446612,
  "win_rate": 0.3625,
  "trading_days": 320,
  "years": 1.2698412698412698,
  "total_trades": 2856,
  "total_commission": 3410.952932827984,
  "total_slippage": 3439.9099685960527,
  "total_costs": 6850.862901424037,
  "cost_drag": 0.006850862901424037,
  "annualized_turnover": 2.75201685768972,
  "is_realistic": "True",
  "regime": 2,
  "regime_name": "LowVolMeanRevert",
  "strategy": "v17_stat_arb",
  "n_symbols": 100,
  "n_factors": 50,
  "timestamp": "2026-01-22T18:28:59.795676"
}