{
  "timestamp": "2026-01-23T16:22:04.045681",
  "strategy": "V24_LowBeta_V5",
  "v24": {
    "name": "V24",
    "cagr": 0.08109847491740152,
    "vol": 0.16797595945379498,
    "sharpe": 0.5482450866445945,
    "max_dd": -0.20838560030690245
  },
  "v21": {
    "name": "V21",
    "cagr": 0.15077970926679196,
    "vol": 0.24227102121768024,
    "sharpe": 0.7006074724158202,
    "max_dd": -0.2720675106562137
  },
  "correlation": 0.2768299076971306,
  "combined": {
    "name": "Combined",
    "cagr": 0.12277452393037791,
    "vol": 0.16883767503864433,
    "sharpe": 0.7703771820302583,
    "max_dd": -0.21823326622812467
  },
  "passed_correlation": true,
  "passed_returns": true
}