{
  "version": "V7.0",
  "strategy": "Ultra-Optimized Weekly Momentum",
  "decision": "NO-GO - ABANDON LEVERAGED APPROACH",
  "action": "Revert to V3.0 non-leveraged momentum",
  "metrics": {
    "sharpe": 0.7021664526652391,
    "total_return": 0.324237827832188,
    "ann_return": 0.19841500015380586,
    "max_dd": -0.3759205260174825,
    "p_value": 0.3829180583276998
  },
  "targets": {
    "sharpe_pass": false,
    "cagr_pass": true,
    "dd_pass": false,
    "p_pass": false,
    "beat_v30": false
  },
  "regime_analysis": {
    "BULL_LOW_VOL": {
      "days": 274,
      "pct_days": 69.89795918367348,
      "sharpe": 2.3653428948719264,
      "total_return": 1.3303316453548124,
      "max_dd": -0.17712617337649428,
      "win_rate": 0.6058394160583942
    },
    "BULL_HIGH_VOL": {
      "days": 21,
      "pct_days": 5.357142857142857,
      "sharpe": 4.810360861562593,
      "total_return": 0.07694549678073415,
      "max_dd": -0.018277081068686456,
      "win_rate": 0.8571428571428571
    },
    "BEAR_LOW_VOL": {
      "days": 66,
      "pct_days": 16.83673469387755,
      "sharpe": -4.398580273010923,
      "total_return": -0.5257336946003509,
      "max_dd": -0.616178852655422,
      "win_rate": 0.5303030303030303
    },
    "BEAR_HIGH_VOL": {
      "days": 31,
      "pct_days": 7.908163265306123,
      "sharpe": 4.993903841291338,
      "total_return": 0.1125825939807843,
      "max_dd": 0.0,
      "win_rate": 1.0
    }
  },
  "recommendation": "Abandon leveraged approach. V3.0 remains best strategy."
}